Country,ISO3,Year,Consumption_Emissions,Production_Emissions,GDP_per_capita,Trade_Openness,Population,annex_b,first_treat,post,rel_year,first_treat_2008,post_2008,rel_year_2008,country_id
Albania,ALB,1990,5.5734641889832215,5.520602001740345,5560.8339349099,39.4369634031142,3277966,0,0,0,,0,0,,0
Albania,ALB,1991,4.6160821889358425,4.29022550677219,4027.88880714791,36.0705200632829,3282602,0,0,0,,0,0,,0
Albania,ALB,1992,2.924930874366447,2.5171160628742144,3761.13980833495,108.785472241159,3282501,0,0,0,,0,0,,0
Albania,ALB,1993,2.674814783690307,2.3379987153226534,4145.90250530525,80.518332770413,3277825,0,0,0,,0,0,,0
Albania,ALB,1994,2.365347759810711,1.9238060704853042,4517.78007862677,53.1025847356112,3269410,0,0,0,,0,0,,0
Albania,ALB,1995,2.5231270881059036,2.089064909430572,5151.37596211047,40.1386989518314,3258567,0,0,0,,0,0,,0
Albania,ALB,1996,2.894911229248121,2.0175079230588895,5563.77007788975,44.4117820054663,3245678,0,0,0,,0,0,,0
Albania,ALB,1997,2.1921586382532694,1.5430092231752464,4942.98350018006,44.7293780649181,3229660,0,0,0,,0,0,,0
Albania,ALB,1998,2.4331919931673736,1.7547091222958624,5387.54588745977,47.1306266993222,3210133,0,0,0,,0,0,,0
Albania,ALB,1999,3.7078821666281327,2.986195816583385,6085.98339706701,49.8954184095195,3188595,0,0,0,,0,0,,0
Albania,ALB,2000,3.959970978393019,3.024925933560994,6581.98909242849,61.6092610436407,3166148,0,0,0,,0,0,,0
Albania,ALB,2001,4.436778942978093,3.220656,7232.96055449664,64.2474462587009,3147943,0,0,0,,0,0,,0
Albania,ALB,2002,4.9219428972559705,3.7482719999999996,7590.45852377781,65.9914650336802,3134092,0,0,0,,0,0,,0
Albania,ALB,2003,5.944252978966628,4.303499455722461,8025.2480324802,64.8232150960777,3118088,0,0,0,,0,0,,0
Albania,ALB,2004,5.528935593958553,4.176684408925949,8483.25881549279,65.0379383187697,3098657,0,0,0,,0,0,,0
Albania,ALB,2005,5.852740466857632,4.261413036675839,8964.28082219496,69.1162926602322,3076159,0,0,1,,0,0,,0
Albania,ALB,2006,5.833767822779645,3.910714979393797,9563.98954154527,72.2019089483674,3050809,0,0,1,,0,0,,0
Albania,ALB,2007,6.057970090391954,4.003596832073245,10262.9242359026,79.9119008919954,3022887,0,0,1,,0,0,,0
Albania,ALB,2008,6.627027252028998,4.448339108292236,11056.3059173381,75.2485472798728,2992930,0,0,1,,0,1,,0
Albania,ALB,2009,6.741738115237535,4.369911999999994,11430.5746310655,73.3213575646169,2961479,0,0,1,,0,1,,0
Albania,ALB,2010,6.579689059076886,4.816840999999998,11829.0042369631,75.5325329687378,2928722,0,0,1,,0,1,,0
Albania,ALB,2011,6.984198019560799,5.175443999999984,12153.0636591785,80.6989985298954,2911504,0,0,1,,0,1,,0
Albania,ALB,2012,6.570734359346085,4.930005933590718,12463.518369846,76.9683583166821,2910004,0,0,1,,0,1,,0
Albania,ALB,2013,6.5158332523689095,5.346089426793191,12873.4298184073,75.7506185619748,2907573,0,0,1,,0,1,,0
Albania,ALB,2014,6.501181782066514,6.0724888990894375,13366.5040948145,75.0212023084129,2903749,0,0,1,,0,1,,0
Albania,ALB,2015,5.894038944239288,4.712144046696778,13876.7616296598,71.2794476606014,2898632,0,0,1,,0,1,,0
Albania,ALB,2016,5.848700399982108,4.55503491230409,14643.4285614716,74.0144504546815,2897867,0,0,1,,0,1,,0
Albania,ALB,2017,6.103176580811284,5.343791545219363,15359.3974577025,76.7873817898989,2898242,0,0,1,,0,1,,0
Albania,ALB,2018,6.263837673505964,5.194860121584494,16170.9234325287,75.6940783717425,2894231,0,0,1,,0,1,,0
Albania,ALB,2019,6.020745738444815,4.940527745817278,16761.1230178682,75.382128932689,2885010,0,0,1,,0,1,,0
Albania,ALB,2020,5.973400369126795,4.865033413540554,16457.7189744991,59.5206994391875,2871954,0,0,1,,0,1,,0
Albania,ALB,2021,6.198050094430104,5.137011482142873,18212.794718288,75.5904040905009,2849635,0,0,1,,0,1,,0
Albania,ALB,2022,5.686356488122481,4.498282283041704,19388.7927279351,84.6980435944865,2827608,0,0,1,,0,1,,0
Albania,ALB,2023,5.3820117468169535,4.417332818797734,20501.6470726741,82.3524933990723,2811655,0,0,1,,0,1,,0
United Arab Emirates,ARE,1990,55.089922156437524,51.90793580012814,111376.984373425,,1898220,0,0,0,,0,0,,1
United Arab Emirates,ARE,1991,60.44662721350229,56.89557497705567,106266.157625225,,2006626,0,0,0,,0,0,,1
United Arab Emirates,ARE,1992,62.75582294999754,58.00521327608263,104207.059133554,,2114730,0,0,0,,0,0,,1
United Arab Emirates,ARE,1993,68.02582375940673,65.83213740037175,100422.832470477,,2222093,0,0,0,,0,0,,1
United Arab Emirates,ARE,1994,78.15615309973226,75.35041881458868,102456.239942581,,2328188,0,0,0,,0,0,,1
United Arab Emirates,ARE,1995,78.1920028514234,72.87375100045175,104527.848240577,,2434662,0,0,0,,0,0,,1
United Arab Emirates,ARE,1996,79.7122614284821,75.8361200259484,103653.542710104,,2597564,0,0,0,,0,0,,1
United Arab Emirates,ARE,1997,83.35906238914848,73.2975149315018,103392.379457138,,2817410,0,0,0,,0,0,,1
United Arab Emirates,ARE,1998,97.40823536973082,80.62451763174629,96088.6587271972,,3040421,0,0,0,,0,0,,1
United Arab Emirates,ARE,1999,102.12070663590579,77.84406219717044,92047.6104655985,,3266009,0,0,0,,0,0,,1
United Arab Emirates,ARE,2000,85.74759904332475,112.27680834958866,95390.8328858321,,3493575,0,0,0,,0,0,,1
United Arab Emirates,ARE,2001,89.70982648961083,101.89553794518396,90750.3257926454,89.8645875613427,3723590,0,0,0,,0,0,,1
United Arab Emirates,ARE,2002,88.59475445957725,85.21303179803535,87479.1545350862,93.0717523974279,3956826,0,0,0,,0,0,,1
United Arab Emirates,ARE,2003,125.08268356863279,107.10583569831397,89828.493399274,102.300072318295,4192457,0,0,0,,0,0,,1
United Arab Emirates,ARE,2004,133.5383336417176,112.46860394713931,93166.1568863784,116.622707480689,4428967,0,0,0,,0,0,,1
United Arab Emirates,ARE,2005,148.08464291988372,115.27328837174427,92750.9226341994,119.55287164912,4664790,0,0,1,,0,0,,1
United Arab Emirates,ARE,2006,170.67258430783843,122.72318082093673,94872.5121329578,119.47067436604,5009100,0,0,1,,0,0,,1
United Arab Emirates,ARE,2007,189.20603753448358,134.10314705959038,87180.6001633546,136.798144727699,5624635,0,0,1,,0,0,,1
United Arab Emirates,ARE,2008,221.32448560978278,155.03038310445106,80285.1613062103,148.513544024487,6302664,0,0,1,,0,1,,1
United Arab Emirates,ARE,2009,213.09496490813996,169.08811643066045,71488.9696792101,153.461944358762,6707058,0,0,1,,0,1,,1
United Arab Emirates,ARE,2010,216.54310077822797,185.84840786560568,70913.7569272495,135.485740301669,6938363,0,0,1,,0,1,,1
United Arab Emirates,ARE,2011,231.97924650037243,198.51819274578585,73190.4056300014,144.176829734392,7199423,0,0,1,,0,1,,1
United Arab Emirates,ARE,2012,241.16182126372883,208.3235648624234,73644.0549928884,156.637656972961,7497118,0,0,1,,0,1,,1
United Arab Emirates,ARE,2013,258.60049690801554,214.18806549048028,74237.2038000319,157.398122639247,7831847,0,0,1,,0,1,,1
United Arab Emirates,ARE,2014,258.77232477746827,214.5303360027216,74145.1175448951,159.515630313713,8236874,0,0,1,,0,1,,1
United Arab Emirates,ARE,2015,261.44689435231027,225.04483007460902,75238.5571858454,164.286142899252,8674633,0,0,1,,0,1,,1
United Arab Emirates,ARE,2016,259.00457394229966,227.8977270123996,75671.036861385,165.394966240337,9030873,0,0,1,,0,1,,1
United Arab Emirates,ARE,2017,238.63981466879324,196.49283237129498,72529.0423512365,165.476523652994,9234327,0,0,1,,0,1,,1
United Arab Emirates,ARE,2018,247.25723186085122,204.10480283814562,72671.0787288764,154.747042166299,9346870,0,0,1,,0,1,,1
United Arab Emirates,ARE,2019,236.71568393309843,204.058075313784,72822.9466438922,163.822149025614,9377847,0,0,1,,0,1,,1
United Arab Emirates,ARE,2020,221.77866319289302,215.266166959174,66808.6209256028,181.291940227998,9448524,0,0,1,,0,1,,1
United Arab Emirates,ARE,2021,239.58547719483863,212.1729656481403,68580.1312912676,182.909401076776,9789048,0,0,1,,0,1,,1
United Arab Emirates,ARE,2022,252.6535095177747,207.1034109199321,70075.63837395,185.741660631894,10242086,0,0,1,,0,1,,1
United Arab Emirates,ARE,2023,248.06828276733273,210.42510953194977,70239.8328337228,199.044950127107,10642081,0,0,1,,0,1,,1
Argentina,ARG,1990,115.54294774443358,112.18829519692348,17007.2844317191,14.9908589999441,32755901,0,0,0,,0,0,,2
Argentina,ARG,1991,123.998148707401,117.72692774340491,18295.6091996812,13.7530541588891,33230294,0,0,0,,0,0,,2
Argentina,ARG,1992,131.4030850227879,121.51416828988634,19476.2840606477,14.730980586353,33693527,0,0,0,,0,0,,2
Argentina,ARG,1993,126.6002246666554,118.02097146061148,20791.3451479504,16.223151447784,34152717,0,0,0,,0,0,,2
Argentina,ARG,1994,127.08208869190739,118.50677091468376,21711.842788091,18.1343458669981,34613491,0,0,0,,0,0,,2
Argentina,ARG,1995,131.46153029064422,125.4154965232359,20819.4999479903,19.7714230903755,35070020,0,0,0,,0,0,,2
Argentina,ARG,1996,136.98489854466675,131.4455413140618,21695.5949515372,21.5064684057215,35513793,0,0,0,,0,0,,2
Argentina,ARG,1997,145.7699122183632,136.61699893933263,23172.1583398342,23.3361788437439,35947791,0,0,0,,0,0,,2
Argentina,ARG,1998,148.9414641909773,139.50528807795035,23783.1017185449,23.3500279730689,36372860,0,0,0,,0,0,,2
Argentina,ARG,1999,149.51493826429095,148.34456978349255,22714.5111302701,21.3827449624898,36794682,0,0,0,,0,0,,2
Argentina,ARG,2000,142.70908653075645,143.35480533619628,22281.3814299958,22.6224447777343,37213984,0,0,0,,0,0,,2
Argentina,ARG,2001,130.8163654091172,135.00396186488638,21066.4581290433,21.8522554515453,37624825,0,0,0,,0,0,,2
Argentina,ARG,2002,82.34316119617607,124.93011411218716,18571.7020471274,41.7527243585642,38029349,0,0,0,,0,0,,2
Argentina,ARG,2003,117.699942968693,134.42099237804015,20005.1385113465,40.6447480311085,38424282,0,0,0,,0,0,,2
Argentina,ARG,2004,139.92411539163234,157.23514919211615,21591.449396517,40.692646108947,38815916,0,0,0,,0,0,,2
Argentina,ARG,2005,147.473654926464,161.727950986069,23262.4075792816,40.5512709706238,39216789,0,0,1,,0,0,,2
Argentina,ARG,2006,155.71721109227502,174.3416515821337,24877.2493922296,40.4334798719151,39622115,0,0,1,,0,0,,2
Argentina,ARG,2007,161.21233309131674,173.76357771824178,26850.6645932771,40.945170618571,40016763,0,0,1,,0,0,,2
Argentina,ARG,2008,178.50847035341533,187.59553054577853,27658.4853446831,40.4026733790382,40424148,0,0,1,,0,1,,2
Argentina,ARG,2009,162.83636981761006,178.37845156458852,25747.1976809995,34.0571269054879,40854831,0,0,1,,0,1,,2
Argentina,ARG,2010,177.82155863795592,186.12129711246172,28056.2570212342,34.9710132635696,41288694,0,0,1,,0,1,,2
Argentina,ARG,2011,198.81449496600854,189.88382699515526,29425.7593876084,35.2061549999644,41730660,0,0,1,,0,1,,2
Argentina,ARG,2012,198.9909551582779,191.7145701085758,28825.9666865361,30.5265423717108,42161721,0,0,1,,0,1,,2
Argentina,ARG,2013,203.74947769823896,189.5248483794859,29227.6601818437,29.3339290021037,42582455,0,0,1,,0,1,,2
Argentina,ARG,2014,191.69233338164105,188.53918027941083,28200.8152571318,28.4067936452275,43024071,0,0,1,,0,1,,2
Argentina,ARG,2015,206.17234945687906,191.80878962663382,28669.2061336796,22.4862260889792,43477012,0,0,1,,0,1,,2
Argentina,ARG,2016,190.40848686589212,190.02049748847094,27802.1057201498,26.0938878488799,43900313,0,0,1,,0,1,,2
Argentina,ARG,2017,193.2517881934582,187.0680182443648,28334.904184742,25.2896011376779,44288894,0,0,1,,0,1,,2
Argentina,ARG,2018,183.69458910549014,182.48346044721333,27367.115094108,30.7625359549926,44654882,0,0,1,,0,1,,2
Argentina,ARG,2019,172.70424673493284,180.42766040857276,26629.5529419501,32.6306150458499,44973465,0,0,1,,0,1,,2
Argentina,ARG,2020,160.07285487652587,164.61272169320796,23877.0931404855,30.203698807416,45191965,0,0,1,,0,1,,2
Argentina,ARG,2021,182.2754738201423,190.19693543999315,26300.274261175,33.078689567466,45312281,0,0,1,,0,1,,2
Argentina,ARG,2022,183.84576437105412,183.76814261225533,27825.0273492567,31.5801792606256,45407904,0,0,1,,0,1,,2
Argentina,ARG,2023,185.66610545638656,178.407004260315,27230.3968496682,26.6769512482215,45538401,0,0,1,,0,1,,2
Armenia,ARM,1990,6.295214376429186,9.003209725911972,6137.60045786761,81.3357185450209,3552128,0,0,0,,0,0,,3
Armenia,ARM,1991,4.8483528151288375,7.382951995051818,5326.75285558236,100.865855188857,3613977,0,0,0,,0,0,,3
Armenia,ARM,1992,3.807052618409905,5.723697774972172,3136.72428260526,101.076759405526,3571861,0,0,0,,0,0,,3
Armenia,ARM,1993,1.8916969199604725,2.510247093500608,2958.88037185647,107.973146280234,3453332,0,0,0,,0,0,,3
Armenia,ARM,1994,1.8836344513016368,2.684702416455586,3200.89649468569,112.429364602262,3364610,0,0,0,,0,0,,3
Armenia,ARM,1995,2.772827740388429,3.362693952376163,3480.7559365251,86.1148570667578,3307581,0,0,0,,0,0,,3
Armenia,ARM,1996,2.989322927850858,2.5003121913061483,3717.33576522762,79.2295601199241,3278735,0,0,0,,0,0,,3
Armenia,ARM,1997,3.9360243441311145,3.252760901408536,3879.17938009678,78.5477450545048,3246289,0,0,0,,0,0,,3
Armenia,ARM,1998,4.538135442523021,3.4190941708291973,4211.51276778797,71.8424518815414,3208401,0,0,0,,0,0,,3
Armenia,ARM,1999,3.549909757055304,3.040203741007284,4406.96706718618,70.5604791440404,3167286,0,0,0,,0,0,,3
Armenia,ARM,2000,3.798666350521402,3.491407,4589.00825039977,72.2333302273367,3125628,0,0,0,,0,0,,3
Armenia,ARM,2001,4.00134958995136,3.5327009999999994,5044.11647826468,69.8642663925336,3084349,0,0,0,,0,0,,3
Armenia,ARM,2002,4.081119787916925,3.076793310679613,5731.35346609213,73.9845018432309,3055630,0,0,0,,0,0,,3
Armenia,ARM,2003,4.207718148172593,3.455559999999999,6569.26023440631,80.0513676022426,3038968,0,0,0,,0,0,,3
Armenia,ARM,2004,4.2408028552618555,3.6911969999999865,7299.40001858866,73.0706339919371,3022541,0,0,0,,0,0,,3
Armenia,ARM,2005,5.340115926389902,4.376168999999993,8362.90084037119,70.1397385835334,3006351,0,0,1,,0,0,,3
Armenia,ARM,2006,5.604269929956108,4.401589999999999,9525.23146779778,61.0301379818566,2990377,0,0,1,,0,0,,3
Armenia,ARM,2007,10.071408138040322,5.100209880410876,10898.8483795634,56.9750470853147,2974819,0,0,1,,0,0,,3
Armenia,ARM,2008,7.27387310523458,5.574790000000005,11727.4821272949,54.5423279613666,2959990,0,0,1,,0,1,,3
Armenia,ARM,2009,6.433340264650426,4.363499674576264,10143.2350796867,57.2742357441995,2945517,0,0,1,,0,1,,3
Armenia,ARM,2010,5.794525372676181,4.256413999999992,10438.5641904169,64.642975973633,2931078,0,0,1,,0,1,,3
Armenia,ARM,2011,5.6273815530538425,4.9688779999999975,10990.177099035,69.4355736620453,2923271,0,0,1,,0,1,,3
Armenia,ARM,2012,6.4826299326787975,5.748252000000017,11796.2741177994,75.9616759606704,2922528,0,0,1,,0,1,,3
Armenia,ARM,2013,5.88547379654651,5.5351268705566845,12194.0189523843,77.5550481598824,2922518,0,0,1,,0,1,,3
Armenia,ARM,2014,5.915938373129087,5.604112662260413,12667.3757330249,75.778866962639,2922422,0,0,1,,0,1,,3
Armenia,ARM,2015,6.073267898582978,5.469204194312812,13112.7600902915,71.6820743427575,2921177,0,0,1,,0,1,,3
Armenia,ARM,2016,6.017430250204128,5.206677410495846,13192.9940731731,76.0779674593548,2918793,0,0,1,,0,1,,3
Armenia,ARM,2017,6.406361199675577,5.536589364928923,14243.8749003795,87.202376539837,2914963,0,0,1,,0,1,,3
Armenia,ARM,2018,8.377454592031619,5.822121981042651,15037.0452420712,92.473107021212,2909965,0,0,1,,0,1,,3
Armenia,ARM,2019,8.169674723742464,6.284110232227482,16215.3607965094,97.847004865327,2903972,0,0,1,,0,1,,3
Armenia,ARM,2020,8.55002391602077,6.7951895688865935,15052.9359791136,70.1213571368789,2890892,0,0,1,,0,1,,3
Armenia,ARM,2021,9.271529246478801,7.350703886255926,15921.705281964,79.2489057647112,2870349,0,0,1,,0,1,,3
Armenia,ARM,2022,8.72472994371082,7.698772553773158,17886.1783877168,103.878629213508,2880874,0,0,1,,0,1,,3
Armenia,ARM,2023,7.673844899876691,7.43022792133548,19402.7510915578,123.418750077627,2943393,0,0,1,,0,1,,3
Australia,AUS,1990,244.68070209126253,278.0610157268913,36267.7410592234,32.1100283534983,17126298,1,2005,0,-15.0,2008,0,-18.0,4
Australia,AUS,1991,245.42587353670297,279.43737427744225,35670.6678637309,32.1456909693335,17353193,1,2005,0,-14.0,2008,0,-17.0,4
Australia,AUS,1992,248.06605188467935,284.4334564947281,35426.2848289008,32.9981716307874,17549288,1,2005,0,-13.0,2008,0,-16.0,4
Australia,AUS,1993,248.77681363842657,288.7804325192212,36533.1468283451,35.3502769485307,17722911,1,2005,0,-12.0,2008,0,-15.0,4
Australia,AUS,1994,257.94641016230133,293.6132936637665,37622.6524772939,36.4066117966299,17897433,1,2005,0,-11.0,2008,0,-14.0,4
Australia,AUS,1995,263.70142770876873,304.96229687542,38653.3366778657,37.646874037201,18095344,1,2005,0,-10.0,2008,0,-13.0,4
Australia,AUS,1996,269.73672733149135,311.8508875746042,39663.1617728168,38.1740208800895,18305307,1,2005,0,-9.0,2008,0,-12.0,4
Australia,AUS,1997,276.16344516183324,320.2425332221332,40773.5660516518,37.9217014956962,18504912,1,2005,0,-8.0,2008,0,-11.0,4
Australia,AUS,1998,293.76153747535153,334.0377657014549,42257.1718122395,39.9240664596368,18701717,1,2005,0,-7.0,2008,0,-10.0,4
Australia,AUS,1999,300.47284933771783,343.8761865976245,43899.073794405,38.9602467102359,18909981,1,2005,0,-6.0,2008,0,-9.0,4
Australia,AUS,2000,292.05712385625833,349.8976553175125,45099.0752097084,40.8631257691954,19132471,1,2005,0,-5.0,2008,0,-8.0,4
Australia,AUS,2001,300.77069448267076,357.6677986149256,45428.2000837579,44.1337313971929,19365433,1,2005,0,-4.0,2008,0,-7.0,4
Australia,AUS,2002,320.941799587212,362.4249320066836,46688.3947760633,41.3813128146921,19595355,1,2005,0,-3.0,2008,0,-6.0,4
Australia,AUS,2003,342.50447326189357,370.7844118442244,47581.2285345879,40.1348011794482,19819454,1,2005,0,-2.0,2008,0,-5.0,4
Australia,AUS,2004,351.7109940548997,382.0048934989431,49061.2761503925,36.9505159618289,20046677,1,2005,0,-1.0,2008,0,-4.0,4
Australia,AUS,2005,351.7732229361021,385.0814989393033,49997.0664953941,39.0978822564811,20294490,1,2005,1,0.0,2008,0,-3.0,4
Australia,AUS,2006,364.11332854820205,391.3725288820142,50693.7248649798,41.4878923489153,20590559,1,2005,1,1.0,2008,0,-2.0,4
Australia,AUS,2007,376.2863844548199,398.8962770408446,51663.2403953881,41.9297451276561,20954549,1,2005,1,2.0,2008,0,-1.0,4
Australia,AUS,2008,372.4782440484334,404.27928593899213,52473.3819160773,42.7522207880308,21370589,1,2005,1,3.0,2008,1,0.0,4
Australia,AUS,2009,398.72568337058846,406.97709304106786,52407.9115378584,45.5936120867789,21783011,1,2005,1,4.0,2008,1,1.0,4
Australia,AUS,2010,399.2444231086563,405.0259441280576,52739.2681556133,40.3905070860606,22141581,1,2005,1,5.0,2008,1,2.0,4
Australia,AUS,2011,399.2353697931685,403.8743881008672,53257.0473237603,41.7219860149689,22479775,1,2005,1,6.0,2008,1,3.0,4
Australia,AUS,2012,413.16346819201317,405.0051263796716,54403.8836902433,43.0198495527558,22852644,1,2005,1,7.0,2008,1,4.0,4
Australia,AUS,2013,386.214917320696,397.8498809176778,54895.0052588984,41.100511881056,23236270,1,2005,1,8.0,2008,1,5.0,4
Australia,AUS,2014,384.50799446233935,392.6095922073817,55489.068844146,42.2993095385282,23595601,1,2005,1,9.0,2008,1,6.0,4
Australia,AUS,2015,387.22584896402276,400.58916117125136,55879.9958817103,41.4947506939901,23948002,1,2005,1,10.0,2008,1,7.0,4
Australia,AUS,2016,389.91308638556455,409.66635026301077,56529.951824687,40.813402217321,24329963,1,2005,1,11.0,2008,1,8.0,4
Australia,AUS,2017,396.0145953536833,413.40782683226246,56881.8569859104,42.0354135251854,24731038,1,2005,1,12.0,2008,1,9.0,4
Australia,AUS,2018,386.3808862477266,414.7805704876333,57647.8455068105,43.5732253645218,25119706,1,2005,1,13.0,2008,1,10.0,4
Australia,AUS,2019,383.646989635358,414.9253203946233,58048.6188420831,46.0016827052171,25482714,1,2005,1,14.0,2008,1,11.0,4
Australia,AUS,2020,374.3321172239383,398.54691450790006,57260.4650530108,44.499564103879,25743791,1,2005,1,15.0,2008,1,12.0,4
Australia,AUS,2021,363.1351059371684,388.4722969953802,58327.4146842325,40.2022359390595,25956417,1,2005,1,16.0,2008,1,13.0,4
Australia,AUS,2022,365.0796375223707,384.0784149919913,60029.1329190733,45.6946418805752,26200984,1,2005,1,17.0,2008,1,14.0,4
Australia,AUS,2023,372.15139960610657,384.31605616238056,60684.9596204883,49.044339318428,26451124,1,2005,1,18.0,2008,1,15.0,4
Austria,AUT,1990,88.64992743406088,62.191448192969986,43258.1144095785,71.769481946408,7679624,1,2005,0,-15.0,2008,0,-18.0,5
Austria,AUT,1991,90.43063288891913,65.79008661966486,44302.3593080223,70.3238566862819,7757140,1,2005,0,-14.0,2008,0,-17.0,5
Austria,AUT,1992,93.85001228608225,60.291069455564084,44734.7911157679,67.8961088248008,7842712,1,2005,0,-13.0,2008,0,-16.0,5
Austria,AUT,1993,88.79497550291426,60.71052897159205,44601.1442274518,63.5138270434354,7907495,1,2005,0,-12.0,2008,0,-15.0,5
Austria,AUT,1994,88.27569058192005,61.0801211803228,45497.074754296,66.246573910845,7938155,1,2005,0,-11.0,2008,0,-14.0,5
Austria,AUT,1995,92.13855361843238,64.06303329262292,46639.4667421613,68.5250057529972,7950322,1,2005,0,-10.0,2008,0,-13.0,5
Austria,AUT,1996,95.79910099258157,67.41031153851712,47608.5642962955,70.4693162982812,7960914,1,2005,0,-9.0,2008,0,-12.0,5
Austria,AUT,1997,93.38904206655131,67.30488570957324,48575.090714407,75.2444760305554,7969803,1,2005,0,-8.0,2008,0,-11.0,5
Austria,AUT,1998,96.69458922148159,66.93690225071995,50216.6282284105,77.3495216604118,7978466,1,2005,0,-7.0,2008,0,-10.0,5
Austria,AUT,1999,94.28918710194066,65.66769988261177,52004.459782806,78.5629329772961,7993892,1,2005,0,-6.0,2008,0,-9.0,5
Austria,AUT,2000,93.49670807081726,66.20402415322899,53534.2669894259,85.8426077336549,8012928,1,2005,0,-5.0,2008,0,-8.0,5
Austria,AUT,2001,97.95374509630243,70.19072748069827,54032.075746659,87.9962567186047,8042233,1,2005,0,-4.0,2008,0,-7.0,5
Austria,AUT,2002,96.33063465882012,71.98838000304205,54565.0004227482,87.5844937054619,8081636,1,2005,0,-3.0,2008,0,-6.0,5
Austria,AUT,2003,99.94484249516593,77.41192832476597,54919.7101911513,86.8822263228608,8122602,1,2005,0,-2.0,2008,0,-5.0,5
Austria,AUT,2004,103.47462062940974,77.71592064516666,55980.1531665622,91.4742201880009,8173491,1,2005,0,-1.0,2008,0,-4.0,5
Austria,AUT,2005,105.11644506660154,79.09547980407417,56890.1996184204,94.6747547827805,8229204,1,2005,1,0.0,2008,0,-3.0,5
Austria,AUT,2006,104.40227684069312,76.79620078052506,58460.1550504163,98.7857253161241,8269898,1,2005,1,1.0,2008,0,-2.0,5
Austria,AUT,2007,102.42320407619023,74.09216118741415,60470.825141587,101.36495843546,8296952,1,2005,1,2.0,2008,0,-1.0,5
Austria,AUT,2008,100.10021706084909,73.46647433049,61157.9014974191,102.7437043613,8323253,1,2005,1,3.0,2008,1,0.0,5
Austria,AUT,2009,91.21629047961088,67.3017613864639,58810.3596828696,87.6004931021953,8345066,1,2005,1,4.0,2008,1,1.0,5
Austria,AUT,2010,95.15589427251716,72.00025010237286,59730.4673903053,99.6448825546716,8365092,1,2005,1,5.0,2008,1,2.0,5
Austria,AUT,2011,97.3929728919269,69.89170635852255,61272.1724662899,105.775098372378,8393270,1,2005,1,6.0,2008,1,3.0,5
Austria,AUT,2012,92.1270649012518,67.26034507095055,61376.6345930428,105.840791389706,8431601,1,2005,1,7.0,2008,1,4.0,5
Austria,AUT,2013,91.16951407318335,67.75886669907804,60862.9693673785,104.985374015367,8481406,1,2005,1,8.0,2008,1,5.0,5
Austria,AUT,2014,91.98393262004913,64.1587388280652,60845.5743980711,104.49673998926,8547817,1,2005,1,9.0,2008,1,6.0,5
Austria,AUT,2015,87.15037940124975,66.35778389284324,60951.6037273662,103.11758174626,8644039,1,2005,1,10.0,2008,1,7.0,5
Austria,AUT,2016,88.7345870139448,67.2187376014626,61572.6257402404,101.573494597172,8737915,1,2005,1,11.0,2008,1,8.0,5
Austria,AUT,2017,88.61543346083572,69.60147829309471,62535.8105711345,105.556066755438,8798778,1,2005,1,12.0,2008,1,9.0,5
Austria,AUT,2018,88.47988646487877,66.56651421356369,63777.9362157476,108.377969971828,8841650,1,2005,1,13.0,2008,1,10.0,5
Austria,AUT,2019,86.61111502427622,67.95123454509252,64609.2836396895,108.207284904426,8880876,1,2005,1,14.0,2008,1,11.0,5
Austria,AUT,2020,78.8038011918265,62.17982656945016,60276.3307697326,99.9482141095975,8921405,1,2005,1,15.0,2008,1,12.0,5
Austria,AUT,2021,85.49886162133845,65.75134477266006,62968.8538770186,111.032932124165,8967057,1,2005,1,16.0,2008,1,13.0,5
Austria,AUT,2022,83.15553283176342,61.45413784281435,65694.4591501468,123.579578652902,9064677,1,2005,1,17.0,2008,1,14.0,5
Austria,AUT,2023,76.46855711229978,56.90895518420983,64536.2076307547,115.152914822732,9130429,1,2005,1,18.0,2008,1,15.0,5
Azerbaijan,AZE,1990,29.780081670903424,51.34471126419762,10776.0677018086,83.0832196452933,7231077,0,0,0,,0,0,,6
Azerbaijan,AZE,1991,23.376951707917282,50.07401640428894,10559.2119361527,86.8637724550898,7314308,0,0,0,,0,0,,6
Azerbaijan,AZE,1992,15.981711235594702,56.174400298890674,8050.21624195194,140.799983402834,7405780,0,0,0,,0,0,,6
Azerbaijan,AZE,1993,25.589599131751488,48.40609819614709,6097.48622316834,133.490445859873,7504115,0,0,0,,0,0,,6
Azerbaijan,AZE,1994,20.457408018032258,41.94485382285795,4830.69940287626,55.3493194555644,7608893,0,0,0,,0,0,,6
Azerbaijan,AZE,1995,23.75128381536763,33.30934984576762,4211.72114349636,85.8937107507733,7719282,0,0,0,,0,0,,6
Azerbaijan,AZE,1996,28.949708357878084,31.242308899124712,4223.5229711304,80.8497401741931,7830982,0,0,0,,0,0,,6
Azerbaijan,AZE,1997,26.147958190186063,29.842897202133045,4425.5882352872,82.0789665326283,7936221,0,0,0,,0,0,,6
Azerbaijan,AZE,1998,30.470311369773476,31.784873174125554,4822.1601856452,77.2278091030634,8025804,0,0,0,,0,0,,6
Azerbaijan,AZE,1999,25.915412218306987,28.821593574266213,5133.74812032569,69.8259648751026,8100471,0,0,0,,0,0,,6
Azerbaijan,AZE,2000,23.92227542863909,29.765311431999987,5656.92989378687,78.5485682796041,8174785,0,0,0,,0,0,,6
Azerbaijan,AZE,2001,23.57662772714665,28.415460963867858,6168.98512059749,78.8151854917601,8251771,0,0,0,,0,0,,6
Azerbaijan,AZE,2002,25.464173904526508,28.57033394604228,6701.08174444207,92.8181443298969,8326133,0,0,0,,0,0,,6
Azerbaijan,AZE,2003,33.54715017286855,30.487583734813484,7329.40601818943,107.551948506262,8400530,0,0,0,,0,0,,6
Azerbaijan,AZE,2004,38.0189346646191,32.25303905446482,7937.8594791002,121.507115894117,8489874,0,0,0,,0,0,,6
Azerbaijan,AZE,2005,35.600607779080356,34.19356193200001,10054.1003389401,115.841884607706,8597248,0,0,1,,0,0,,6
Azerbaijan,AZE,2006,37.46378142776883,34.521826049629915,13371.6585214534,105.262399846369,8711380,0,0,1,,0,0,,6
Azerbaijan,AZE,2007,31.378317487664845,30.036784698992623,16587.3657240228,96.6418081486575,8828311,0,0,1,,0,0,,6
Azerbaijan,AZE,2008,34.60627775380524,33.036512049950375,17963.0208126838,89.2428968637573,8942638,0,0,1,,0,1,,6
Azerbaijan,AZE,2009,33.116640031414576,29.102575703316997,19242.3900077231,74.7440416836369,9046336,0,0,1,,0,1,,6
Azerbaijan,AZE,2010,31.486031771869115,27.549051471999995,19925.3900662137,74.9859884610856,9146851,0,0,1,,0,1,,6
Azerbaijan,AZE,2011,33.44258452663626,30.21022895155261,19358.0778100345,80.5080450059522,9256150,0,0,1,,0,1,,6
Azerbaijan,AZE,2012,37.3267984657529,32.77006648270736,19523.3737161356,78.263069540422,9376181,0,0,1,,0,1,,6
Azerbaijan,AZE,2013,35.530031008728876,33.55888763978872,20398.6462250349,74.6758447629851,9504409,0,0,1,,0,1,,6
Azerbaijan,AZE,2014,36.81549391397648,34.344761426456785,20709.201611232,69.4832251953347,9631138,0,0,1,,0,1,,6
Azerbaijan,AZE,2015,36.98617272455116,34.68332566387058,20678.7539572375,72.6015079073189,9752850,0,0,1,,0,1,,6
Azerbaijan,AZE,2016,33.498297811033105,34.726967698087925,19822.4105943941,90.0773187345677,9868428,0,0,1,,0,1,,6
Azerbaijan,AZE,2017,33.010467220745085,34.698278843405824,19659.0048562768,90.4023156823216,9968510,0,0,1,,0,1,,6
Azerbaijan,AZE,2018,35.240564594073675,34.57623421728156,19781.8509058437,91.6725765369825,10039784,0,0,1,,0,1,,6
Azerbaijan,AZE,2019,37.69768763490015,37.7525519198449,20101.491875147,85.8181454084561,10110475,0,0,1,,0,1,,6
Azerbaijan,AZE,2020,37.97032221620342,36.23716431173904,19126.096851126,72.0178676487811,10181730,0,0,1,,0,1,,6
Azerbaijan,AZE,2021,38.716218180326415,38.29964548324876,20111.3756952109,76.286865687015,10234371,0,0,1,,0,1,,6
Azerbaijan,AZE,2022,37.75523315450395,41.17457525087235,21051.2442291612,86.9822732541779,10295304,0,0,1,,0,1,,6
Azerbaijan,AZE,2023,40.83847848230447,42.74819706108022,21310.7386915022,83.5358861156321,10318207,0,0,1,,0,1,,6
Belgium,BEL,1990,120.33540829590638,120.33540829590638,41640.0583572134,121.467851074465,9960968,1,2005,0,-15.0,2008,0,-18.0,7
Belgium,BEL,1991,123.39621798791039,123.39621798791039,42246.0760496851,118.59013771799,9998961,1,2005,0,-14.0,2008,0,-17.0,7
Belgium,BEL,1992,122.51925435145831,122.51925435145831,42719.0486134247,115.069287501636,10045987,1,2005,0,-13.0,2008,0,-16.0,7
Belgium,BEL,1993,121.45120569005644,121.45120569005644,42143.1960612051,109.012736996759,10084931,1,2005,0,-12.0,2008,0,-15.0,7
Belgium,BEL,1994,124.83304912629835,124.83304912629835,43369.275944431,113.232300033612,10116005,1,2005,0,-11.0,2008,0,-14.0,7
Belgium,BEL,1995,125.96929594124941,125.96929594124941,44310.6278688276,116.378567821327,10137265,1,2005,0,-10.0,2008,0,-13.0,7
Belgium,BEL,1996,129.50327986206233,129.50327986206233,44808.5243580352,119.212775757383,10156969,1,2005,0,-9.0,2008,0,-12.0,7
Belgium,BEL,1997,124.01738571544765,124.01738571544801,46396.0021283995,125.68894005618,10181464,1,2005,0,-8.0,2008,0,-11.0,7
Belgium,BEL,1998,130.25575677447583,130.25575677447583,47205.3098527355,124.709122626318,10203182,1,2005,0,-7.0,2008,0,-10.0,7
Belgium,BEL,1999,181.1897219311298,124.71859371494479,48765.7668571998,125.169990540949,10226682,1,2005,0,-6.0,2008,0,-9.0,7
Belgium,BEL,2000,195.3421449040825,126.77570607373823,50455.7338920674,142.230135067034,10251717,1,2005,0,-5.0,2008,0,-8.0,7
Belgium,BEL,2001,195.1554676079946,126.08503203006497,50835.3969916063,139.576839834619,10287004,1,2005,0,-4.0,2008,0,-7.0,7
Belgium,BEL,2002,200.82262626790154,126.88314307370524,51471.8532550934,136.085149488081,10332973,1,2005,0,-3.0,2008,0,-6.0,7
Belgium,BEL,2003,202.26822093451,128.29203846157267,51788.8439641975,132.715552833888,10376260,1,2005,0,-2.0,2008,0,-5.0,7
Belgium,BEL,2004,217.77751073896522,128.81173040308994,53406.6918625203,136.918405348432,10421292,1,2005,0,-1.0,2008,0,-4.0,7
Belgium,BEL,2005,213.45416166150395,125.6576893296899,54346.8934219288,144.529050669983,10478886,1,2005,1,0.0,2008,0,-3.0,7
Belgium,BEL,2006,219.70728872023784,123.90046527232218,55367.6227467909,149.567509299511,10548442,1,2005,1,1.0,2008,0,-2.0,7
Belgium,BEL,2007,227.0716812281442,120.49340337740314,56983.4612170064,152.468446875303,10625493,1,2005,1,2.0,2008,0,-1.0,7
Belgium,BEL,2008,232.0866131683187,120.20435045829448,56787.7366257416,161.088447790447,10709708,1,2005,1,3.0,2008,1,0.0,7
Belgium,BEL,2009,192.48538869365925,107.80679609884405,55258.7071019668,135.13840572229,10812935,1,2005,1,4.0,2008,1,1.0,7
Belgium,BEL,2010,207.06332808322014,114.56265303013336,56240.2030936241,150.162563621427,10936626,1,2005,1,5.0,2008,1,2.0,7
Belgium,BEL,2011,213.91352384441402,105.15896580135316,56585.302500068,160.765516888126,11038631,1,2005,1,6.0,2008,1,3.0,7
Belgium,BEL,2012,196.56233461721874,102.48623487593946,56356.8251292137,160.383301425059,11107518,1,2005,1,7.0,2008,1,4.0,7
Belgium,BEL,2013,206.76173284838018,102.81595954322096,56263.175267967,157.573622782434,11160276,1,2005,1,8.0,2008,1,5.0,7
Belgium,BEL,2014,207.07875943404943,97.08095332950829,57002.9092185206,158.571610953523,11210119,1,2005,1,9.0,2008,1,6.0,7
Belgium,BEL,2015,201.6429038430501,101.32749804116061,57509.0245728704,155.068682045926,11275335,1,2005,1,10.0,2008,1,7.0,7
Belgium,BEL,2016,207.36881559663826,99.81628239338345,57901.497690315,159.057696611945,11332701,1,2005,1,11.0,2008,1,8.0,7
Belgium,BEL,2017,203.03054809072978,99.28219122554457,58529.3302957537,166.904078237791,11376581,1,2005,1,12.0,2008,1,9.0,7
Belgium,BEL,2018,211.91393458499658,100.25637222034365,59357.6896884396,168.277692877218,11428605,1,2005,1,13.0,2008,1,10.0,7
Belgium,BEL,2019,204.48131096946096,99.79872806197805,60479.9769955469,165.46547893199,11490618,1,2005,1,14.0,2008,1,11.0,7
Belgium,BEL,2020,182.33900564851524,91.25455417573724,57333.5424137924,156.950121282783,11540107,1,2005,1,15.0,2008,1,12.0,7
Belgium,BEL,2021,201.82222026793056,94.92806778454397,60669.2137746534,177.381912201075,11570844,1,2005,1,16.0,2008,1,13.0,7
Belgium,BEL,2022,207.0982895290552,88.91496812101148,62602.9270469765,191.053418131592,11641820,1,2005,1,17.0,2008,1,14.0,7
Belgium,BEL,2023,196.60532413603616,84.7033641870755,63042.0099876309,165.987440736442,11712893,1,2005,1,18.0,2008,1,15.0,7
Benin,BEN,1990,1.054244828029862,0.5793462857142851,2207.06796428357,45.7201821451396,5281479,0,0,0,,0,0,,8
Benin,BEN,1991,1.1051610535912015,0.6196502857142852,2230.46054664537,51.3447168355486,5446932,0,0,0,,0,0,,8
Benin,BEN,1992,1.1483654203672262,0.6709462857142852,2226.56666006625,56.7407458048553,5617844,0,0,0,,0,0,,8
Benin,BEN,1993,1.2712020874587955,0.8074217142857141,2254.24565428893,55.3817991336605,5872706,0,0,0,,0,0,,8
Benin,BEN,1994,1.4632318378841582,0.9115268571428583,2215.36616821938,64.4004792535565,6096506,0,0,0,,0,0,,8
Benin,BEN,1995,1.555333371009956,0.9562674285714267,2300.14122107459,63.800140010475,6226773,0,0,0,,0,0,,8
Benin,BEN,1996,1.9992286330381097,1.1838057142857128,2337.63030771279,56.5177914456367,6391858,0,0,0,,0,0,,8
Benin,BEN,1997,2.096613057225522,1.223974857142856,2399.78593127356,58.7116296113966,6583365,0,0,0,,0,0,,8
Benin,BEN,1998,1.9758514426358789,1.113856,2419.10014338548,59.5936252981433,6789489,0,0,0,,0,0,,8
Benin,BEN,1999,1.9498467128536756,1.4619360000000001,2470.68504400549,54.3917891538957,7002818,0,0,0,,0,0,,8
Benin,BEN,2000,2.3088530431197496,1.4729280000000002,2536.16885867097,47.3481515012844,7221619,0,0,0,,0,0,,8
Benin,BEN,2001,2.7844882114931964,1.6891040000000002,2591.06485220288,48.2571706392197,7445596,0,0,0,,0,0,,8
Benin,BEN,2002,3.104123047066325,2.110054857142859,2630.18061029627,43.7684225364311,7675426,0,0,0,,0,0,,8
Benin,BEN,2003,4.2149318602574075,2.393997714285713,2639.04370114641,41.6162305574334,7913070,0,0,0,,0,0,,8
Benin,BEN,2004,3.922554217659318,2.5936000000000012,2672.84404357157,39.9029743365096,8159094,0,0,0,,0,0,,8
Benin,BEN,2005,4.197138140213846,2.4897302857142867,2632.47251454328,39.0959311879142,8426144,0,0,1,,0,0,,8
Benin,BEN,2006,6.507311411353627,3.3511062857142844,2652.21841967159,39.7746987128551,8693242,0,0,1,,0,0,,8
Benin,BEN,2007,7.428733936960986,3.930959999999987,2729.13741390352,49.1137841529705,8953969,0,0,1,,0,0,,8
Benin,BEN,2008,8.505716288251351,3.918994285714285,2777.61974031765,47.7753592695169,9228466,0,0,1,,0,1,,8
Benin,BEN,2009,6.817263383493259,4.224516571428568,2758.07243150648,44.7026290629806,9509423,0,0,1,,0,1,,8
Benin,BEN,2010,7.583850096523944,4.679389714285725,2733.57399641151,51.4308599492924,9797484,0,0,1,,0,1,,8
Benin,BEN,2011,9.00912517599115,4.479718857142846,2732.01249647957,47.2170288118403,10093623,0,0,1,,0,1,,8
Benin,BEN,2012,7.617020384522209,4.402539428571417,2779.7264808532,50.7367367791134,10397657,0,0,1,,0,1,,8
Benin,BEN,2013,9.163601008328763,4.565974857142856,2893.0467015352,59.2001918331875,10708834,0,0,1,,0,1,,8
Benin,BEN,2014,8.364789650790982,4.774015999999992,2987.38236326153,65.2682749404551,11030004,0,0,1,,0,1,,8
Benin,BEN,2015,8.350150305009512,5.318237714285725,2952.00218338705,56.7563131849476,11360681,0,0,1,,0,1,,8
Benin,BEN,2016,7.680276387479066,5.310542289849096,2962.66381572265,58.9869283378276,11697842,0,0,1,,0,1,,8
Benin,BEN,2017,7.640858440395562,5.555002221211492,3041.77929984989,61.4765969588474,12039780,0,0,1,,0,1,,8
Benin,BEN,2018,7.406908507204576,5.66844860864171,3155.4510650627,61.7951944903448,12383347,0,0,1,,0,1,,8
Benin,BEN,2019,6.934419509036907,5.272598443663437,3281.10470051465,63.68133231423,12726755,0,0,1,,0,1,,8
Benin,BEN,2020,7.461919591026146,5.540919922265855,3317.8597222557,44.8332333768726,13070169,0,0,1,,0,1,,8
Benin,BEN,2021,8.075169115380728,5.805787232013126,3464.2886286745,48.0548608324409,13413417,0,0,1,,0,1,,8
Benin,BEN,2022,8.59658427094946,6.092277770293249,3588.32519938147,44.3815928877424,13759501,0,0,1,,0,1,,8
Benin,BEN,2023,8.433771907028563,5.927822990817641,3721.21254814808,44.6631308180211,14111034,0,0,1,,0,1,,8
Burkina Faso,BFA,1990,0.8252153728177246,0.5935680000000001,1107.85590454965,35.4226504401749,9159356,0,0,0,,0,0,,9
Burkina Faso,BFA,1991,0.8753300592843749,0.637536,1178.07704639063,33.7962364263647,9394632,0,0,0,,0,0,,9
Burkina Faso,BFA,1992,0.8793368743580047,0.633872,1152.04476095096,28.3740163771975,9629275,0,0,0,,0,0,,9
Burkina Faso,BFA,1993,0.8777519478436084,0.633872,1162.64923453351,29.6250839534616,9871713,0,0,0,,0,0,,9
Burkina Faso,BFA,1994,0.9250350724672407,0.65952,1148.60721370395,39.2292222386411,10123798,0,0,0,,0,0,,9
Burkina Faso,BFA,1995,0.9837017950696578,0.6607503908876613,1183.52861008084,40.7474714183407,10386722,0,0,0,,0,0,,9
Burkina Faso,BFA,1996,1.1064501717446835,0.7266837029726413,1280.69608533889,38.1802977691941,10655942,0,0,0,,0,0,,9
Burkina Faso,BFA,1997,1.1145255708783008,0.7637026867434962,1326.94230829963,37.4164187803511,10934223,0,0,0,,0,0,,9
Burkina Faso,BFA,1998,1.2822897859226152,0.8479497695234671,1385.09310679095,40.9397835752562,11240664,0,0,0,,0,0,,9
Burkina Faso,BFA,1999,1.6985349379715613,1.040181835365487,1444.56690170414,35.2548157814824,11574928,0,0,0,,0,0,,9
Burkina Faso,BFA,2000,1.3707055963259738,0.9307818377085347,1428.57400617096,35.1229419704263,11925546,0,0,0,,0,0,,9
Burkina Faso,BFA,2001,1.7874154638622737,1.0643747537904056,1477.28491846525,31.6581708148511,12295001,0,0,0,,0,0,,9
Burkina Faso,BFA,2002,1.854147806132922,1.067264753235924,1494.67801269583,31.3125228527966,12680897,0,0,0,,0,0,,9
Burkina Faso,BFA,2003,1.3587127707090978,1.1844646541976056,1561.83310184915,30.3682364077323,13082532,0,0,0,,0,0,,9
Burkina Faso,BFA,2004,1.3497591789425738,1.1074725551592868,1581.25620933294,35.4809436017462,13500533,0,0,0,,0,0,,9
Burkina Faso,BFA,2005,1.3841572880443944,1.1037604561209684,1664.99543180023,34.1721697681049,13932123,0,0,1,,0,0,,9
Burkina Faso,BFA,2006,1.6236486043763738,1.2172333525373593,1714.76034904509,35.1065423554549,14373707,0,0,1,,0,0,,9
Burkina Faso,BFA,2007,1.918546003016187,1.6164474737449603,1731.93046335077,33.7797172895073,14816307,0,0,1,,0,0,,9
Burkina Faso,BFA,2008,1.9483458231945168,1.8178172329295819,1779.32710911571,35.3853169801502,15258093,0,0,1,,0,1,,9
Burkina Faso,BFA,2009,2.241649293870549,1.836304716013366,1779.32305627973,40.2959836735924,15710066,0,0,1,,0,1,,9
Burkina Faso,BFA,2010,2.2115765252736392,1.98507605183411,1873.97146230828,49.0732385398039,16176498,0,0,1,,0,1,,9
Burkina Faso,BFA,2011,2.366024832310275,2.149253158363679,1939.86659989406,57.4972531038508,16661908,0,0,1,,0,1,,9
Burkina Faso,BFA,2012,2.70954070951252,2.611585984101437,2003.6646118745,61.2386079818398,17172287,0,0,1,,0,1,,9
Burkina Faso,BFA,2013,3.152444837010397,2.8088801809498296,2057.0639319853,64.0358513024234,17695409,0,0,1,,0,1,,9
Burkina Faso,BFA,2014,3.0597563239844012,2.8675196922221553,2083.19844698304,58.8235624937426,18229461,0,0,1,,0,1,,9
Burkina Faso,BFA,2015,3.5171720483259232,3.7437715942925887,2101.70266192027,59.0891813101662,18777487,0,0,1,,0,1,,9
Burkina Faso,BFA,2016,3.9742657468370983,3.98763662413537,2162.72578977814,57.8931727994406,19334856,0,0,1,,0,1,,9
Burkina Faso,BFA,2017,4.495153722095076,4.62163145905676,2232.28781490944,59.2687802020168,19894407,0,0,1,,0,1,,9
Burkina Faso,BFA,2018,4.930359681961693,5.226246020540041,2316.39432079045,60.5956256236488,20438288,0,0,1,,0,1,,9
Burkina Faso,BFA,2019,5.091822270140347,5.618020375061568,2391.53626844484,60.4086928753226,20961952,0,0,1,,0,1,,9
Burkina Faso,BFA,2020,4.779179038852008,5.618087906437305,2380.93171826574,60.7397786403239,21478690,0,0,1,,0,1,,9
Burkina Faso,BFA,2021,5.369834869314138,6.328719098427959,2486.43093147762,62.4203586607795,21995243,0,0,1,,0,1,,9
Burkina Faso,BFA,2022,5.772814047992271,6.542193644820885,2469.19956941259,67.5202901331655,22509038,0,0,1,,0,1,,9
Burkina Faso,BFA,2023,5.801201886317771,6.308441076740222,2486.20669812871,63.1530435873964,23025776,0,0,1,,0,1,,9
Bangladesh,BGD,1990,14.2860645116819,14.081596354303787,2069.78230100672,18.9665020125385,111633717,0,0,0,,0,0,,10
Bangladesh,BGD,1991,14.755822680349885,14.752975196629466,2101.38366035658,18.8898268850747,113787109,0,0,0,,0,0,,10
Bangladesh,BGD,1992,15.888480072223603,15.390895654129112,2174.38232866943,19.9340055024511,115952192,0,0,0,,0,0,,10
Bangladesh,BGD,1993,15.965000028266696,16.07391846777112,2234.8101219225,23.1215830698982,118132360,0,0,0,,0,0,,10
Bangladesh,BGD,1994,17.18304921319727,17.552698507400713,2279.09435302944,22.8658645545703,120343179,0,0,0,,0,0,,10
Bangladesh,BGD,1995,19.72680770752653,21.056369579496405,2351.70387946903,28.2094960764218,122600370,0,0,0,,0,0,,10
Bangladesh,BGD,1996,19.523982222198843,21.50747208405312,2413.54298201505,26.0760877233809,124862179,0,0,0,,0,0,,10
Bangladesh,BGD,1997,21.071095571290826,23.14411397177049,2475.59574602489,26.3255133900833,127198069,0,0,0,,0,0,,10
Bangladesh,BGD,1998,20.62857107784794,23.216120493832456,2555.06119218282,27.8800634028394,129622332,0,0,0,,0,0,,10
Bangladesh,BGD,1999,30.94349016949908,25.09330783760033,2624.06553797638,28.3879405571158,132108065,0,0,0,,0,0,,10
Bangladesh,BGD,2000,25.570934010831852,26.539266589678732,2712.93512215725,29.3217143619038,134544304,0,0,0,,0,0,,10
Bangladesh,BGD,2001,29.51446351885445,31.064220715761333,2803.55471950946,32.0980170730117,136805810,0,0,0,,0,0,,10
Bangladesh,BGD,2002,30.698241847585294,32.00689060305664,2866.43454328715,28.9673807211649,138933658,0,0,0,,0,0,,10
Bangladesh,BGD,2003,35.245049150052196,33.495934504677614,2958.91503115633,27.657884900158,140970351,0,0,0,,0,0,,10
Bangladesh,BGD,2004,37.79253384621744,35.9781705063864,3071.83778764611,26.8582341492431,142902856,0,0,0,,0,0,,10
Bangladesh,BGD,2005,39.65846254878756,37.71667575825721,3231.61370692891,34.396934864465,144715786,0,0,1,,0,0,,10
Bangladesh,BGD,2006,41.837622033263706,41.72580800000001,3407.4273502159,38.1119244325921,146405973,0,0,1,,0,0,,10
Bangladesh,BGD,2007,42.5571870968509,42.67510399999986,3608.91543819399,39.9423826531735,147989278,0,0,1,,0,0,,10
Bangladesh,BGD,2008,44.78832990768978,45.34149298448166,3787.9382761855,42.6209140325589,149474264,0,0,1,,0,1,,10
Bangladesh,BGD,2009,49.929429322228344,49.188375999999984,3942.13631207203,40.092796223023,150873714,0,0,1,,0,1,,10
Bangladesh,BGD,2010,53.89712931089393,54.03552107719054,4125.46390163202,37.8028426708321,152201981,0,0,1,,0,1,,10
Bangladesh,BGD,2011,54.19800046145263,55.592711999999864,4352.42643359325,47.4208498356898,153591076,0,0,1,,0,1,,10
Bangladesh,BGD,2012,59.44732452504303,59.70386304973471,4592.04840919812,48.1109227490467,155070101,0,0,1,,0,1,,10
Bangladesh,BGD,2013,64.09993478102403,64.7627936386306,4822.72621378266,46.2964027228174,156532141,0,0,1,,0,1,,10
Bangladesh,BGD,2014,106.77074055879677,67.55189126310331,5068.63965672741,44.5140801968096,157964929,0,0,1,,0,1,,10
Bangladesh,BGD,2015,76.82685716438668,76.9461304273421,5352.71133299566,42.0859963070382,159383179,0,0,1,,0,1,,10
Bangladesh,BGD,2016,126.58409660569959,81.7611634919587,5682.53553494306,31.3341501346142,160811932,0,0,1,,0,1,,10
Bangladesh,BGD,2017,133.96471203185294,86.53086996501723,6005.70718781048,29.9997306724343,162186147,0,0,1,,0,1,,10
Bangladesh,BGD,2018,139.286291475827,86.60810792696084,6392.59334024091,32.5146317240884,163523103,0,0,1,,0,1,,10
Bangladesh,BGD,2019,148.59623488659415,94.80768942047068,6838.32611608243,31.5780544912404,164913055,0,0,1,,0,1,,10
Bangladesh,BGD,2020,148.6332349160589,95.72908864744862,7015.19792797056,26.271447376215,166298024,0,0,1,,0,1,,10
Bangladesh,BGD,2021,157.91048584938952,98.53027781832323,7441.06913961254,27.7240047036631,167658854,0,0,1,,0,1,,10
Bangladesh,BGD,2022,166.17211682053636,102.14740726494705,7888.16389098304,33.7799672705735,169384897,0,0,1,,0,1,,10
Bangladesh,BGD,2023,167.85906973307291,104.526674594959,8242.39798977242,30.9829714104596,171466990,0,0,1,,0,1,,10
Bulgaria,BGR,1990,62.23167299138465,76.63794577219029,14954.1346607381,69.8453052958159,8822365,1,2005,0,-15.0,2008,0,-18.0,11
Bulgaria,BGR,1991,45.362707198000635,61.52071436616928,13827.4797929492,82.6820795918073,8695797,1,2005,0,-14.0,2008,0,-17.0,11
Bulgaria,BGR,1992,42.96567213085565,57.355644827736754,12960.3221276617,100.050651652997,8559101,1,2005,0,-13.0,2008,0,-16.0,11
Bulgaria,BGR,1993,46.134816106973574,58.389168798395744,12870.7386486833,84.0416969316241,8466533,1,2005,0,-12.0,2008,0,-15.0,11
Bulgaria,BGR,1994,42.121160405542184,56.38255770796256,13149.3076944164,90.7201149147257,8416917,1,2005,0,-11.0,2008,0,-14.0,11
Bulgaria,BGR,1995,46.82562621224809,57.91656327309256,13591.3431083214,55.2630086118475,8357574,1,2005,0,-10.0,2008,0,-13.0,11
Bulgaria,BGR,1996,45.70520418035512,58.46040244026407,14372.7715114425,85.8207260168869,8291398,1,2005,0,-9.0,2008,0,-12.0,11
Bulgaria,BGR,1997,43.34462526292599,55.806189813287524,12419.3797738056,86.4637363337509,8217102,1,2005,0,-8.0,2008,0,-11.0,11
Bulgaria,BGR,1998,44.650115128970526,53.113838216564346,12976.2670026785,77.0452015666429,8138194,1,2005,0,-7.0,2008,0,-10.0,11
Bulgaria,BGR,1999,42.23104815315141,46.37132025738408,11953.5983607318,90.0749813655593,8067462,1,2005,0,-6.0,2008,0,-9.0,11
Bulgaria,BGR,2000,42.36438087743017,45.499313735561714,12563.8362285253,77.7456854212701,8000520,1,2005,0,-5.0,2008,0,-8.0,11
Bulgaria,BGR,2001,45.63758896773156,49.019639062903856,13306.5044553959,79.0813824014922,7928452,1,2005,0,-4.0,2008,0,-7.0,11
Bulgaria,BGR,2002,43.01675548326494,46.14104140998859,14397.001318192,75.269621415721,7861943,1,2005,0,-3.0,2008,0,-6.0,11
Bulgaria,BGR,2003,46.654461896153286,50.49120878407959,15271.4839489061,79.0138894271643,7804409,1,2005,0,-2.0,2008,0,-5.0,11
Bulgaria,BGR,2004,46.23727945547377,49.537286978335324,16388.9600145841,93.0639046910296,7749430,1,2005,0,-1.0,2008,0,-4.0,11
Bulgaria,BGR,2005,48.788573007822286,50.60035651463473,17678.0339712293,99.714224874021,7695050,1,2005,1,0.0,2008,0,-3.0,11
Bulgaria,BGR,2006,51.039414242616914,51.837494853247556,19024.543813813,111.047459756649,7640294,1,2005,1,1.0,2008,0,-2.0,11
Bulgaria,BGR,2007,54.35768614377252,55.66921865398912,20440.2525941501,123.532578691039,7586888,1,2005,1,2.0,2008,0,-1.0,11
Bulgaria,BGR,2008,55.63754371996305,54.0259145693705,21845.954719527,124.68876138203,7535592,1,2005,1,3.0,2008,1,0.0,11
Bulgaria,BGR,2009,44.80986101848613,45.75024853172183,21251.2168646802,92.6926410550003,7488011,1,2005,1,4.0,2008,1,1.0,11
Bulgaria,BGR,2010,44.75606125164161,47.81569949001702,21724.2863457596,103.380518426721,7437599,1,2005,1,5.0,2008,1,2.0,11
Bulgaria,BGR,2011,46.71254240778956,53.12046120207453,22321.033168819,117.418101416931,7380025,1,2005,1,6.0,2008,1,3.0,11
Bulgaria,BGR,2012,43.361259694434274,48.276559618963105,22618.8104278919,123.97132336227,7317014,1,2005,1,7.0,2008,1,4.0,11
Bulgaria,BGR,2013,37.54085843915641,42.58298993118039,22954.396399855,129.688685003845,7264600,1,2005,1,8.0,2008,1,5.0,11
Bulgaria,BGR,2014,39.53326453866294,45.169061566662236,23455.4830019277,130.248372124871,7223449,1,2005,1,9.0,2008,1,6.0,11
Bulgaria,BGR,2015,40.9897893651727,48.12712325907007,24562.648880929,126.736652288689,7177517,1,2005,1,10.0,2008,1,7.0,11
Bulgaria,BGR,2016,40.47610265480115,45.343749234200786,25636.7443903478,122.805519071127,7127434,1,2005,1,11.0,2008,1,8.0,11
Bulgaria,BGR,2017,41.9148304233022,47.44584328096401,26691.758001902,129.634433774038,7075636,1,2005,1,12.0,2008,1,9.0,11
Bulgaria,BGR,2018,41.105272345219646,43.50332676254479,27690.893655005,129.166502231244,7024745,1,2005,1,13.0,2008,1,10.0,11
Bulgaria,BGR,2019,39.933179744597695,42.19498112452208,29149.921509976,125.260415075086,6975469,1,2005,1,14.0,2008,1,11.0,11
Bulgaria,BGR,2020,36.27857904125117,36.57103018122581,28521.2062482596,110.423903082333,6933652,1,2005,1,15.0,2008,1,12.0,11
Bulgaria,BGR,2021,40.931700773878184,42.36503383702827,30958.9830238332,121.214091012604,6877225,1,2005,1,16.0,2008,1,13.0,11
Bulgaria,BGR,2022,42.247178212048304,46.93179492281292,32433.6587569626,138.844872770267,6825864,1,2005,1,17.0,2008,1,14.0,11
Bulgaria,BGR,2023,35.30989143443525,34.500947424978854,33073.6803093453,119.899505851916,6795803,1,2005,1,18.0,2008,1,15.0,11
Bahrain,BHR,1990,9.070565927736943,11.493968,41856.54450772,184.828804680899,514797,0,0,0,,0,0,,12
Bahrain,BHR,1991,9.569508175776024,11.329088,47644.0234716882,158.867796593681,531869,0,0,0,,0,0,,12
Bahrain,BHR,1992,9.031198541979048,10.40206273743017,49511.9474019627,159.291898335568,547749,0,0,0,,0,0,,12
Bahrain,BHR,1993,13.236980176961236,16.748144,54433.1375084971,144.763045585989,562809,0,0,0,,0,0,,12
Bahrain,BHR,1994,11.812849131554184,14.351888,52886.5789027329,136.473470897416,577952,0,0,0,,0,0,,12
Bahrain,BHR,1995,12.022969395657128,14.743936000000001,53537.6828948177,134.086732319169,593222,0,0,0,,0,0,,12
Bahrain,BHR,1996,12.513609025099434,15.942064,54289.4380390309,144.333450490306,608593,0,0,0,,0,0,,12
Bahrain,BHR,1997,13.919472433553493,17.22078369830509,54512.8551056888,130.672449001883,624005,0,0,0,,0,0,,12
Bahrain,BHR,1998,15.975036546989937,18.276032,55638.6935860684,113.001418957352,639378,0,0,0,,0,0,,12
Bahrain,BHR,1999,8.98971762411466,18.254048,56522.2261899823,124.735737154328,654614,0,0,0,,0,0,,12
Bahrain,BHR,2000,9.054560170399007,19.199360000000002,57968.9956082135,135.809135327865,669581,0,0,0,,0,0,,12
Bahrain,BHR,2001,9.347729497837259,19.679344000000004,57280.6986707494,127.026266277537,699956,0,0,0,,0,0,,12
Bahrain,BHR,2002,10.267205631228066,20.111696000000002,55096.6571550779,131.133634216392,752197,0,0,0,,0,0,,12
Bahrain,BHR,2003,12.107087102874566,20.976399999999998,54431.8763559658,128.091582155216,811276,0,0,0,,0,0,,12
Bahrain,BHR,2004,11.03661045132602,21.203568,54045.092888858,140.737310039923,871442,0,0,0,,0,0,,12
Bahrain,BHR,2005,12.227598919178375,24.486512,53478.2662415503,148.313525108923,932604,0,0,1,,0,0,,12
Bahrain,BHR,2006,11.49548349319268,24.03584,52691.9323366851,147.104181068989,994618,0,0,1,,0,0,,12
Bahrain,BHR,2007,14.412172219855577,26.626288000000002,52731.7921672618,137.785050572304,1057405,0,0,1,,0,0,,12
Bahrain,BHR,2008,16.80715075733348,29.524512,52765.3899455546,145.882511145821,1120714,0,0,1,,0,1,,12
Bahrain,BHR,2009,21.086610414692892,28.137677823059548,50665.7507489219,117.963725409489,1183605,0,0,1,,0,1,,12
Bahrain,BHR,2010,22.74491491291851,29.142508765380196,50704.8479679819,115.561486449616,1213244,0,0,1,,0,1,,12
Bahrain,BHR,2011,17.599836943358827,28.544123002110567,53132.3284162611,167.529641035854,1206728,0,0,1,,0,1,,12
Bahrain,BHR,2012,18.691702310920824,27.202491351670638,54516.8406594787,178.824020821684,1216303,0,0,1,,0,1,,12
Bahrain,BHR,2013,19.32748588730224,31.228270404123883,55376.4005147894,184.58950884485,1257203,0,0,1,,0,1,,12
Bahrain,BHR,2014,20.403047710747103,30.970746049569502,55065.8189472129,168.57585814186,1312848,0,0,1,,0,1,,12
Bahrain,BHR,2015,23.81073789054536,32.520613857020905,54149.9131524721,147.916060172904,1369650,0,0,1,,0,1,,12
Bahrain,BHR,2016,19.909295273772774,31.63543598103474,54107.0752236423,132.822997902774,1429604,0,0,1,,0,1,,12
Bahrain,BHR,2017,21.38834893037067,32.9165796911951,53859.7749589601,136.429239810394,1481995,0,0,1,,0,1,,12
Bahrain,BHR,2018,22.10281059713103,32.69848545225416,54893.0724411368,144.075372574535,1497626,0,0,1,,0,1,,12
Bahrain,BHR,2019,23.85661994777153,37.616142515375515,56749.9628370612,135.417543398211,1485670,0,0,1,,0,1,,12
Bahrain,BHR,2020,23.993299580118876,37.429273119065634,53814.2452592358,135.460985012931,1483077,0,0,1,,0,1,,12
Bahrain,BHR,2021,20.274677397257076,36.265130359966115,54954.6757895532,153.799316485108,1501764,0,0,1,,0,1,,12
Bahrain,BHR,2022,18.826398723172982,37.82683751907336,57572.997981018,167.141241152535,1533459,0,0,1,,0,1,,12
Bahrain,BHR,2023,22.06373829773648,38.786693222722036,57819.9051831242,157.447854682297,1569666,0,0,1,,0,1,,12
Belarus,BLR,1990,65.45596267548383,108.45887437568167,12351.6357110065,89.6073903002309,10186261,0,0,0,,0,0,,13
Belarus,BLR,1991,69.07823353171351,104.18595312757625,12197.7877887634,66.6666666666667,10193889,0,0,0,,0,0,,13
Belarus,BLR,1992,47.014679697021975,93.59691661719746,11002.6017626136,117.391304347826,10217561,0,0,0,,0,0,,13
Belarus,BLR,1993,40.6333216543907,80.67447614563874,10143.9840118445,150.964467005076,10241320,0,0,0,,0,0,,13
Belarus,BLR,1994,32.49230860349068,67.98983150279778,8967.73072971831,155.375709548699,10230187,0,0,0,,0,0,,13
Belarus,BLR,1995,36.14671802099672,61.01452614429206,8061.19604112609,103.718194772782,10197463,0,0,0,,0,0,,13
Belarus,BLR,1996,50.43087961281598,61.843565547113734,8314.85656685025,96.7748997857579,10164028,0,0,0,,0,0,,13
Belarus,BLR,1997,48.02073449542275,61.69745916607553,9301.32717519867,125.516179156558,10122364,0,0,0,,0,0,,13
Belarus,BLR,1998,49.90189425768453,60.18402618910635,10128.1560469563,122.957697735989,10080578,0,0,0,,0,0,,13
Belarus,BLR,1999,50.00143341166955,58.07577842949644,10519.7489145442,120.835117829629,10039223,0,0,0,,0,0,,13
Belarus,BLR,2000,41.12174210647251,55.014468203414594,11182.4548339393,141.609165955024,9991313,0,0,0,,0,0,,13
Belarus,BLR,2001,37.94527448428249,54.10468900460471,11771.0872003861,137.044930473063,9938065,0,0,0,,0,0,,13
Belarus,BLR,2002,37.969300414608675,53.944120306896686,12443.9322575939,131.002058282291,9873450,0,0,0,,0,0,,13
Belarus,BLR,2003,42.36847961568528,55.236251084035885,13413.9265504854,134.141852273225,9803176,0,0,0,,0,0,,13
Belarus,BLR,2004,43.74760804717669,58.37280204288323,15052.1182160947,142.136510387704,9735091,0,0,0,,0,0,,13
Belarus,BLR,2005,44.823063011205896,59.39620849443304,16579.8731683834,118.88435169233,9667838,0,0,1,,0,0,,13
Belarus,BLR,2006,47.57335927444896,61.8094940657198,18349.8719060634,124.295103889386,9608036,0,0,1,,0,0,,13
Belarus,BLR,2007,52.095980675902005,60.27566247755434,20019.6111676728,128.153877979073,9563133,0,0,1,,0,0,,13
Belarus,BLR,2008,54.82876333819044,62.93113501834671,22137.9472928315,129.599478545475,9529358,0,0,1,,0,1,,13
Belarus,BLR,2009,54.738500916518305,60.62834053414351,22236.8387691136,108.63564482836,9507337,0,0,1,,0,1,,13
Belarus,BLR,2010,60.031173284667354,62.51544147100419,24012.6133040213,115.917972989303,9490752,0,0,1,,0,1,,13
Belarus,BLR,2011,49.279560678717154,61.35323555044259,25404.7566082412,157.974255073313,9472735,0,0,1,,0,1,,13
Belarus,BLR,2012,70.84797505064267,62.591698925787554,25879.1319400701,153.085269313372,9463076,0,0,1,,0,1,,13
Belarus,BLR,2013,69.48143973643234,64.15185576218038,26147.6253584645,119.815965235724,9464453,0,0,1,,0,1,,13
Belarus,BLR,2014,66.80416076290463,63.69921336886411,26564.4347246547,110.651424367582,9472708,0,0,1,,0,1,,13
Belarus,BLR,2015,63.206868245902754,58.82780753617655,25513.2132958317,115.914826201946,9487293,0,0,1,,0,1,,13
Belarus,BLR,2016,66.31151189192063,58.18806528398125,24846.8301529359,125.209322899662,9499064,0,0,1,,0,1,,13
Belarus,BLR,2017,68.80714971029343,59.44437076121393,25503.9809845207,133.367754723012,9495790,0,0,1,,0,1,,13
Belarus,BLR,2018,73.30019795315374,62.170669648568406,26363.4629778536,139.393736250171,9480031,0,0,1,,0,1,,13
Belarus,BLR,2019,72.2165371214941,62.17063628810636,26798.8206398076,130.850406102184,9435419,0,0,1,,0,1,,13
Belarus,BLR,2020,66.45302303497054,59.12290346973048,26731.4953869922,118.934176146534,9350944,0,0,1,,0,1,,13
Belarus,BLR,2021,70.2981447742051,60.86108022431135,27611.1801135157,136.014167877476,9251365,0,0,1,,0,1,,13
Belarus,BLR,2022,68.3279990024565,57.120549634794735,26537.5083081674,120.024207576094,9173237,0,0,1,,0,1,,13
Belarus,BLR,2023,62.547906074911495,55.736064836018514,27782.4380139967,131.584674884961,9115680,0,0,1,,0,1,,13
Bolivia (Plurinational State of),BOL,1990,8.350520148186572,10.017548497615934,6247.10446615403,46.7032725841847,7130142,0,0,0,,0,0,,14
Bolivia (Plurinational State of),BOL,1991,8.903620218161121,10.505751990768953,6440.48571428318,48.444968874686,7280289,0,0,0,,0,0,,14
Bolivia (Plurinational State of),BOL,1992,9.602120512903799,11.025174338604346,6414.32866825436,49.1108578783889,7430336,0,0,0,,0,0,,14
Bolivia (Plurinational State of),BOL,1993,10.108921677075399,11.561577621962035,6556.81640551449,47.4671256895523,7579195,0,0,0,,0,0,,14
Bolivia (Plurinational State of),BOL,1994,8.324596789034342,9.649576110401373,6731.28487501595,48.8608505020702,7727322,0,0,0,,0,0,,14
Bolivia (Plurinational State of),BOL,1995,7.800391877433838,9.028558476674249,6914.34189614304,49.737987097898,7874676,0,0,0,,0,0,,14
Bolivia (Plurinational State of),BOL,1996,8.712345577929177,10.027261066722433,7083.6131331083,49.8562913723023,8021736,0,0,0,,0,0,,14
Bolivia (Plurinational State of),BOL,1997,10.352440636636617,11.732909978860816,7301.50935861496,50.4696628058748,8167900,0,0,0,,0,0,,14
Bolivia (Plurinational State of),BOL,1998,10.552174813850765,11.264036997580929,7534.51656369605,52.2811629581228,8313394,0,0,0,,0,0,,14
Bolivia (Plurinational State of),BOL,1999,11.136187717899897,10.950274968784468,7435.72544286949,44.1682564870165,8459806,0,0,0,,0,0,,14
Bolivia (Plurinational State of),BOL,2000,8.644417464531395,8.442282348770679,7492.4338168091,45.5977750218555,8606326,0,0,0,,0,0,,14
Bolivia (Plurinational State of),BOL,2001,8.856138110585793,8.752277653615911,7491.15257765571,45.2278224315522,8752736,0,0,0,,0,0,,14
Bolivia (Plurinational State of),BOL,2002,10.683455554753321,10.414979728342278,7550.01554645092,49.3502603725957,8900355,0,0,0,,0,0,,14
Bolivia (Plurinational State of),BOL,2003,10.063280384509188,10.983067196201771,7625.90515918892,51.967836443987,9050700,0,0,0,,0,0,,14
Bolivia (Plurinational State of),BOL,2004,9.756042681941366,11.051123152525058,7811.59684093936,57.4642660901316,9204287,0,0,0,,0,0,,14
Bolivia (Plurinational State of),BOL,2005,10.449941458524382,12.336851977216085,8020.63568834793,67.6419413613743,9360754,0,0,1,,0,0,,14
Bolivia (Plurinational State of),BOL,2006,10.758410938992707,12.368666742016586,8263.31896853691,74.537848431547,9521689,0,0,1,,0,0,,14
Bolivia (Plurinational State of),BOL,2007,11.286281262827304,12.740014573855941,8493.94848212653,76.0619114476148,9685960,0,0,1,,0,0,,14
Bolivia (Plurinational State of),BOL,2008,11.900152073414725,13.027696109919075,8865.27246616683,82.8670208961798,9850858,0,0,1,,0,1,,14
Bolivia (Plurinational State of),BOL,2009,13.728200412362341,13.633146590175016,9011.55629873547,68.6270739127592,10016275,0,0,1,,0,1,,14
Bolivia (Plurinational State of),BOL,2010,14.479857866216522,14.808614816169378,9230.3980801466,75.5116262512877,10182345,0,0,1,,0,1,,14
Bolivia (Plurinational State of),BOL,2011,16.101712084272638,16.05119655129084,9554.44502513,82.4803954243518,10348929,0,0,1,,0,1,,14
Bolivia (Plurinational State of),BOL,2012,17.089977047913905,17.57466672126988,9884.46163594645,84.9487611684942,10515807,0,0,1,,0,1,,14
Bolivia (Plurinational State of),BOL,2013,18.43281932358758,17.7777093065416,10391.3833756917,81.2309075267174,10682608,0,0,1,,0,1,,14
Bolivia (Plurinational State of),BOL,2014,21.386490668335092,19.900321748168697,10790.8472887528,85.2644695625131,10848888,0,0,1,,0,1,,14
Bolivia (Plurinational State of),BOL,2015,21.505981509225293,19.899729136621897,11144.6415720641,67.9328451905248,11014705,0,0,1,,0,1,,14
Bolivia (Plurinational State of),BOL,2016,22.19670889351564,21.249602618782216,11448.02180322,56.4010345026573,11180020,0,0,1,,0,1,,14
Bolivia (Plurinational State of),BOL,2017,23.212812167785145,22.181582961883315,11755.2556195885,45.5761123650708,11344587,0,0,1,,0,1,,14
Bolivia (Plurinational State of),BOL,2018,23.258828613766397,22.508873211550636,11920.3135079645,46.9261953417368,11508368,0,0,1,,0,1,,14
Bolivia (Plurinational State of),BOL,2019,23.487854323396636,22.609255434600904,11930.9159145918,45.8209732749024,11671386,0,0,1,,0,1,,14
Bolivia (Plurinational State of),BOL,2020,19.941681573703647,18.32019253375615,10285.6590750222,37.5164342446486,11816299,0,0,1,,0,1,,14
Bolivia (Plurinational State of),BOL,2021,22.95271882024601,21.76660408812402,11202.4409836707,47.6670843158984,11937360,0,0,1,,0,1,,14
Bolivia (Plurinational State of),BOL,2022,24.077792062941043,23.488205943204186,11487.7148799194,57.5249335789631,12077154,0,0,1,,0,1,,14
Bolivia (Plurinational State of),BOL,2023,25.628420666646488,24.620518831593635,11616.1575595159,49.6083255594597,12244159,0,0,1,,0,1,,14
Brazil,BRA,1990,238.68237074944977,218.65767888000002,12633.2884560597,15.1555990810218,149143223,0,0,0,,0,0,,15
Brazil,BRA,1991,245.6252967607068,229.39359213999995,12546.5605005559,16.5920777626646,151724256,0,0,0,,0,0,,15
Brazil,BRA,1992,247.31889457012096,233.60085687600017,12271.9788478727,19.2533747878959,154275079,0,0,0,,0,0,,15
Brazil,BRA,1993,255.73813807572392,244.30554489999997,12669.4287209749,19.5993205474635,156794577,0,0,0,,0,0,,15
Brazil,BRA,1994,268.70019431944473,254.00225834999983,13202.9308011881,18.6747597961023,159265006,0,0,0,,0,0,,15
Brazil,BRA,1995,290.42428193811065,268.67751621000014,13550.4393735843,16.9844599991956,161735073,0,0,0,,0,0,,15
Brazil,BRA,1996,315.0258432902165,289.3109156899998,13641.6295995961,15.6355914758682,164202549,0,0,0,,0,0,,15
Brazil,BRA,1997,334.3955615046655,306.9490687,13896.6249901072,16.5762092613247,166661659,0,0,0,,0,0,,15
Brazil,BRA,1998,340.1291097129166,317.35943180999993,13737.7026433556,16.4385849312059,169159655,0,0,0,,0,0,,15
Brazil,BRA,1999,331.650326989877,327.2556569299998,13602.4137067874,20.9821664782285,171641543,0,0,0,,0,0,,15
Brazil,BRA,2000,353.7878254843812,340.18284041000015,14005.3471874231,22.6397613567941,174018282,0,0,0,,0,0,,15
Brazil,BRA,2001,348.41857600731254,346.1657457899999,14016.1313772236,26.936285022064,176301203,0,0,0,,0,0,,15
Brazil,BRA,2002,337.97521638785645,347.7649615400001,14265.9048770292,27.6183574022309,178503484,0,0,0,,0,0,,15
Brazil,BRA,2003,322.63687454699084,344.6449365099999,14259.3664089322,28.1403847231593,180622688,0,0,0,,0,0,,15
Brazil,BRA,2004,334.97831988160436,361.4340080499999,14911.2609608592,29.6782524787535,182675143,0,0,0,,0,0,,15
Brazil,BRA,2005,349.0762562162031,364.37056839999997,15221.0138281541,27.0867952043315,184688101,0,0,1,,0,0,,15
Brazil,BRA,2006,360.3245603166271,368.87095494999966,15657.4795716983,26.04169989179,186653106,0,0,1,,0,0,,15
Brazil,BRA,2007,394.05073755128956,390.57344517999894,16440.583740032,25.2926113755394,188552320,0,0,1,,0,0,,15
Brazil,BRA,2008,445.5625344348573,412.63783457999915,17113.3679822643,27.257569417356,190367302,0,0,1,,0,1,,15
Brazil,BRA,2009,407.608713033377,389.77533079000074,16939.4407810328,22.1059756060333,192079951,0,0,1,,0,1,,15
Brazil,BRA,2010,478.87821992125845,440.2690400499999,18062.1581103659,22.772178113177,193701929,0,0,1,,0,1,,15
Brazil,BRA,2011,508.94298373046536,461.9113246400017,18627.8104529397,23.9344051758721,195284734,0,0,1,,0,1,,15
Brazil,BRA,2012,535.3233694681023,497.46820916999826,18832.2195527075,25.1142736107398,196876111,0,0,1,,0,1,,15
Brazil,BRA,2013,595.7654135361028,531.5688430800014,19241.5059815726,25.7859573274674,198478299,0,0,1,,0,1,,15
Brazil,BRA,2014,613.3269426654185,556.5255148099991,19183.172744636,24.6854058131291,200085127,0,0,1,,0,1,,15
Brazil,BRA,2015,556.2062373189938,528.1735457699988,18357.0690617991,26.95362593736,201675532,0,0,1,,0,1,,15
Brazil,BRA,2016,490.9999162173873,491.7448439799999,17620.9272434136,24.5336820777006,203218114,0,0,1,,0,1,,15
Brazil,BRA,2017,506.7365841781569,497.25454736786094,17724.4799577784,24.3197343743057,204703445,0,0,1,,0,1,,15
Brazil,BRA,2018,484.35488058721774,476.6005422274319,17917.7492123359,28.8762033763866,206107261,0,0,1,,0,1,,15
Brazil,BRA,2019,485.9855588887126,476.7237418104963,18018.6209151518,28.8902578698964,207455459,0,0,1,,0,1,,15
Brazil,BRA,2020,437.1534181601905,447.99938059478154,17327.5157249466,32.3020785437939,208660842,0,0,1,,0,1,,15
Brazil,BRA,2021,473.3487752698785,496.5619862386049,18075.7060049068,37.6563307598082,209550294,0,0,1,,0,1,,15
Brazil,BRA,2022,465.2425147620524,480.05829011624104,18554.0461828566,38.8160659763397,210306415,0,0,1,,0,1,,15
Brazil,BRA,2023,469.98873560761194,483.9919397356049,19079.8122134028,33.6662298301438,211140729,0,0,1,,0,1,,15
Brunei Darussalam,BRN,1990,3.8119810998625505,5.008688,118163.68336994,57.7484299019104,255292,0,0,0,,0,0,,16
Brunei Darussalam,BRN,1991,4.7269853286960055,6.8260320000000005,118220.68359533,62.9376106272656,262596,0,0,0,,0,0,,16
Brunei Darussalam,BRN,1992,5.08699150653024,6.668480000000001,111457.220883519,69.9356430075004,269839,0,0,0,,0,0,,16
Brunei Darussalam,BRN,1993,5.112397945472254,5.851408,107899.136339239,70.5057160411668,276971,0,0,0,,0,0,,16
Brunei Darussalam,BRN,1994,5.130057217580867,5.292823663999997,106239.232694338,62.8696183920448,284091,0,0,0,,0,0,,16
Brunei Darussalam,BRN,1995,5.363486681392384,5.884485256000004,105043.853097683,71.0372539498999,291195,0,0,0,,0,0,,16
Brunei Darussalam,BRN,1996,6.210070244304487,5.962525775999996,102522.125418121,80.4854766978859,298276,0,0,0,,0,0,,16
Brunei Darussalam,BRN,1997,5.778574637139521,6.17884631600001,106503.420270796,77.1488095360526,305341,0,0,0,,0,0,,16
Brunei Darussalam,BRN,1998,5.0484073476845905,5.595278708000006,97171.6372551031,78.7306051610635,312385,0,0,0,,0,0,,16
Brunei Darussalam,BRN,1999,4.297351598583042,5.978050844000015,99083.3205282422,75.9893555053428,319411,0,0,0,,0,0,,16
Brunei Darussalam,BRN,2000,3.541713305377543,5.886176419999988,100323.439918528,87.0553329877697,326424,0,0,0,,0,0,,16
Brunei Darussalam,BRN,2001,3.520862698842061,5.757950017093107,99680.7626777537,91.0997876196857,333345,0,0,0,,0,0,,16
Brunei Darussalam,BRN,2002,3.5687495047043214,5.28542616799999,101571.583784666,93.2161814722477,340099,0,0,0,,0,0,,16
Brunei Darussalam,BRN,2003,5.623181230172771,6.13963641999999,103226.914446986,89.085616098756,346637,0,0,0,,0,0,,16
Brunei Darussalam,BRN,2004,5.458391265403606,5.966673404000016,101497.754798655,84.8821666638192,352911,0,0,0,,0,0,,16
Brunei Darussalam,BRN,2005,4.973946403499771,5.428519131999996,99795.6850854526,81.6201140155232,358916,0,0,1,,0,0,,16
Brunei Darussalam,BRN,2006,5.494971730810132,7.143688300000009,102248.510300567,81.5709547429689,364663,0,0,1,,0,0,,16
Brunei Darussalam,BRN,2007,6.413971872325367,8.076696503999989,96752.6204091885,81.0114146368958,370873,0,0,1,,0,0,,16
Brunei Darussalam,BRN,2008,6.8392288765007265,9.165560775999996,91275.5000919182,89.7454253523344,377793,0,0,1,,0,1,,16
Brunei Darussalam,BRN,2009,6.76062620618805,7.744924859887841,87875.8283546044,90.2870882587894,384952,0,0,1,,0,1,,16
Brunei Darussalam,BRN,2010,6.755093605473165,8.017382151999993,88586.5133683924,95.3715460226132,392332,0,0,1,,0,1,,16
Brunei Darussalam,BRN,2011,9.775830759134028,9.555439338225286,90279.6634042123,99.5379309038179,399389,0,0,1,,0,1,,16
Brunei Darussalam,BRN,2012,9.281078303429998,9.49982794780549,89718.4636049982,105.640902140819,405557,0,0,1,,0,1,,16
Brunei Darussalam,BRN,2013,8.31664904868029,7.626054792356291,86606.6518910199,110.939599584216,411202,0,0,1,,0,1,,16
Brunei Darussalam,BRN,2014,8.210487894150877,8.830992322297266,83310.6151819533,102.421000963035,416750,0,0,1,,0,1,,16
Brunei Darussalam,BRN,2015,7.328609982907377,6.933290217214486,81910.1882959493,89.8961882533585,422212,0,0,1,,0,1,,16
Brunei Darussalam,BRN,2016,6.1545320884691925,7.632907621748914,78880.6228501768,87.319801332806,427564,0,0,1,,0,1,,16
Brunei Darussalam,BRN,2017,7.360355971649028,9.309384360717251,78966.8643142346,85.1768604269985,432772,0,0,1,,0,1,,16
Brunei Darussalam,BRN,2018,8.553372238272116,9.341089867716613,78099.0507802561,93.8980617666778,437810,0,0,1,,0,1,,16
Brunei Darussalam,BRN,2019,8.19305494180864,9.564189424123914,80228.1598170527,108.509658357959,442680,0,0,1,,0,1,,16
Brunei Darussalam,BRN,2020,9.154878211913127,11.157091357089797,80280.8980640677,110.291003658452,447404,0,0,1,,0,1,,16
Brunei Darussalam,BRN,2021,7.919487809462144,11.708840863160015,78248.797127611,147.123112375318,451721,0,0,1,,0,1,,16
Brunei Darussalam,BRN,2022,7.85608656536751,12.237037708009453,76357.829114996,146.973965879597,455370,0,0,1,,0,1,,16
Brunei Darussalam,BRN,2023,8.876348947050893,12.502692458444216,76616.7014884981,136.86343465048,458949,0,0,1,,0,1,,16
Botswana,BWA,1990,2.700368,2.700368,10520.9183978405,104.847320396747,1305696,0,0,0,,0,0,,17
Botswana,BWA,1991,2.634416,2.634416,11001.8013588128,99.5583853464229,1341756,0,0,0,,0,0,,17
Botswana,BWA,1992,2.7773120000000002,2.7773120000000002,11008.6810214184,89.7512545868151,1380033,0,0,0,,0,0,,17
Botswana,BWA,1993,3.195008,3.195008,10902.9512774946,86.2082050096699,1420115,0,0,0,,0,0,,17
Botswana,BWA,1994,3.030128,3.030128,10989.6700551057,88.1806097283683,1460023,0,0,0,,0,0,,17
Botswana,BWA,1995,3.044784,3.044784,11457.6994362472,94.595171646002,1498836,0,0,0,,0,0,,17
Botswana,BWA,1996,2.755328,2.755328,11832.9387782379,90.955575275056,1535914,0,0,0,,0,0,,17
Botswana,BWA,1997,2.799296,2.799296,12526.352236393,108.604415150755,1571691,0,0,0,,0,0,,17
Botswana,BWA,1998,3.341568,3.341568,12306.250477233,101.841039320292,1606899,0,0,0,,0,0,,17
Botswana,BWA,1999,3.1583680000000003,3.1583680000000003,13207.447346512,98.9290812021418,1641997,0,0,0,,0,0,,17
Botswana,BWA,2000,3.2602684149316365,3.777584,13185.8171514278,91.924729689918,1677382,0,0,0,,0,0,,17
Botswana,BWA,2001,3.0955020889673066,3.8472000000000004,12949.6403104655,87.5250655680957,1712254,0,0,0,,0,0,,17
Botswana,BWA,2002,5.681664147313101,3.97544,13479.6960719923,91.8357740585774,1744763,0,0,0,,0,0,,17
Botswana,BWA,2003,2.7614283373282116,3.825216,13857.2588264737,85.8340425151264,1775736,0,0,0,,0,0,,17
Botswana,BWA,2004,2.808238821278909,3.894832,13984.8415112641,90.9978228872631,1807146,0,0,0,,0,0,,17
Botswana,BWA,2005,2.8372379963934,4.096352,14361.9576327759,88.5053520573505,1839877,0,0,1,,0,0,,17
Botswana,BWA,2006,3.457541147298963,4.132992,15275.5828811117,86.612433913524,1874516,0,0,1,,0,0,,17
Botswana,BWA,2007,3.6670792002199852,4.228256,15850.2343496231,98.4965249407252,1911201,0,0,1,,0,0,,17
Botswana,BWA,2008,4.102518692715698,4.503056000000001,16040.3153236098,99.008222007989,1949970,0,0,1,,0,1,,17
Botswana,BWA,2009,4.062848622584548,3.8554439766791897,13489.9509168296,88.4807886337378,1990673,0,0,1,,0,1,,17
Botswana,BWA,2010,10.312116860980272,4.5372752755829575,14545.0198074427,94.6390020873926,2033111,0,0,1,,0,1,,17
Botswana,BWA,2011,13.077285892849215,4.028802276824283,15236.7188843522,98.9614677801469,2073535,0,0,1,,0,1,,17
Botswana,BWA,2012,13.593884934795913,5.076711280366489,14957.6189142932,111.875280620952,2108617,0,0,1,,0,1,,17
Botswana,BWA,2013,12.338555196730137,5.663054625369381,16369.4252971454,125.78303991122,2140682,0,0,1,,0,1,,17
Botswana,BWA,2014,14.193162780911331,6.8501643954921425,17052.1924105361,119.497541791464,2172044,0,0,1,,0,1,,17
Botswana,BWA,2015,12.54288090785315,5.417540395492143,15994.9643042101,112.900891016005,2203273,0,0,1,,0,1,,17
Botswana,BWA,2016,13.616897397558711,6.340872626439022,16905.588740873,100.464689766026,2234776,0,0,1,,0,1,,17
Botswana,BWA,2017,12.71076132369591,7.066344192383334,17352.8958451454,81.9239513763494,2266747,0,0,1,,0,1,,17
Botswana,BWA,2018,13.26010180655278,7.643491493032815,17825.018569213,87.4551039946493,2299141,0,0,1,,0,1,,17
Botswana,BWA,2019,13.715519550403581,7.485552000000001,18106.0105471124,83.0929813601175,2332083,0,0,1,,0,1,,17
Botswana,BWA,2020,12.64691348434465,6.19216,16289.3913582645,80.3250344865506,2365894,0,0,1,,0,1,,17
Botswana,BWA,2021,13.46197728483299,6.683136,17960.6254447437,91.0478497403998,2401441,0,0,1,,0,1,,17
Botswana,BWA,2022,14.071969447644948,7.395755330397213,18647.3734588832,86.0696039867252,2439892,0,0,1,,0,1,,17
Botswana,BWA,2023,14.508933971382334,7.248677413301813,18932.4802712334,70.1128327324509,2480244,0,0,1,,0,1,,17
Canada,CAN,1990,497.1791423475804,458.0178411483079,40475.096436631,49.9944644220497,27789443,1,2005,0,-15.0,2008,0,-18.0,18
Canada,CAN,1991,497.0201264273559,449.77647269488665,39139.2968301857,49.2234668475419,28157158,1,2005,0,-14.0,2008,0,-17.0,18
Canada,CAN,1992,513.9265465187167,463.392763963082,39023.1668132004,52.7380309449972,28500059,1,2005,0,-13.0,2008,0,-16.0,18
Canada,CAN,1993,498.71291611060377,464.0715983369544,39622.4634110923,58.2507961453047,28830637,1,2005,0,-12.0,2008,0,-15.0,18
Canada,CAN,1994,504.28969912088957,478.46785075837806,40952.1197737093,64.3915441455001,29147381,1,2005,0,-11.0,2008,0,-14.0,18
Canada,CAN,1995,514.1128454500636,491.30535321609915,41617.706919569,69.0617480799547,29459131,1,2005,0,-10.0,2008,0,-13.0,18
Canada,CAN,1996,523.8392863488207,507.7751962532317,41880.535589577,70.2600734560392,29767206,1,2005,0,-9.0,2008,0,-12.0,18
Canada,CAN,1997,551.4407800334832,522.018649784091,43241.2236471729,74.3365281134772,30059089,1,2005,0,-8.0,2008,0,-11.0,18
Canada,CAN,1998,560.7784109596198,529.6148028062054,44553.2651715658,78.0812683804376,30329969,1,2005,0,-7.0,2008,0,-10.0,18
Canada,CAN,1999,566.7173012116148,543.8595209247889,46464.5274488374,80.1147908564172,30599456,1,2005,0,-6.0,2008,0,-9.0,18
Canada,CAN,2000,581.5461101991525,566.67988565379,48399.2864445547,82.7653578503214,30891803,1,2005,0,-5.0,2008,0,-8.0,18
Canada,CAN,2001,566.3194934463517,558.9805792689056,48774.1483226516,78.3442183943698,31213577,1,2005,0,-4.0,2008,0,-7.0,18
Canada,CAN,2002,585.5080940707915,564.256191243103,49694.9870914363,75.7069052324349,31535577,1,2005,0,-3.0,2008,0,-6.0,18
Canada,CAN,2003,585.7863292999637,581.1904040192418,50139.7664579994,69.8399832953973,31836482,1,2005,0,-2.0,2008,0,-5.0,18
Canada,CAN,2004,592.0406939704764,576.286363390898,51210.6593966138,70.1923674409029,32132678,1,2005,0,-1.0,2008,0,-4.0,18
Canada,CAN,2005,615.941386490728,570.3961391978268,52356.5371486354,69.7585441602155,32440173,1,2005,1,0.0,2008,0,-3.0,18
Canada,CAN,2006,593.2990558910213,566.3153705084483,53195.7608573851,68.0508003453151,32759171,1,2005,1,1.0,2008,0,-2.0,18
Canada,CAN,2007,617.948927202631,589.9562616924908,53761.8407991685,66.2834197482347,33092171,1,2005,1,2.0,2008,0,-1.0,18
Canada,CAN,2008,600.405226150523,574.214346426857,53711.6580329654,67.023446571123,33449085,1,2005,1,3.0,2008,1,0.0,18
Canada,CAN,2009,584.8564258780195,541.129887943743,51552.4020321975,58.4742801830543,33826370,1,2005,1,4.0,2008,1,1.0,18
Canada,CAN,2010,618.6545651735828,554.3074035331069,52558.4200617806,60.2079046752442,34196899,1,2005,1,5.0,2008,1,2.0,18
Canada,CAN,2011,616.5924235380947,562.8324384270535,53681.1084809345,62.4984217100546,34555452,1,2005,1,6.0,2008,1,3.0,18
Canada,CAN,2012,614.2160867399117,561.7695308535722,54034.7821680318,62.5957887432013,34922516,1,2005,1,7.0,2008,1,4.0,18
Canada,CAN,2013,616.5194604936422,568.5897482818416,54712.1568593677,62.2315329073432,35293433,1,2005,1,8.0,2008,1,5.0,18
Canada,CAN,2014,599.0803994930022,564.9382411937003,55723.4615652506,64.3785976132125,35634264,1,2005,1,9.0,2008,1,6.0,18
Canada,CAN,2015,573.1934408703488,563.002591819986,55660.8455840759,66.1648355844224,35962234,1,2005,1,10.0,2008,1,7.0,18
Canada,CAN,2016,546.7364153646602,553.7070103961306,55606.1329948184,65.3636199818813,36353343,1,2005,1,11.0,2008,1,8.0,18
Canada,CAN,2017,554.6047305353093,566.6602912068831,56612.3062191777,65.1009087910845,36808497,1,2005,1,12.0,2008,1,9.0,18
Canada,CAN,2018,556.6195088228874,575.0907754657351,57337.4682870033,66.59982627163,37295005,1,2005,1,13.0,2008,1,10.0,18
Canada,CAN,2019,549.1406104588765,579.0070210820908,57583.8230739204,66.1713422730605,37782935,1,2005,1,14.0,2008,1,11.0,18
Canada,CAN,2020,502.9280181470905,524.207921279769,54092.8576890836,61.1566883386797,38171902,1,2005,1,15.0,2008,1,12.0,18
Canada,CAN,2021,523.9391971849512,537.4786620063688,56995.0952020711,62.2468612630348,38454057,1,2005,1,16.0,2008,1,13.0,18
Canada,CAN,2022,530.2594147313447,547.6576779912145,58583.1299860138,66.9531620692051,38821259,1,2005,1,17.0,2008,1,14.0,18
Canada,CAN,2023,519.942524779692,545.478503077811,58088.3778077995,66.5745425015033,39299105,1,2005,1,18.0,2008,1,15.0,18
Switzerland,CHE,1990,86.75671596176346,44.14869266407763,63921.4227334201,81.3269867032983,6713173,1,2005,0,-15.0,2008,0,-18.0,19
Switzerland,CHE,1991,87.29615162837261,46.130729544235535,62404.0627797363,77.0959452073654,6796943,1,2005,0,-14.0,2008,0,-17.0,19
Switzerland,CHE,1992,96.79983741115883,46.018065078756,61004.7423539695,77.737990004847,6875051,1,2005,0,-13.0,2008,0,-16.0,19
Switzerland,CHE,1993,88.04666005193536,43.609674160504866,59202.9850165162,76.5352937767088,6938106,1,2005,0,-12.0,2008,0,-15.0,19
Switzerland,CHE,1994,86.49823017037099,42.66798433678502,61091.4960852373,75.041108275243,6993587,1,2005,0,-11.0,2008,0,-14.0,19
Switzerland,CHE,1995,89.98602990249469,43.41374628559066,63169.2827232412,75.1376882191202,7040477,1,2005,0,-10.0,2008,0,-13.0,19
Switzerland,CHE,1996,98.95809524449555,44.10682644935099,63243.2134310286,77.8113363495061,7071883,1,2005,0,-9.0,2008,0,-12.0,19
Switzerland,CHE,1997,92.98113586304893,43.04631365642011,64414.4578915682,87.7278967644152,7089163,1,2005,0,-8.0,2008,0,-11.0,19
Switzerland,CHE,1998,107.55123491527108,44.622476856787145,66006.2566369566,87.5735021497451,7110291,1,2005,0,-7.0,2008,0,-10.0,19
Switzerland,CHE,1999,85.326388168179,44.44654926514542,66795.8879655155,89.0947747052773,7144121,1,2005,0,-6.0,2008,0,-9.0,19
Switzerland,CHE,2000,90.73943586114262,43.62051028874529,68834.8179906591,97.3533027751465,7184007,1,2005,0,-5.0,2008,0,-8.0,19
Switzerland,CHE,2001,109.5806955440535,45.084899299668166,69489.6995050103,95.2126294750525,7226391,1,2005,0,-4.0,2008,0,-7.0,19
Switzerland,CHE,2002,97.9568788111737,43.467076987342416,69228.3683320733,90.8996540981166,7278752,1,2005,0,-3.0,2008,0,-6.0,19
Switzerland,CHE,2003,101.29287170894725,44.65064973205108,68521.3420292943,89.7492121342442,7333447,1,2005,0,-2.0,2008,0,-5.0,19
Switzerland,CHE,2004,102.70065726274755,45.2311366340017,69812.378758031,95.0327601603667,7384194,1,2005,0,-1.0,2008,0,-4.0,19
Switzerland,CHE,2005,110.93082445428854,45.77611368342195,71414.3495582368,101.668892487876,7431823,1,2005,1,0.0,2008,0,-3.0,19
Switzerland,CHE,2006,123.0217719566773,45.36493352107423,73901.6149628577,105.761916866753,7478509,1,2005,1,1.0,2008,0,-2.0,19
Switzerland,CHE,2007,116.90687944069342,43.35941235836289,76161.5600232116,112.709971761703,7545381,1,2005,1,2.0,2008,0,-1.0,19
Switzerland,CHE,2008,111.10499125978893,44.70086894203798,77103.7188320632,116.342641744869,7641728,1,2005,1,3.0,2008,1,0.0,19
Switzerland,CHE,2009,120.58058547519529,43.5258490037172,74672.9512725807,109.062731270231,7737645,1,2005,1,4.0,2008,1,1.0,19
Switzerland,CHE,2010,113.40614378931032,45.033683247349416,76308.8064520802,119.202460523177,7825753,1,2005,1,5.0,2008,1,2.0,19
Switzerland,CHE,2011,127.59947171987497,40.97323031255823,76527.3361539945,125.047367558638,7914372,1,2005,1,6.0,2008,1,3.0,19
Switzerland,CHE,2012,175.35029102231456,42.24218893445104,76570.2378987121,125.865940588688,7998926,1,2005,1,7.0,2008,1,4.0,19
Switzerland,CHE,2013,153.12884431620483,43.182925573451705,77084.6656456739,132.800535321539,8091202,1,2005,1,8.0,2008,1,5.0,19
Switzerland,CHE,2014,160.0161066418843,39.24415039058731,78086.6805249841,119.230530793932,8190235,1,2005,1,9.0,2008,1,6.0,19
Switzerland,CHE,2015,159.65754407860206,38.75606048340904,78325.7487417695,116.370019931647,8283934,1,2005,1,10.0,2008,1,7.0,19
Switzerland,CHE,2016,170.80463345084175,39.224779068307974,78956.0667315042,122.941735178779,8374901,1,2005,1,11.0,2008,1,8.0,19
Switzerland,CHE,2017,135.27149612672468,38.23400104333547,79333.7437810881,122.948395589146,8453628,1,2005,1,12.0,2008,1,9.0,19
Switzerland,CHE,2018,127.1671839879277,36.945067063943384,81371.8944120855,123.499829706856,8516344,1,2005,1,13.0,2008,1,10.0,19
Switzerland,CHE,2019,124.00884840929079,36.82224159661667,81694.630652314,123.022509832864,8577524,1,2005,1,14.0,2008,1,11.0,19
Switzerland,CHE,2020,109.8062401186,34.34325466902515,79270.8713687141,121.451100609762,8640582,1,2005,1,15.0,2008,1,12.0,19
Switzerland,CHE,2021,120.78864275406701,35.902444783512756,83524.9832880195,128.004119652561,8707023,1,2005,1,16.0,2008,1,13.0,19
Switzerland,CHE,2022,125.6687336924122,32.95056059536024,85762.2829174304,136.235871048363,8792182,1,2005,1,17.0,2008,1,14.0,19
Switzerland,CHE,2023,118.32955684604767,31.977486062446655,85383.3564504008,129.7371945484,8870561,1,2005,1,18.0,2008,1,15.0,19
Chile,CHL,1990,32.3787792525344,32.908151581887836,10955.2486481454,61.2086377787818,13437176,0,0,0,,0,0,,20
Chile,CHL,1991,31.394909225632876,30.891789986560447,11610.2783301649,57.5075471638552,13662491,0,0,0,,0,0,,20
Chile,CHL,1992,33.909029128946024,32.00067143465217,12738.6163157023,55.5417477003547,13884577,0,0,0,,0,0,,20
Chile,CHL,1993,36.108177365833576,34.09786423348177,13380.4722185057,52.9138530560271,14102276,0,0,0,,0,0,,20
Chile,CHL,1994,38.92272947559395,37.974877219321506,13849.6261008096,52.8076839539658,14316256,0,0,0,,0,0,,20
Chile,CHL,1995,42.170502233309755,41.56267380259988,14911.5640742268,54.6874835998853,14527381,0,0,0,,0,0,,20
Chile,CHL,1996,48.115945408163505,48.22628878054332,15748.4653555533,53.9207522864456,14734046,0,0,0,,0,0,,20
Chile,CHL,1997,55.73421568596449,55.94201945980012,16687.855593506,54.099302009374,14932434,0,0,0,,0,0,,20
Chile,CHL,1998,60.140027735817974,57.25842980574007,17161.0335564475,53.8361806045338,15127799,0,0,0,,0,0,,20
Chile,CHL,1999,60.421068269048845,61.407970508639806,16900.1244018472,54.6956096251975,15319313,0,0,0,,0,0,,20
Chile,CHL,2000,60.94763531306497,58.50262158233996,17529.4205997692,58.7119233335812,15503635,0,0,0,,0,0,,20
Chile,CHL,2001,54.629313491060294,52.918388322580554,17874.5313866938,62.144766332768,15683849,0,0,0,,0,0,,20
Chile,CHL,2002,58.811768451181564,54.83561301774207,18244.5196827315,62.4838547414591,15857925,0,0,0,,0,0,,20
Chile,CHL,2003,55.01199123585273,55.10021290513255,18907.3458745755,65.6934161956491,16024752,0,0,0,,0,0,,20
Chile,CHL,2004,58.68640965562566,59.22108990118014,19966.7093106095,69.8893603825954,16187322,0,0,0,,0,0,,20
Chile,CHL,2005,63.15860381983147,61.11645446546007,20923.479756183,72.062533372953,16348778,0,0,1,,0,0,,20
Chile,CHL,2006,66.41810376009003,64.04828233233994,21973.7382914389,73.7116341203328,16509195,0,0,1,,0,0,,20
Chile,CHL,2007,73.02800697177939,70.46924489114689,22884.2997108846,76.9770240591423,16671581,0,0,1,,0,0,,20
Chile,CHL,2008,84.47452938189846,70.54901371824658,23515.3473178269,80.676626653784,16838988,0,0,1,,0,1,,20
Chile,CHL,2009,65.87954598250029,65.95976051204975,23019.0299454094,66.6860312494996,17009731,0,0,1,,0,1,,20
Chile,CHL,2010,76.56556506544217,71.34747997367525,24122.4787924386,69.7176802332624,17181464,0,0,1,,0,1,,20
Chile,CHL,2011,88.34991053076753,78.07144083810195,25372.2741480772,72.481642209343,17351816,0,0,1,,0,1,,20
Chile,CHL,2012,95.01238120605919,79.6208880905654,26676.8110154019,68.1561435339271,17519119,0,0,1,,0,1,,20
Chile,CHL,2013,92.65712307779667,81.73326900960691,27297.8185145366,65.1432877063737,17687006,0,0,1,,0,1,,20
Chile,CHL,2014,85.49464551895541,77.58620188521121,27511.5610030404,65.6346274347707,17864195,0,0,1,,0,1,,20
Chile,CHL,2015,88.16850275240716,81.77846242209296,27817.9584848024,59.3491105681231,18047625,0,0,1,,0,1,,20
Chile,CHL,2016,88.83038893546069,84.25049700183611,27965.3473526831,56.0578603070995,18267221,0,0,1,,0,1,,20
Chile,CHL,2017,88.80615080959747,84.13462224694624,27899.5979777012,56.0261586393213,18558868,0,0,1,,0,1,,20
Chile,CHL,2018,92.76019214412342,84.44264241360669,28499.4064000406,58.1770513035882,18893191,0,0,1,,0,1,,20
Chile,CHL,2019,97.96779703728151,91.97705155325883,28227.9790507594,57.6069157856537,19197744,0,0,1,,0,1,,20
Chile,CHL,2020,83.11113765055413,80.17822108232104,26258.4038553242,58.1687693933374,19370624,0,0,1,,0,1,,20
Chile,CHL,2021,91.10177527792807,83.63030774269846,29106.6356522053,64.8399924791736,19456334,0,0,1,,0,1,,20
Chile,CHL,2022,92.38512073659982,85.74378080044657,29560.4513805785,75.2334197533759,19553036,0,0,1,,0,1,,20
Chile,CHL,2023,88.15655237978129,77.60421951871369,29600.4188613168,60.6766444736157,19658835,0,0,1,,0,1,,20
China (mainland),CHN,1990,2360.770923056561,2483.534508747596,1666.8141224419,24.2259824799678,1153582724,0,0,0,,0,0,,21
China (mainland),CHN,1991,2457.9164888045734,2619.143299973683,1798.38257887629,25.8729814947102,1170788528,0,0,0,,0,0,,21
China (mainland),CHN,1992,2658.183993524896,2731.290300364672,2030.47126519674,30.0340940533808,1184574237,0,0,0,,0,0,,21
China (mainland),CHN,1993,2810.0926046301097,2914.2844305934645,2286.7956394875,35.9086416582146,1197308575,0,0,0,,0,0,,21
China (mainland),CHN,1994,2792.0387050898553,3093.8909144768822,2556.90688386013,35.605463524878,1209003096,0,0,0,,0,0,,21
China (mainland),CHN,1995,3036.593647164196,3351.197381093915,2807.88647301744,34.1049521589323,1220133927,0,0,0,,0,0,,21
China (mainland),CHN,1996,3159.357985792209,3499.310587610653,3055.72827655781,33.6287512313005,1230944812,0,0,0,,0,0,,21
China (mainland),CHN,1997,3099.5812897893484,3512.3497733198287,3305.83025665988,34.3135763220021,1241139622,0,0,0,,0,0,,21
China (mainland),CHN,1998,2997.351432642203,3355.335968174286,3533.69839702638,32.1717399357488,1250847127,0,0,0,,0,0,,21
China (mainland),CHN,1999,3191.316241014972,3549.9490639021233,3774.42758274469,33.2255380760054,1260176655,0,0,0,,0,0,,21
China (mainland),CHN,2000,3236.003581422632,3643.8095317599605,4065.86707804429,39.0109424774998,1269581175,0,0,0,,0,0,,21
China (mainland),CHN,2001,3331.183325958488,3724.114201467802,4372.43560608339,38.0826469518334,1278725063,0,0,0,,0,0,,21
China (mainland),CHN,2002,3619.7054485963067,4098.180518043642,4744.38182475307,42.1944423387413,1286866839,0,0,0,,0,0,,21
China (mainland),CHN,2003,4019.6886457922974,4835.252009954421,5191.78118308167,51.0774801301803,1294517326,0,0,0,,0,0,,21
China (mainland),CHN,2004,4254.643470795246,5210.961464875471,5684.3881718733,58.6403340408439,1302100316,0,0,0,,0,0,,21
China (mainland),CHN,2005,4646.610129166412,5881.990922859983,6298.29929808598,61.3600749408237,1310027136,0,0,1,,0,0,,21
China (mainland),CHN,2006,5064.244429020953,6486.184580942846,7057.11131595304,63.5695798621627,1318054036,0,0,1,,0,0,,21
China (mainland),CHN,2007,5468.660296282997,6974.6631034081865,8013.78375739131,61.2664640006176,1325813582,0,0,1,,0,0,,21
China (mainland),CHN,2008,5887.974388625459,7492.404429908059,8743.7020031299,56.7111330003209,1333821016,0,0,1,,0,1,,21
China (mainland),CHN,2009,6653.184855080405,7881.490879043807,9518.68128351945,44.4197644331119,1342522716,0,0,1,,0,1,,21
China (mainland),CHN,2010,7260.693650454753,8610.047986733776,10476.1525652407,49.8540722338977,1351561514,0,0,1,,0,1,,21
China (mainland),CHN,2011,8056.911096501748,9520.153113379836,11404.9179835542,49.9458272253643,1360250664,0,0,1,,0,1,,21
China (mainland),CHN,2012,8342.668123955173,9767.310897482334,12217.9343813101,47.4802130784317,1369520864,0,0,1,,0,1,,21
China (mainland),CHN,2013,8627.3763759362,9942.37099087844,13080.8787864744,45.9160413795571,1379008040,0,0,1,,0,1,,21
China (mainland),CHN,2014,8720.130409466205,9976.027809524385,13968.5187785922,44.0684564812532,1387951972,0,0,1,,0,1,,21
China (mainland),CHN,2015,8789.745222288324,9858.040443139986,14857.1088234405,38.6971848362625,1396134174,0,0,1,,0,1,,21
China (mainland),CHN,2016,8672.109058379638,9748.174775596957,15772.8372607502,36.177170692978,1404052632,0,0,1,,0,1,,21
China (mainland),CHN,2017,8957.401889522776,10000.013644585273,16758.0463976858,36.95085261586,1412354727,0,0,1,,0,1,,21
China (mainland),CHN,2018,9443.431790104622,10346.790233603599,17807.0490552244,36.8943843914718,1419008956,0,0,1,,0,1,,21
China (mainland),CHN,2019,9767.083807854193,10713.514487671044,18820.5871645645,35.4544350281407,1423520357,0,0,1,,0,1,,21
China (mainland),CHN,2020,9798.917333645088,10896.520399581279,19215.1012491012,34.337778473884,1426106093,0,0,1,,0,1,,21
China (mainland),CHN,2021,10087.989669033432,11284.401136776953,20843.2978347377,36.6428789643754,1426437267,0,0,1,,0,1,,21
China (mainland),CHN,2022,10427.033388112317,11711.807355957999,21499.3125559757,37.512555678171,1425179569,0,0,1,,0,1,,21
China (mainland),CHN,2023,10857.024633682493,12172.009026712858,22687.2519534328,36.7391496938394,1422584933,0,0,1,,0,1,,21
Côte d'Ivoire,CIV,1990,5.766201819963444,4.7815199999999995,5255.54850266487,58.8014956103209,12189778,0,0,0,,0,0,,22
Côte d'Ivoire,CIV,1991,5.386461753210836,4.308864,5052.88904768462,56.9978213142969,12683870,0,0,0,,0,0,,22
Côte d'Ivoire,CIV,1992,5.64975796646251,3.843536,4843.32931958155,60.0250653360901,13200310,0,0,0,,0,0,,22
Côte d'Ivoire,CIV,1993,6.37197864874197,5.09296,4645.50187236924,55.3485218490843,13735951,0,0,0,,0,0,,22
Côte d'Ivoire,CIV,1994,5.24676493206914,4.132992,4502.49283983062,69.8366580166987,14287201,0,0,0,,0,0,,22
Côte d'Ivoire,CIV,1995,7.177823270010284,6.22533682906578,4638.79163883935,76.202343905242,14855565,0,0,0,,0,0,,22
Côte d'Ivoire,CIV,1996,7.675204608395007,7.526008503999992,4807.45984346502,52.8042944211567,15442312,0,0,0,,0,0,,22
Côte d'Ivoire,CIV,1997,7.734319257452293,7.211237916510018,5072.6345612587,54.0062903380367,16047170,0,0,0,,0,0,,22
Côte d'Ivoire,CIV,1998,8.141975855749745,6.74815739999999,5093.16936951716,53.6538337944761,16663948,0,0,0,,0,0,,22
Côte d'Ivoire,CIV,1999,6.640417428614516,6.095407380000006,4987.39397799406,55.8935626908747,17215935,0,0,0,,0,0,,22
Côte d'Ivoire,CIV,2000,7.117659935742727,6.630064393094458,4838.37602767698,54.9639916295152,17699004,0,0,0,,0,0,,22
Côte d'Ivoire,CIV,2001,6.327289522495452,7.653345324000003,4609.17878891553,53.1141047180447,18178913,0,0,0,,0,0,,22
Côte d'Ivoire,CIV,2002,5.15690936694827,7.45016474400001,4368.96040639474,55.9019482275388,18654771,0,0,0,,0,0,,22
Côte d'Ivoire,CIV,2003,5.930116701931111,5.300524773781997,4060.03041319294,53.260060681877,19125542,0,0,0,,0,0,,22
Côte d'Ivoire,CIV,2004,6.710212681349869,7.386261147999996,4088.97542020506,58.1182963035946,19595000,0,0,0,,0,0,,22
Côte d'Ivoire,CIV,2005,6.759791725585443,7.568018848000011,4032.27570780036,62.8209360402806,20068458,0,0,1,,0,0,,22
Côte d'Ivoire,CIV,2006,6.715346123805392,6.887238136000008,4049.29028298687,63.690377061452,20546802,0,0,1,,0,0,,22
Côte d'Ivoire,CIV,2007,7.3125127300443715,6.653269667999986,3999.72054350731,61.4309423484426,21030558,0,0,1,,0,0,,22
Côte d'Ivoire,CIV,2008,7.274399395082939,6.712605368000002,4096.75377364759,61.9406212969499,21514439,0,0,1,,0,1,,22
Côte d'Ivoire,CIV,2009,6.7269921990823764,5.659943296000007,4151.08431510133,66.6729037469185,21997940,0,0,1,,0,1,,22
Côte d'Ivoire,CIV,2010,7.521582416236289,6.224745728000011,4338.68457800736,67.472940081257,22488065,0,0,1,,0,1,,22
Côte d'Ivoire,CIV,2011,7.353720765563518,6.523169708731749,4017.43753814324,64.7159030611345,22982000,0,0,1,,0,1,,22
Côte d'Ivoire,CIV,2012,10.381514832610154,8.540009689463524,4234.21187719492,70.3010893191249,23467078,0,0,1,,0,1,,22
Côte d'Ivoire,CIV,2013,11.72206507814845,9.679769845738791,4597.22035890241,58.3526792527234,23939775,0,0,1,,0,1,,22
Côte d'Ivoire,CIV,2014,12.11734608840097,9.903224872576805,4907.61080546543,53.6804175610344,24527395,0,0,1,,0,1,,22
Côte d'Ivoire,CIV,2015,12.650375124500156,9.554745084387577,5110.90021438908,52.7153604615931,25246342,0,0,1,,0,1,,22
Côte d'Ivoire,CIV,2016,14.728803664620946,11.979472046065675,5320.88582199186,47.5655783613535,25989405,0,0,1,,0,1,,22
Côte d'Ivoire,CIV,2017,14.760288175457639,12.001905196180882,5556.1547631509,48.6625074729482,26733372,0,0,1,,0,1,,22
Côte d'Ivoire,CIV,2018,14.407870674305581,10.415199831585545,5670.24199741353,46.0375087102874,27464173,0,0,1,,0,1,,22
Côte d'Ivoire,CIV,2019,14.405542665038844,10.538745309665483,5894.92235259103,44.6604105830795,28193009,0,0,1,,0,1,,22
Côte d'Ivoire,CIV,2020,14.36674060969641,11.018607436043295,5787.85814696561,41.9426318190526,28915449,0,0,1,,0,1,,22
Côte d'Ivoire,CIV,2021,17.246733691166426,13.665820137319988,6045.20480490881,45.1140327762435,29639736,0,0,1,,0,1,,22
Côte d'Ivoire,CIV,2022,18.236667482037685,14.504320972026788,6272.26395760029,52.8663910413483,30395002,0,0,1,,0,1,,22
Côte d'Ivoire,CIV,2023,17.864593522499483,14.052436298029594,6520.89886459765,48.8170039103332,31165654,0,0,1,,0,1,,22
Cameroon,CMR,1990,3.278843593813986,2.6047932736255004,4517.61887779618,37.496445441126,11331821,0,0,0,,0,0,,23
Cameroon,CMR,1991,3.345482535107235,2.668440375579158,4220.65297387084,34.6387793556715,11667180,0,0,0,,0,0,,23
Cameroon,CMR,1992,3.5108080286631105,2.7122987290762905,3974.27759501196,38.8625921730277,12006353,0,0,0,,0,0,,23
Cameroon,CMR,1993,3.6977603255977454,2.865800512165868,3556.31854424592,26.1588429586065,12353131,0,0,0,,0,0,,23
Cameroon,CMR,1994,5.4033567602082835,4.879764119166351,3522.74885285749,36.9611210051921,12704903,0,0,0,,0,0,,23
Cameroon,CMR,1995,5.892133743338306,5.374671288332977,3526.54367510339,36.682272663701,13058516,0,0,0,,0,0,,23
Cameroon,CMR,1996,6.411247450503444,5.974659844221854,3577.59204137871,45.1156121020442,13414757,0,0,0,,0,0,,23
Cameroon,CMR,1997,6.170921769045119,5.378781012524169,3641.70750463277,48.4696352704455,13775214,0,0,0,,0,0,,23
Cameroon,CMR,1998,6.413037549375004,5.373171620184162,3714.13212604236,42.2946538344074,14144860,0,0,0,,0,0,,23
Cameroon,CMR,1999,5.8084472470522295,5.21944965944815,3780.06217282191,37.2383798464814,14525140,0,0,0,,0,0,,23
Cameroon,CMR,2000,5.881271909702757,5.588569311605971,3822.94425358926,47.9279442460149,14912631,0,0,0,,0,0,,23
Cameroon,CMR,2001,6.485313575458247,5.562423970291927,3884.87304812714,51.5722691890366,15309490,0,0,0,,0,0,,23
Cameroon,CMR,2002,7.777104834038824,5.350641988735366,3951.41936232132,48.4817227279603,15725528,0,0,0,,0,0,,23
Cameroon,CMR,2003,6.732894436252173,5.7046216902746325,4054.78133246517,40.2431925894529,16160340,0,0,0,,0,0,,23
Cameroon,CMR,2004,6.0503876592145405,5.698455088103446,4222.96638689885,41.8377424272557,16610487,0,0,0,,0,0,,23
Cameroon,CMR,2005,5.996707252162512,5.423858034698957,4199.72270969362,44.9976813478478,17074594,0,0,1,,0,0,,23
Cameroon,CMR,2006,6.990021596197636,5.485918725911955,4241.51744722821,47.1044341803567,17550407,0,0,1,,0,0,,23
Cameroon,CMR,2007,8.763682059716936,7.409372786890084,4302.6192630847,53.2156908605178,18049896,0,0,1,,0,0,,23
Cameroon,CMR,2008,9.021800980976694,7.320619409151084,4300.26640352464,56.9244171562734,18574056,0,0,1,,0,1,,23
Cameroon,CMR,2009,10.137574250158696,8.554963316582937,4286.57718166156,42.1761073594765,19113974,0,0,1,,0,1,,23
Cameroon,CMR,2010,9.789379145266482,8.383322439785534,4286.58302947378,47.2385853965951,19668066,0,0,1,,0,1,,23
Cameroon,CMR,2011,9.959445051068082,8.10527791143717,4307.85195558527,51.521987603918,20232304,0,0,1,,0,1,,23
Cameroon,CMR,2012,10.008898122904341,7.607038035968147,4382.11120797355,50.0360127271229,20809529,0,0,1,,0,1,,23
Cameroon,CMR,2013,9.721719132008701,7.853180923253079,4473.57231896434,49.6745363462134,21402376,0,0,1,,0,1,,23
Cameroon,CMR,2014,10.351391257961767,8.775173690852288,4588.4864949903,50.8323893087648,22059893,0,0,1,,0,1,,23
Cameroon,CMR,2015,11.055433462358659,9.849950645947933,4698.66677843587,45.5401468279393,22763414,0,0,1,,0,1,,23
Cameroon,CMR,2016,10.980332281610549,9.964923742994497,4767.13186148953,40.6386315268268,23454161,0,0,1,,0,1,,23
Cameroon,CMR,2017,10.407603805178965,9.581727772619699,4797.97544185544,39.1990216052629,24128601,0,0,1,,0,1,,23
Cameroon,CMR,2018,9.681866460253158,9.84386337669947,4851.48003949961,40.587602877028,24806383,0,0,1,,0,1,,23
Cameroon,CMR,2019,9.3005198590996,9.605290327379286,4882.35560028896,43.3785132480415,25506095,0,0,1,,0,1,,23
Cameroon,CMR,2020,9.928524199665393,9.716267097675319,4763.48194388066,33.7388313623871,26210558,0,0,1,,0,1,,23
Cameroon,CMR,2021,10.199421790565607,9.733521621721918,4793.55628200196,36.7308347188558,26915758,0,0,1,,0,1,,23
Cameroon,CMR,2022,10.0061507708712,9.79243502520416,4843.65038202917,41.2866025594679,27632771,0,0,1,,0,1,,23
Cameroon,CMR,2023,10.383825148617353,9.694864290044348,4875.25120768005,37.8903321242578,28372687,0,0,1,,0,1,,23
Colombia,COL,1990,60.09048880221484,56.85692927319982,9998.81069684463,34.7778103803081,32440069,0,0,0,,0,0,,24
Colombia,COL,1991,59.17273451208501,56.609032380000066,9996.0978604328,33.5299180947153,33098372,0,0,0,,0,0,,24
Colombia,COL,1992,66.56394362528384,61.34067194039996,10196.4329707468,33.6115913436524,33760571,0,0,0,,0,0,,24
Colombia,COL,1993,67.99974459090475,63.26020200573113,10533.1149561734,36.1774714449627,34441473,0,0,0,,0,0,,24
Colombia,COL,1994,71.33993448884425,66.98180801349714,10927.9389491607,35.917537450138,35127410,0,0,0,,0,0,,24
Colombia,COL,1995,65.68840536095173,59.34988508479994,11279.0004579347,35.4972303177666,35804662,0,0,0,,0,0,,24
Colombia,COL,1996,64.90773813952003,59.628169840968035,11303.1308859186,36.0441071863282,36462745,0,0,0,,0,0,,24
Colombia,COL,1997,70.36022854697185,65.09560564500003,11483.5050125907,35.5970680886793,37121149,0,0,0,,0,0,,24
Colombia,COL,1998,70.91890070594677,65.55956918243344,11343.8799115733,35.9089230535138,37792165,0,0,0,,0,0,,24
Colombia,COL,1999,54.52551691176316,55.28585006578416,10679.7092686089,36.1492793141794,38454863,0,0,0,,0,0,,24
Colombia,COL,2000,54.09475897338057,56.21294131707683,10813.4942250011,32.6670854693067,39089934,0,0,0,,0,0,,24
Colombia,COL,2001,54.87265382539255,56.46513248354415,10823.4504878807,33.9011117949445,39709262,0,0,0,,0,0,,24
Colombia,COL,2002,54.937682658841574,55.416711141384035,10925.1485602082,32.9826392144234,40324680,0,0,0,,0,0,,24
Colombia,COL,2003,59.85129999609486,57.03349000866844,11183.2911819793,36.51618351723,40937429,0,0,0,,0,0,,24
Colombia,COL,2004,59.67906974674578,54.32403826832007,11607.9384935105,35.8634269337995,41543171,0,0,0,,0,0,,24
Colombia,COL,2005,66.69723202531115,60.25647283904841,11999.2549591305,37.422697494955,42128977,0,0,1,,0,0,,24
Colombia,COL,2006,72.40184350013995,62.46571532780817,12636.6246577724,39.6413559606293,42691084,0,0,1,,0,0,,24
Colombia,COL,2007,76.20977224203749,60.66993939199999,13318.3033138168,37.0988970982903,43235374,0,0,1,,0,0,,24
Colombia,COL,2008,81.16019948818024,66.98220719280009,13591.0609028567,39.1676494164355,43758808,0,0,1,,0,1,,24
Colombia,COL,2009,82.57533166929707,71.77096847880013,13586.7518430982,35.1561285074585,44271541,0,0,1,,0,1,,24
Colombia,COL,2010,89.39162370663591,75.43116746041014,14037.0642668639,34.2646031687681,44777319,0,0,1,,0,1,,24
Colombia,COL,2011,92.36415519047691,75.19138853989412,14852.3699513061,39.4704235545367,45259614,0,0,1,,0,1,,24
Colombia,COL,2012,97.14681974329817,78.67482628466414,15279.4790008058,38.835151018669,45715810,0,0,1,,0,1,,24
Colombia,COL,2013,104.41046241603779,86.44509970925853,15912.2471293239,37.9866487978457,46151584,0,0,1,,0,1,,24
Colombia,COL,2014,113.14912068881067,92.04168634506684,16480.3631474161,37.4874656411103,46565429,0,0,1,,0,1,,24
Colombia,COL,2015,108.18725966645505,91.02659062188381,16821.3801400631,38.3607641184453,46969940,0,0,1,,0,1,,24
Colombia,COL,2016,107.75065648820028,91.58288855872175,17003.244366485,36.202652984202,47437512,0,0,1,,0,1,,24
Colombia,COL,2017,99.16931382242474,83.45881560877062,16986.0334182842,35.2829149424588,48131078,0,0,1,,0,1,,24
Colombia,COL,2018,106.34863201225885,90.8106878865033,17104.1313545678,36.5347527968973,49024465,0,0,1,,0,1,,24
Colombia,COL,2019,112.44970408289319,98.96191144918252,17336.7716030551,37.558533980839,49907985,0,0,1,,0,1,,24
Colombia,COL,2020,105.49898259424586,92.30515411232746,15861.4999291295,34.0555709680101,50629997,0,0,1,,0,1,,24
Colombia,COL,2021,116.94558505495732,103.73352601673167,17383.0901728295,40.0591463936128,51188173,0,0,1,,0,1,,24
Colombia,COL,2022,103.87557511228539,89.43693992000041,18458.7209460704,48.2826551123359,51737944,0,0,1,,0,1,,24
Colombia,COL,2023,104.46491664627176,89.99234841651847,18406.6242338491,40.1333165322581,52321152,0,0,1,,0,1,,24
Costa Rica,CRI,1990,4.863245302237745,2.9091545330838824,10979.788113325,75.2851641940228,3121706,0,0,0,,0,0,,25
Costa Rica,CRI,1991,5.0584057276109675,3.282460341678406,10946.3811047015,71.439665459041,3202176,0,0,0,,0,0,,25
Costa Rica,CRI,1992,5.624665303342811,3.7353183395524248,11654.8187340805,76.0962304692027,3284258,0,0,0,,0,0,,25
Costa Rica,CRI,1993,5.596941840983269,3.8814984716953655,12173.6770672722,79.3523385430138,3367434,0,0,0,,0,0,,25
Costa Rica,CRI,1994,6.62563609883577,5.188110793117787,12415.2629246683,77.9973064577321,3451122,0,0,0,,0,0,,25
Costa Rica,CRI,1995,6.516845059298158,4.7886130117084775,12623.5339424627,79.7743735897208,3535176,0,0,0,,0,0,,25
Costa Rica,CRI,1996,6.167266548450198,4.673413106814686,12497.627359916,84.05715799017,3619013,0,0,0,,0,0,,25
Costa Rica,CRI,1997,7.177979415974649,4.900028555981728,12887.5255656264,87.6131965012773,3701711,0,0,0,,0,0,,25
Costa Rica,CRI,1998,7.414194808053514,5.213757206534705,13505.0840975141,92.0380202177963,3782838,0,0,0,,0,0,,25
Costa Rica,CRI,1999,7.677805761498714,5.415418224482365,13776.5829416464,87.5386136418898,3862101,0,0,0,,0,0,,25
Costa Rica,CRI,2000,8.282311620558874,5.367233483816944,14025.6899537485,86.5249233826171,3937739,0,0,0,,0,0,,25
Costa Rica,CRI,2001,8.402870757009238,5.637902477105953,14257.525071713,80.8527575070405,4008947,0,0,0,,0,0,,25
Costa Rica,CRI,2002,11.576809359970117,6.214328972706808,14503.176481607,80.4139436754132,4075705,0,0,0,,0,0,,25
Costa Rica,CRI,2003,10.43164684678661,6.5510197993230825,14898.7197394794,83.3277075502937,4138784,0,0,0,,0,0,,25
Costa Rica,CRI,2004,10.511522423586763,6.796822979308653,15330.8832332948,85.2564775039755,4200078,0,0,0,,0,0,,25
Costa Rica,CRI,2005,10.68314007565055,6.659584284974721,15711.7451335337,89.2226646399546,4261240,0,0,1,,0,0,,25
Costa Rica,CRI,2006,11.721245285942933,6.976075909241491,16628.3723014013,89.814554322106,4321340,0,0,1,,0,0,,25
Costa Rica,CRI,2007,13.150651967712426,7.906676157962623,17752.4161954513,86.4565956113537,4380248,0,0,1,,0,0,,25
Costa Rica,CRI,2008,13.866471475173228,7.934121930496419,18343.0996854851,86.4015124904847,4440056,0,0,1,,0,1,,25
Costa Rica,CRI,2009,11.237843311434402,7.69312152903654,17941.5019129465,69.7593172897331,4499791,0,0,1,,0,1,,25
Costa Rica,CRI,2010,11.897928224853867,7.461208410774534,18670.1678827387,67.5120894036891,4555962,0,0,1,,0,1,,25
Costa Rica,CRI,2011,13.028985374168686,7.276383490488929,19264.4566461776,68.6391459050112,4609833,0,0,1,,0,1,,25
Costa Rica,CRI,2012,12.9612005323364,7.216785991948817,19970.6856013628,67.0485391393947,4663934,0,0,1,,0,1,,25
Costa Rica,CRI,2013,13.259897888248384,7.583545732314409,20242.2938648319,64.0664108162845,4716147,0,0,1,,0,1,,25
Costa Rica,CRI,2014,13.264587291164478,7.701872581614699,20735.1927258406,65.1912422181011,4767119,0,0,1,,0,1,,25
Costa Rica,CRI,2015,13.18297785525168,7.3528251537223515,21265.3176336354,60.7535621474841,4818038,0,0,1,,0,1,,25
Costa Rica,CRI,2016,13.935530505542786,7.828941950875217,21936.4660575366,62.178478293067,4866998,0,0,1,,0,1,,25
Costa Rica,CRI,2017,14.333042369864184,7.9867818835483115,22633.7648663302,65.0719536997344,4913177,0,0,1,,0,1,,25
Costa Rica,CRI,2018,14.721336865031352,7.966996631304377,23069.8622241266,66.7874137887726,4957818,0,0,1,,0,1,,25
Costa Rica,CRI,2019,14.35180367886675,7.66039486826291,23496.8294622995,65.4194732486775,4999553,0,0,1,,0,1,,25
Costa Rica,CRI,2020,12.306642967297712,6.754069721076479,22368.1378072638,59.7463550719484,5034320,0,0,1,,0,1,,25
Costa Rica,CRI,2021,14.010764693337803,7.66543829318413,24083.5988182437,70.103693305909,5059988,0,0,1,,0,1,,25
Costa Rica,CRI,2022,14.65520439038219,8.010137742708945,25290.0087466975,79.0523903153884,5081765,0,0,1,,0,1,,25
Costa Rica,CRI,2023,14.691776871869035,8.472528671904424,26378.5409941926,71.4380310340536,5105525,0,0,1,,0,1,,25
Cyprus,CYP,1990,5.458165737587784,4.647757041594656,27666.53515625,108.608208716902,579400,0,0,0,,0,0,,26
Cyprus,CYP,1991,5.5866478335718535,5.136099683509619,27158.92578125,104.179904915897,594900,0,0,0,,0,0,,26
Cyprus,CYP,1992,6.196393168735278,5.508840915321621,28931.814453125,110.097007340814,610600,0,0,0,,0,0,,26
Cyprus,CYP,1993,5.977676358587352,5.752779367775234,28439.21484375,95.4163753507475,625800,0,0,0,,0,0,,26
Cyprus,CYP,1994,6.120715637778474,5.994994510248924,29500.623046875,95.7761516051877,639000,0,0,0,,0,0,,26
Cyprus,CYP,1995,6.285499104134617,5.865763874974932,31393.24609375,134.390514064609,650700,0,0,0,,0,0,,26
Cyprus,CYP,1996,6.108485257767154,6.215677104490771,31282.609375,140.848983444568,660900,0,0,0,,0,0,,26
Cyprus,CYP,1997,5.864747121168264,6.302384578906855,31656.830078125,139.762976603986,670400,0,0,0,,0,0,,26
Cyprus,CYP,1998,6.309329400502465,6.596848292748878,33181.98828125,134.909736760687,678900,0,0,0,,0,0,,26
Cyprus,CYP,1999,6.683008368651443,6.863431988721563,34452.72265625,131.209333344294,686400,0,0,0,,0,0,,26
Cyprus,CYP,2000,7.977524894828619,7.10690117357734,36121.6640625,137.494903248556,693600,0,0,0,,0,0,,26
Cyprus,CYP,2001,7.9065635413614705,6.9796585745238415,37146.84375,131.849067868114,701300,0,0,0,,0,0,,26
Cyprus,CYP,2002,8.333167682777386,7.171937055327528,38090.77734375,123.64133212338,709600,0,0,0,,0,0,,26
Cyprus,CYP,2003,8.782853481454703,7.560774020150603,38617.8125,114.004632981485,717836,0,0,0,,0,0,,26
Cyprus,CYP,2004,8.71950094459154,7.787102189459505,40019.92578125,113.903613489207,727980,0,0,0,,0,0,,26
Cyprus,CYP,2005,8.785344446056314,7.951671198363441,41362.09375,111.917065271958,738540,0,0,1,,0,0,,26
Cyprus,CYP,2006,9.295260436041579,8.183131222270006,42595.203125,109.806498040343,750965,0,0,1,,0,0,,26
Cyprus,CYP,2007,9.849988561312614,8.475066767744003,43823.76171875,111.275122844623,767125,0,0,1,,0,0,,26
Cyprus,CYP,2008,10.873094000753065,8.691635825494663,44295.62890625,112.925930874708,786632,0,0,1,,0,1,,26
Cyprus,CYP,2009,10.723186532665308,8.437988051206325,42253.38671875,102.7910918992,808035,0,0,1,,0,1,,26
Cyprus,CYP,2010,10.533612700746803,8.071821407380003,42102.28125,108.901699269523,829446,0,0,1,,0,1,,26
Cyprus,CYP,2011,10.150338532266145,7.792363275971364,41212.6875,110.617131287039,850881,0,0,1,,0,1,,26
Cyprus,CYP,2012,8.839053105162936,7.26166779186411,39190.22265625,112.344273297273,863945,0,0,1,,0,1,,26
Cyprus,CYP,2013,7.624830114937948,6.578170998838432,36650.5703125,120.926200639389,861930,0,0,1,,0,1,,26
Cyprus,CYP,2014,8.41647901417079,6.929788742253634,36104.90234375,130.84436307939,852504,0,0,1,,0,1,,26
Cyprus,CYP,2015,8.116271855380724,6.952476977114894,37258.5,137.276426477193,847700,0,0,1,,0,1,,26
Cyprus,CYP,2016,8.865294112331897,7.349925852010649,39500.8515625,139.022098457248,851600,0,0,1,,0,1,,26
Cyprus,CYP,2017,9.616977587068536,7.4692819025928765,41417.98828125,148.013355558135,859519,0,0,1,,0,1,,26
Cyprus,CYP,2018,9.438716912358144,7.324203153151711,43510.03125,147.623567410054,870067,0,0,1,,0,1,,26
Cyprus,CYP,2019,9.255507500279744,7.324482322748342,45454.17578125,150.50616312951,875899,0,0,1,,0,1,,26
Cyprus,CYP,2020,8.204988601071044,6.90317283143667,43402.359375,160.66871645997,888005,0,0,1,,0,1,,26
Cyprus,CYP,2021,8.607531356796317,6.950781628698524,47632.5703125,176.82773681987,896007,0,0,1,,0,1,,26
Cyprus,CYP,2022,8.882576913922037,7.0707778628997175,50840.9140625,205.753530252705,904705,0,0,1,,0,1,,26
Cyprus,CYP,2023,8.624393976503411,7.1880892563125425,51674.90234375,190.740957956519,920701,0,0,1,,0,1,,26
Czechia,CZE,1990,151.43719987659208,164.25230201691002,27918.1375190566,63.0512785845125,10301988,1,2005,0,-15.0,2008,0,-18.0,27
Czechia,CZE,1991,133.16328514861183,148.88618590051158,24734.7702062546,70.771227667197,10304426,1,2005,0,-14.0,2008,0,-17.0,27
Czechia,CZE,1992,146.0359339552828,145.7081735511257,24584.3299626051,77.9611310848888,10312448,1,2005,0,-13.0,2008,0,-16.0,27
Czechia,CZE,1993,131.93910719734197,140.1261220950973,24573.9914877529,78.1977381830196,10320398,1,2005,0,-12.0,2008,0,-15.0,27
Czechia,CZE,1994,126.98951830046381,132.6701488482516,25279.7917961729,74.8030180799195,10322329,1,2005,0,-11.0,2008,0,-14.0,27
Czechia,CZE,1995,125.27904786688119,131.62381720585944,26869.0197149398,82.9009990725253,10312042,1,2005,0,-10.0,2008,0,-13.0,27
Czechia,CZE,1996,123.04542264612871,135.01922450407153,28021.6704584336,80.59955795966,10296128,1,2005,0,-9.0,2008,0,-12.0,27
Czechia,CZE,1997,117.4258833479137,130.94200152303483,27884.7397585343,84.1532306677233,10280051,1,2005,0,-8.0,2008,0,-11.0,27
Czechia,CZE,1998,114.94371830177288,125.71677523171763,27801.4387801408,83.9386523207327,10265426,1,2005,0,-7.0,2008,0,-10.0,27
Czechia,CZE,1999,110.25821963428054,116.66889844608282,28213.4555005997,85.4571236396114,10251378,1,2005,0,-6.0,2008,0,-9.0,27
Czechia,CZE,2000,118.49807605432262,127.23349295044602,29427.4070011514,97.4983956327874,10236804,1,2005,0,-5.0,2008,0,-8.0,27
Czechia,CZE,2001,119.75304256997366,127.16520806492424,30399.8730764283,98.5368737300189,10231936,1,2005,0,-4.0,2008,0,-7.0,27
Czechia,CZE,2002,120.65364600037188,123.98812238961712,30919.5496618702,90.8792715456582,10239468,1,2005,0,-3.0,2008,0,-6.0,27
Czechia,CZE,2003,122.1811429631332,127.59167334948,31949.2963145034,94.6468600665608,10248912,1,2005,0,-2.0,2008,0,-5.0,27
Czechia,CZE,2004,116.47146347833511,128.3136628354773,33452.3408000614,113.173975970415,10261450,1,2005,0,-1.0,2008,0,-4.0,27
Czechia,CZE,2005,111.45292349390132,125.713451865639,35535.7479961511,121.191287316105,10280153,1,2005,1,0.0,2008,0,-3.0,27
Czechia,CZE,2006,115.90516923901333,126.53255867354015,37786.8781740905,127.051015055016,10304588,1,2005,1,1.0,2008,0,-2.0,27
Czechia,CZE,2007,124.77768058267797,128.3636351377536,39629.0061324728,129.876739504889,10337543,1,2005,1,2.0,2008,0,-1.0,27
Czechia,CZE,2008,127.88283895228422,122.92772382932488,40328.3426630095,123.904809929948,10378292,1,2005,1,3.0,2008,1,0.0,27
Czechia,CZE,2009,115.90494158398566,114.97207639334371,38175.1422773334,113.049254784875,10420985,1,2005,1,4.0,2008,1,1.0,27
Czechia,CZE,2010,123.74240863919674,117.46409214643246,39097.3886218756,126.756480116798,10464035,1,2005,1,5.0,2008,1,2.0,27
Czechia,CZE,2011,119.75060551721144,115.17814156083924,39708.1626280195,136.750855542438,10495511,1,2005,1,6.0,2008,1,3.0,27
Czechia,CZE,2012,109.84610536917796,111.27553452069277,39347.0492956846,145.480195396935,10507335,1,2005,1,7.0,2008,1,4.0,27
Czechia,CZE,2013,110.13905332153476,106.71008715655277,39317.5535692377,145.502230624961,10511163,1,2005,1,8.0,2008,1,5.0,27
Czechia,CZE,2014,105.252587170774,104.23256408745999,40158.0164275735,156.415122826886,10517226,1,2005,1,9.0,2008,1,6.0,27
Czechia,CZE,2015,107.51370209613097,104.98970746412643,42066.5759800801,154.018400997633,10524416,1,2005,1,10.0,2008,1,7.0,27
Czechia,CZE,2016,107.91858541362352,106.63641875879078,43069.4659744727,148.547004664435,10531948,1,2005,1,11.0,2008,1,8.0,27
Czechia,CZE,2017,111.43891118897795,107.73553352021587,45177.5226053634,147.750834854762,10541342,1,2005,1,12.0,2008,1,9.0,27
Czechia,CZE,2018,115.30805288462156,106.32205601790533,46301.082036029,145.141717890789,10548937,1,2005,1,13.0,2008,1,10.0,27
Czechia,CZE,2019,110.90851939714445,100.99749864690922,47763.6165520254,138.154609993871,10554875,1,2005,1,14.0,2008,1,11.0,27
Czechia,CZE,2020,101.7917180424856,91.661457169621,45119.9387309139,128.780430305965,10550129,1,2005,1,15.0,2008,1,12.0,27
Czechia,CZE,2021,110.77737860500214,96.62940881427652,47796.0337408466,137.378116302868,10530683,1,2005,1,16.0,2008,1,13.0,27
Czechia,CZE,2022,111.41243398644198,95.03967549691535,48390.661678675,144.011494109397,10673213,1,2005,1,17.0,2008,1,14.0,27
Czechia,CZE,2023,100.0254997534195,83.23224303097226,47558.4106763314,131.892598295876,10809716,1,2005,1,18.0,2008,1,15.0,27
Germany,DEU,1990,1200.0365633071426,1054.7958572830187,42355.2860956177,45.6889546847935,79707959,1,2005,0,-15.0,2008,0,-18.0,28
Germany,DEU,1991,1148.6293918397264,1016.9295152097493,44195.7164731544,47.6354131979568,80303196,1,2005,0,-14.0,2008,0,-17.0,28
Germany,DEU,1992,1236.1564134775354,969.4644075234809,44744.1399691155,44.6840440028306,80934898,1,2005,0,-13.0,2008,0,-16.0,28
Germany,DEU,1993,1179.403443398527,959.38587814652,44018.4380932542,39.7493939704326,81486773,1,2005,0,-12.0,2008,0,-15.0,28
Germany,DEU,1994,1148.037749850836,943.2276545011284,45005.1589836478,41.0957443335763,81773617,1,2005,0,-11.0,2008,0,-14.0,28
Germany,DEU,1995,1152.0036820490802,939.9336202762096,45548.4181139802,42.6061486475818,82019890,1,2005,0,-10.0,2008,0,-13.0,28
Germany,DEU,1996,1135.1653949940746,959.6901226426187,45888.1269604813,43.903586095325,82263189,1,2005,0,-9.0,2008,0,-12.0,28
Germany,DEU,1997,1077.9942888898588,931.5081003568988,46670.7053500672,48.380321068738,82389638,1,2005,0,-8.0,2008,0,-11.0,28
Germany,DEU,1998,1093.3080900701486,923.4986429561784,47641.5271845024,50.1554657792327,82011939,1,2005,0,-7.0,2008,0,-10.0,28
Germany,DEU,1999,1093.3450527750579,895.442081697758,48624.6484373602,51.519227436406,81678287,1,2005,0,-6.0,2008,0,-9.0,28
Germany,DEU,2000,1100.6745972102829,898.9757706041195,49955.6461286496,59.1955992975405,81797258,1,2005,0,-5.0,2008,0,-8.0,28
Germany,DEU,2001,1097.2333089631065,915.2547542406007,50687.6500447924,59.5592863682118,81933885,1,2005,0,-4.0,2008,0,-7.0,28
Germany,DEU,2002,1033.0738949332333,898.8342737972814,50486.998248551,58.3325687248129,82068326,1,2005,0,-3.0,2008,0,-6.0,28
Germany,DEU,2003,1056.090494448736,894.5010709543595,50191.7219389611,58.9145442942507,82111615,1,2005,0,-2.0,2008,0,-5.0,28
Germany,DEU,2004,1037.2646896426284,876.569915343251,50786.0176463275,62.9064909465164,82092708,1,2005,0,-1.0,2008,0,-4.0,28
Germany,DEU,2005,1045.2640091321362,867.8805123058103,51264.8193748941,66.9531024934321,82046731,1,2005,1,0.0,2008,0,-3.0,28
Germany,DEU,2006,1047.4949707052083,886.434347488201,53307.1623767517,72.7591934646234,81701971,1,2005,1,1.0,2008,0,-2.0,28
Germany,DEU,2007,1035.2308898254876,846.1529667220989,54920.6589299724,74.8838416816798,81298542,1,2005,1,2.0,2008,0,-1.0,28
Germany,DEU,2008,1036.8913378164657,856.6425155010097,55513.7558858315,76.1131665945746,81110777,1,2005,1,3.0,2008,1,0.0,28
Germany,DEU,2009,980.0138295513515,789.983935306821,52568.797424995,66.1391275757126,80935283,1,2005,1,4.0,2008,1,1.0,28
Germany,DEU,2010,1027.0823230339356,826.7046860584118,54826.255453315,73.8852351200263,80830924,1,2005,1,5.0,2008,1,2.0,28
Germany,DEU,2011,988.9748257530999,804.5415830495416,57950.9589729677,78.433002901442,80857874,1,2005,1,6.0,2008,1,3.0,28
Germany,DEU,2012,932.121923444246,814.0930030071305,58110.3768512245,79.3316495670315,80916390,1,2005,1,7.0,2008,1,4.0,28
Germany,DEU,2013,929.5583492439245,831.7455620981302,58182.0766176953,77.5860288576931,81041582,1,2005,1,8.0,2008,1,5.0,28
Germany,DEU,2014,907.7229800767337,792.5835961827598,59203.2340879963,76.8483516336234,81376080,1,2005,1,9.0,2008,1,6.0,28
Germany,DEU,2015,899.5143103253952,800.8224837676893,59668.9890355282,77.7565815686922,82077550,1,2005,1,10.0,2008,1,7.0,28
Germany,DEU,2016,910.1709723129694,797.9882691969409,60504.5857417161,76.0059902166055,82760102,1,2005,1,11.0,2008,1,8.0,28
Germany,DEU,2017,901.7907146026682,784.5951520125491,61965.4342904965,77.4548394742448,83104007,1,2005,1,12.0,2008,1,9.0,28
Germany,DEU,2018,892.1409344473624,758.7713674748709,62481.1183971045,79.1252260463654,83368505,1,2005,1,13.0,2008,1,10.0,28
Germany,DEU,2019,846.4022393687519,708.6489570353914,62949.8932511855,79.0732427175683,83559186,1,2005,1,14.0,2008,1,11.0,28
Germany,DEU,2020,777.6238966885793,647.1768441050206,60299.5767710809,72.9335327120137,83628708,1,2005,1,15.0,2008,1,12.0,28
Germany,DEU,2021,834.0736764648182,677.9976885028183,62630.7748127737,79.9195348609851,83697083,1,2005,1,16.0,2008,1,13.0,28
Germany,DEU,2022,838.8132332099972,667.8430451796988,63777.9291029299,88.7857542130501,84086227,1,2005,1,17.0,2008,1,14.0,28
Germany,DEU,2023,768.4811163331332,593.7660160162818,63140.1949099669,81.9625483787634,84548231,1,2005,1,18.0,2008,1,15.0,28
Denmark,DNK,1990,60.74417560048318,53.47697188448852,45943.8875401847,67.3045794419521,5141025,1,2005,0,-15.0,2008,0,-18.0,29
Denmark,DNK,1991,65.50479619618918,64.10460914345542,46493.0175958032,69.1684762769411,5154345,1,2005,0,-14.0,2008,0,-17.0,29
Denmark,DNK,1992,67.65428801651582,58.326550294635986,47276.8936589666,66.9797006123946,5171367,1,2005,0,-13.0,2008,0,-16.0,29
Denmark,DNK,1993,66.02363182611715,60.57371703806418,47082.4674371864,65.643583372576,5188637,1,2005,0,-12.0,2008,0,-15.0,29
Denmark,DNK,1994,68.4652986823402,64.6732738687059,49408.2038213767,67.8432179369762,5206190,1,2005,0,-11.0,2008,0,-14.0,29
Denmark,DNK,1995,68.00989052949211,61.653394850850844,50644.7074582221,68.5733146504851,5233360,1,2005,0,-10.0,2008,0,-13.0,29
Denmark,DNK,1996,74.36206391371316,74.8996500657798,51817.1735416988,68.5264824216641,5263068,1,2005,0,-9.0,2008,0,-12.0,29
Denmark,DNK,1997,68.30169417723104,65.43782175885782,53237.2951913962,71.2901759751981,5285035,1,2005,0,-8.0,2008,0,-11.0,29
Denmark,DNK,1998,68.60966021543447,61.238297771792226,54278.2791190857,71.345417498121,5304262,1,2005,0,-7.0,2008,0,-10.0,29
Denmark,DNK,1999,72.13586124656973,58.65280521968812,55704.2583988925,72.7288566436859,5321810,1,2005,0,-6.0,2008,0,-9.0,29
Denmark,DNK,2000,68.1442192865793,54.30657659107313,57585.8965553524,83.0420859548864,5339658,1,2005,0,-5.0,2008,0,-8.0,29
Denmark,DNK,2001,67.33313898425993,55.89674790112455,57925.0542954115,83.922664599029,5358828,1,2005,0,-4.0,2008,0,-7.0,29
Denmark,DNK,2002,67.2462468471431,55.55438303065187,58003.8882572641,84.4845925538271,5375959,1,2005,0,-3.0,2008,0,-6.0,29
Denmark,DNK,2003,67.80875656228939,60.64544652018231,58101.4809549972,80.7613001763544,5390620,1,2005,0,-2.0,2008,0,-5.0,29
Denmark,DNK,2004,68.36042190181631,55.10000870546908,59560.4599503941,82.0077308240144,5404598,1,2005,0,-1.0,2008,0,-4.0,29
Denmark,DNK,2005,67.24167764701211,51.53492458613799,60798.1351548444,89.3987952460671,5419555,1,2005,1,0.0,2008,0,-3.0,29
Denmark,DNK,2006,74.18292115614564,59.5002398630103,62911.3931382937,97.4298607727841,5437420,1,2005,1,1.0,2008,0,-2.0,29
Denmark,DNK,2007,71.74999178491584,54.7093519563223,63251.3169416725,100.047674594039,5461607,1,2005,1,2.0,2008,0,-1.0,29
Denmark,DNK,2008,70.24635902882214,51.256328111203246,62618.4499382451,104.470310168489,5493764,1,2005,1,3.0,2008,1,0.0,29
Denmark,DNK,2009,66.36076407487921,48.851417414637346,59185.9677505533,89.3948566562728,5523173,1,2005,1,4.0,2008,1,1.0,29
Denmark,DNK,2010,67.1061268348852,49.18969412265969,59856.3490860003,94.3877282319057,5547863,1,2005,1,5.0,2008,1,2.0,29
Denmark,DNK,2011,64.56721188732506,44.23686295401537,60391.7799332206,102.012930474308,5570849,1,2005,1,6.0,2008,1,3.0,29
Denmark,DNK,2012,58.512521861322774,39.86125899269579,60161.7010660256,104.362280505171,5591917,1,2005,1,7.0,2008,1,4.0,29
Denmark,DNK,2013,56.70331369933562,41.763007589295114,60745.7784800252,103.612813249189,5615333,1,2005,1,8.0,2008,1,5.0,29
Denmark,DNK,2014,55.455093933103264,37.57138298066666,61210.9490922919,103.210859225139,5643794,1,2005,1,9.0,2008,1,6.0,29
Denmark,DNK,2015,53.170481048253244,35.11057265116515,62059.1285991721,105.130362453899,5683701,1,2005,1,10.0,2008,1,7.0,29
Denmark,DNK,2016,54.9273467687227,36.916561416373504,63468.9888246814,101.452783808643,5728201,1,2005,1,11.0,2008,1,8.0,29
Denmark,DNK,2017,55.010066696774295,34.66461839664023,64989.4459872347,104.215676920442,5765168,1,2005,1,12.0,2008,1,9.0,29
Denmark,DNK,2018,56.87929711560806,34.60895366741952,65870.8302554341,108.813985501909,5793824,1,2005,1,13.0,2008,1,10.0,29
Denmark,DNK,2019,53.02393087231111,30.950282946392452,66758.6323346131,111.891475065653,5814618,1,2005,1,14.0,2008,1,11.0,29
Denmark,DNK,2020,48.35294331400233,28.299677133260154,65379.3066120995,104.433432671151,5831530,1,2005,1,15.0,2008,1,12.0,29
Denmark,DNK,2021,53.61128967536843,29.60352339556465,69327.998216527,112.321472697291,5856776,1,2005,1,16.0,2008,1,13.0,29
Denmark,DNK,2022,52.622172687488344,29.094321030178172,69089.4692492289,131.995824909071,5902904,1,2005,1,17.0,2008,1,14.0,29
Denmark,DNK,2023,49.47142362341898,28.831184838465244,68993.9031100362,129.625337431278,5948136,1,2005,1,18.0,2008,1,15.0,29
Dominican Republic,DOM,1990,6.19526216149302,8.929417492046644,7327.72670133751,69.1984136752272,7151166,0,0,0,,0,0,,30
Dominican Republic,DOM,1991,6.736074633857552,9.52866362125151,7246.24670144222,83.09106896203,7299853,0,0,0,,0,0,,30
Dominican Republic,DOM,1992,7.603932492262301,10.40541556212724,7900.76809265865,80.4648015417106,7447474,0,0,0,,0,0,,30
Dominican Republic,DOM,1993,8.185450892405122,11.194869504098598,8318.49178576126,78.0028967722022,7594572,0,0,0,,0,0,,30
Dominican Republic,DOM,1994,8.611863616884879,11.780510634062,8372.07169739279,77.157908271893,7741694,0,0,0,,0,0,,30
Dominican Republic,DOM,1995,11.077181415475872,15.090067285289924,8685.01648557062,73.8979593803276,7888115,0,0,0,,0,0,,30
Dominican Republic,DOM,1996,12.100933250529181,16.458549090830974,9036.88352149896,72.6424908698332,8032894,0,0,0,,0,0,,30
Dominican Republic,DOM,1997,12.57998900920814,17.23415531938983,9671.14817881707,74.2332371692166,8174078,0,0,0,,0,0,,30
Dominican Republic,DOM,1998,13.144550275689912,17.756338151445064,10150.4460178993,75.9113027135939,8310362,0,0,0,,0,0,,30
Dominican Republic,DOM,1999,11.434011593082808,17.774871213175686,10582.0775939337,76.3027532814337,8446208,0,0,0,,0,0,,30
Dominican Republic,DOM,2000,12.160670519014952,18.937017711391828,10896.3184155964,79.3003930961432,8584190,0,0,0,,0,0,,30
Dominican Republic,DOM,2001,37.95326461658369,19.082665875110756,10991.1363420488,70.5105678080061,8720283,0,0,0,,0,0,,30
Dominican Republic,DOM,2002,29.332531277765973,20.870156138963136,11313.0690271273,68.7232829028777,8852235,0,0,0,,0,0,,30
Dominican Republic,DOM,2003,32.25018961332532,21.260459020198734,11000.8684059352,84.4495031861592,8980620,0,0,0,,0,0,,30
Dominican Republic,DOM,2004,29.023009853385833,17.253610763803618,11131.2709216332,81.3514229381911,9104892,0,0,0,,0,0,,30
Dominican Republic,DOM,2005,35.56943681714683,17.851855120287837,12022.5080544053,61.6535587358027,9225034,0,0,1,,0,0,,30
Dominican Republic,DOM,2006,39.75327719204156,19.03002684780597,12961.9183632133,63.7664826351505,9341183,0,0,1,,0,0,,30
Dominican Republic,DOM,2007,32.62626993872545,19.909170416293925,13754.9212674095,61.229259153164,9455658,0,0,1,,0,0,,30
Dominican Republic,DOM,2008,31.11009875626368,20.23468672076112,14030.1411084465,61.4285058325394,9573130,0,0,1,,0,1,,30
Dominican Republic,DOM,2009,49.92545082635745,19.68647328016426,13992.4103270189,50.6509376792025,9695265,0,0,1,,0,1,,30
Dominican Republic,DOM,2010,58.12243889461521,20.445239929968857,14975.0010126958,56.0573964175321,9820175,0,0,1,,0,1,,30
Dominican Republic,DOM,2011,50.49710127294908,20.92232829735389,15258.0858148503,59.0692578401698,9945621,0,0,1,,0,1,,30
Dominican Republic,DOM,2012,47.48609825853829,20.902875860523,15487.2776356321,58.5062536731089,10070411,0,0,1,,0,1,,30
Dominican Republic,DOM,2013,46.3149501943036,20.84160374974266,16054.7677297656,56.8137658014945,10193833,0,0,1,,0,1,,30
Dominican Republic,DOM,2014,34.453424392665944,21.264209668361726,16993.587444403,55.6601041506633,10315528,0,0,1,,0,1,,30
Dominican Republic,DOM,2015,38.74956365708358,22.98612764287373,17973.1870256815,52.3471238667007,10434829,0,0,1,,0,1,,30
Dominican Republic,DOM,2016,33.4364097492606,24.140365276323077,18968.9752386179,51.7306571245477,10551430,0,0,1,,0,1,,30
Dominican Republic,DOM,2017,33.62487571765418,23.455196938535767,19501.8743054078,50.7595355508472,10666843,0,0,1,,0,1,,30
Dominican Republic,DOM,2018,35.09475934577434,25.20312368469548,20662.848586153,52.3351709577013,10782053,0,0,1,,0,1,,30
Dominican Republic,DOM,2019,37.36792503193336,28.47110396975556,21451.286441995,50.912982200697,10894043,0,0,1,,0,1,,30
Dominican Republic,DOM,2020,34.10440280461825,26.227631324865687,19545.4099552943,44.7331613466756,11008300,0,0,1,,0,1,,30
Dominican Republic,DOM,2021,38.14226777090621,29.36270118699702,22053.4589869955,51.9500227303115,11123476,0,0,1,,0,1,,30
Dominican Republic,DOM,2022,40.87966103233146,31.224795684043542,22986.95808105,54.3781976712844,11230734,0,0,1,,0,1,,30
Dominican Republic,DOM,2023,40.438333916875614,31.82855447064895,23282.4895071054,49.8436131764417,11331265,0,0,1,,0,1,,30
Ecuador,ECU,1990,14.88942521413933,16.500731927921155,9104.81599790272,44.5949122940278,10473673,0,0,0,,0,0,,31
Ecuador,ECU,1991,14.545708812279964,16.198457232698495,9292.61779173762,45.196639984556,10702380,0,0,0,,0,0,,31
Ecuador,ECU,1992,18.367042836957165,21.99753291527798,9291.3710483042,44.8065436522069,10930128,0,0,0,,0,0,,31
Ecuador,ECU,1993,21.12705026983823,24.121470019647973,9284.31503431235,43.1712184234683,11154274,0,0,0,,0,0,,31
Ecuador,ECU,1994,14.144632951940528,14.338387566393864,9494.17506194696,43.7777474951998,11372197,0,0,0,,0,0,,31
Ecuador,ECU,1995,20.829998458927534,23.533637287894205,9525.17701832407,45.9112707318244,11590514,0,0,0,,0,0,,31
Ecuador,ECU,1996,21.524899148132096,25.3372440395707,9509.27540633173,44.2157026832153,11810950,0,0,0,,0,0,,31
Ecuador,ECU,1997,18.220386287698915,19.461390105893496,9739.26682428016,45.0171863180765,12031127,0,0,0,,0,0,,31
Ecuador,ECU,1998,22.93469650844892,23.11669472388592,9876.7507512592,43.395107949805,12251184,0,0,0,,0,0,,31
Ecuador,ECU,1999,19.64208021644716,21.996848472620055,9242.96681019585,49.2012507989376,12470795,0,0,0,,0,0,,31
Ecuador,ECU,2000,18.301133691752476,20.949248206584254,9183.05155276919,65.4042953826391,12689206,0,0,0,,0,0,,31
Ecuador,ECU,2001,23.614249199069732,23.435994070170945,9405.11680690106,56.128486744205,12910740,0,0,0,,0,0,,31
Ecuador,ECU,2002,25.708169922546187,24.861360374360025,9697.55517665978,54.7966439366136,13138472,0,0,0,,0,0,,31
Ecuador,ECU,2003,28.622339194186562,27.112607379963773,9802.81408202125,52.3575426975979,13372306,0,0,0,,0,0,,31
Ecuador,ECU,2004,30.87300364104515,29.310272499279847,10290.6634264766,56.0745467239942,13608701,0,0,0,,0,0,,31
Ecuador,ECU,2005,32.62801071828903,30.651712934106722,10660.2046228939,61.9581507902572,13846163,0,0,1,,0,0,,31
Ecuador,ECU,2006,33.982876633644445,29.78103460581853,10933.4897470283,65.8423556166562,14086131,0,0,1,,0,0,,31
Ecuador,ECU,2007,38.08003566952591,34.39265317231302,10952.8226853948,68.8505854462677,14328773,0,0,1,,0,0,,31
Ecuador,ECU,2008,35.77909216144037,30.487721711403974,11474.5257023541,74.5902963648439,14575202,0,0,1,,0,1,,31
Ecuador,ECU,2009,35.877120804196046,33.81469854869701,11403.5277978831,57.3473460627608,14825954,0,0,1,,0,1,,31
Ecuador,ECU,2010,38.66147245205182,36.469475279185055,11665.6978598204,65.7773849135062,15076695,0,0,1,,0,1,,31
Ecuador,ECU,2011,41.29964482349822,38.48037086455492,12449.0785549218,70.0356837525249,15326227,0,0,1,,0,1,,31
Ecuador,ECU,2012,40.94479786631972,37.49276207484336,12961.0267423765,67.0029290916898,15572194,0,0,1,,0,1,,31
Ecuador,ECU,2013,44.15399243019162,39.684922516256655,13689.1520460125,63.4333003342414,15807128,0,0,1,,0,1,,31
Ecuador,ECU,2014,47.48703200941577,43.759816182926215,14064.7992246727,61.4263766217565,16035124,0,0,1,,0,1,,31
Ecuador,ECU,2015,46.126653028919755,41.297733304452215,13881.5700738105,47.8280397077826,16266225,0,0,1,,0,1,,31
Ecuador,ECU,2016,40.93163955252354,39.37451596797945,13586.5160772568,40.5344917996647,16505139,0,0,1,,0,1,,31
Ecuador,ECU,2017,43.76780438482373,39.19587385281998,14179.1537503305,43.6177233172817,16759519,0,0,1,,0,1,,31
Ecuador,ECU,2018,44.787879794993884,38.45119023431111,14083.5069982304,48.0093476154836,17049547,0,0,1,,0,1,,31
Ecuador,ECU,2019,46.48064735004652,40.08263307729729,13870.4895118068,48.0828494933307,17340021,0,0,1,,0,1,,31
Ecuador,ECU,2020,37.59543998587588,32.47326708179143,12440.3263747814,43.9893109378389,17546065,0,0,1,,0,1,,31
Ecuador,ECU,2021,43.832613413621196,38.18497485917617,13507.4445638375,53.261275610573,17682454,0,0,1,,0,1,,31
Ecuador,ECU,2022,47.09530708767649,42.065650422439845,14186.6388544625,61.880792818786,17823897,0,0,1,,0,1,,31
Ecuador,ECU,2023,48.89769086122229,44.59959182772443,14321.1648295611,57.1626938264309,17980083,0,0,1,,0,1,,31
Egypt,EGY,1990,79.21149790264661,72.88369939318535,8006.62143740129,52.9227557411273,58396618,0,0,0,,0,0,,32
Egypt,EGY,1991,74.94861891899987,74.44676385287289,7876.55257552889,62.8444444444444,60028997,0,0,0,,0,0,,32
Egypt,EGY,1992,84.10470533892853,77.41934905999994,8034.56230124583,59.3098490294752,61480660,0,0,0,,0,0,,32
Egypt,EGY,1993,91.51739027950244,90.83472138000003,8079.05480679221,55.9278350515464,62915681,0,0,0,,0,0,,32
Egypt,EGY,1994,90.63024583043114,87.4829891437693,8221.04684774388,50.6285714285714,64285589,0,0,0,,0,0,,32
Egypt,EGY,1995,100.19225283385187,97.96822857199994,8423.57817498243,50.2450980392157,65652622,0,0,0,,0,0,,32
Egypt,EGY,1996,101.66544480604524,97.04233537999994,8662.33147868251,46.9485614646905,67028048,0,0,0,,0,0,,32
Egypt,EGY,1997,111.87065247399474,110.93407950397184,8950.6541069311,43.7382474614517,68431740,0,0,0,,0,0,,32
Egypt,EGY,1998,127.50549451634046,124.25627948000005,9245.47890468363,41.9276270006959,69943294,0,0,0,,0,0,,32
Egypt,EGY,1999,129.22396701040157,126.9871998403724,9588.8593851379,38.3615084525358,71520954,0,0,0,,0,0,,32
Egypt,EGY,2000,135.3947110170819,142.83685032400007,9981.62775081593,39.0179359012055,73083284,0,0,0,,0,0,,32
Egypt,EGY,2001,118.00973987975186,126.37204695429674,10117.3331821542,39.8104265402844,74652029,0,0,0,,0,0,,32
Egypt,EGY,2002,119.8790824940278,128.36188893200014,10143.5063456555,40.9870678279229,76239137,0,0,0,,0,0,,32
Egypt,EGY,2003,137.3281370537481,149.95399007444487,10250.376550149,46.1796407185629,77853548,0,0,0,,0,0,,32
Egypt,EGY,2004,131.63390722669405,151.9170895416839,10451.8217511529,57.8199052132701,79477443,0,0,0,,0,0,,32
Egypt,EGY,2005,147.71528999038296,166.93389225925577,10700.6090372525,62.9526462395543,81101004,0,0,1,,0,0,,32
Egypt,EGY,2006,160.38229187696837,178.38928099878407,11211.8320228671,61.5185365063947,82700403,0,0,1,,0,0,,32
Egypt,EGY,2007,174.41321391611783,189.20113725024416,11782.0060717026,65.077873254565,84276225,0,0,1,,0,0,,32
Egypt,EGY,2008,184.1135193614322,195.85976705270141,12391.5847624938,71.6806253489671,85864789,0,0,1,,0,1,,32
Egypt,EGY,2009,199.28520978075525,205.24286274588607,12728.0814587564,56.5534446363462,87501636,0,0,1,,0,1,,32
Egypt,EGY,2010,202.6033757958466,202.70423786910004,13128.9878334831,47.9363500745898,89196072,0,0,1,,0,1,,32
Egypt,EGY,2011,217.9181490921662,221.67504777754553,13082.4263680239,45.2556341623514,91093059,0,0,1,,0,1,,32
Egypt,EGY,2012,223.51193994832923,212.52445738687246,13076.8052394876,40.7117692721084,93161001,0,0,1,,0,1,,32
Egypt,EGY,2013,224.39633276118687,219.08655876484994,13058.0748238237,40.373038056332,95333553,0,0,1,,0,1,,32
Egypt,EGY,2014,246.07748437644545,227.25408898423223,13136.3656298099,36.9201877934272,97528654,0,0,1,,0,1,,32
Egypt,EGY,2015,258.9816873370366,226.65396800444194,13425.9119599492,34.8459429600229,99597342,0,0,1,,0,1,,32
Egypt,EGY,2016,271.4071269520898,245.16358943132107,13727.3201600816,30.2465490514505,101644589,0,0,1,,0,1,,32
Egypt,EGY,2017,260.36169229454197,253.36389411609792,14018.3605934411,42.8321343581608,103696057,0,0,1,,0,1,,32
Egypt,EGY,2018,252.25685938708716,241.90318967577528,14488.2094340261,45.9110196733959,105682094,0,0,1,,0,1,,32
Egypt,EGY,2019,246.3705772456657,234.06016477456245,15026.568243683,41.1240171551108,107553158,0,0,1,,0,1,,32
Egypt,EGY,2020,259.9698601534323,246.32329735788892,15309.2359881835,32.1262555667523,109315124,0,0,1,,0,1,,32
Egypt,EGY,2021,291.37003304388094,266.8389885480618,15579.0160861551,29.8569734808122,110957008,0,0,1,,0,1,,32
Egypt,EGY,2022,267.68895878015866,249.89866881706828,16360.390775011,36.9831048772713,112618250,0,0,1,,0,1,,32
Egypt,EGY,2023,253.42804008452205,250.23019847257234,16691.3873991962,40.4504007720031,114535772,0,0,1,,0,1,,32
Spain,ESP,1990,270.9284912636265,229.3826253126952,31773.2267420042,35.652904977259,39084979,1,2005,0,-15.0,2008,0,-18.0,33
Spain,ESP,1991,277.5819495584681,239.29068313040594,32499.3481371902,35.5206586037759,39201759,1,2005,0,-14.0,2008,0,-17.0,33
Spain,ESP,1992,301.96318564925616,247.68656634061256,32641.082719936,36.020774482446,39420346,1,2005,0,-13.0,2008,0,-16.0,33
Spain,ESP,1993,278.51467330606124,239.0993166155073,32137.3138437727,36.9951619593819,39651621,1,2005,0,-12.0,2008,0,-15.0,33
Spain,ESP,1994,282.32492704564186,251.38819871605799,32746.9287826598,41.6958801099563,39858721,1,2005,0,-11.0,2008,0,-14.0,33
Spain,ESP,1995,294.87452983462197,265.0685766963287,33501.7314182929,44.8306279725111,40052738,1,2005,0,-10.0,2008,0,-13.0,33
Spain,ESP,1996,280.27890829144286,252.56192433530285,34232.3786868602,46.2977506718533,40237372,1,2005,0,-9.0,2008,0,-12.0,33
Spain,ESP,1997,283.36429400870327,264.8994466797623,35312.0862854389,51.2271398594527,40423826,1,2005,0,-8.0,2008,0,-11.0,33
Spain,ESP,1998,296.12593463558005,273.64981707246295,36679.0942334698,52.730313072059,40617440,1,2005,0,-7.0,2008,0,-10.0,33
Spain,ESP,1999,317.35343175649405,297.024913310185,38141.316878689,54.6969131882495,40812857,1,2005,0,-6.0,2008,0,-9.0,33
Spain,ESP,2000,333.6452668230709,309.2595155989849,39945.8971298178,60.1216241049216,41019774,1,2005,0,-5.0,2008,0,-8.0,33
Spain,ESP,2001,334.91547526811735,311.03128308114117,41224.2924057393,58.0138895625701,41245599,1,2005,0,-4.0,2008,0,-7.0,33
Spain,ESP,2002,357.04737508729374,331.02819942939914,41766.0378188791,55.1021415309759,41755704,1,2005,0,-3.0,2008,0,-6.0,33
Spain,ESP,2003,368.90999221309767,335.53891352321006,42223.130174522,53.4357897202258,42506543,1,2005,0,-2.0,2008,0,-5.0,33
Spain,ESP,2004,392.29120420082535,352.13929046077214,42793.3902326006,54.4795182656074,43234566,1,2005,0,-1.0,2008,0,-4.0,33
Spain,ESP,2005,422.1041425033586,367.4470685329063,43570.7652574033,54.6991667043772,43958885,1,2005,1,0.0,2008,0,-3.0,33
Spain,ESP,2006,423.4916437254873,358.8694896240309,44572.6815459931,56.0839263823216,44695448,1,2005,1,1.0,2008,0,-2.0,33
Spain,ESP,2007,433.4069187369585,366.4685082348761,45301.2843416374,57.6269487657546,45516507,1,2005,1,2.0,2008,0,-1.0,33
Spain,ESP,2008,401.9168429696612,335.2844430195544,44926.348951812,55.8281315172523,46235054,1,2005,1,3.0,2008,1,0.0,33
Spain,ESP,2009,344.49617541763774,296.15933642399153,42852.220888454,46.8366899971109,46635180,1,2005,1,4.0,2008,1,1.0,33
Spain,ESP,2010,328.7328924996365,282.5850846216845,42695.5274189933,52.6933699734019,46840471,1,2005,1,5.0,2008,1,2.0,33
Spain,ESP,2011,321.4423238032433,283.2750622151715,42271.8346788238,58.5118228859632,46998043,1,2005,1,6.0,2008,1,3.0,33
Spain,ESP,2012,288.90180570852294,277.4321598111165,41034.0481566356,60.5540346961864,47018323,1,2005,1,7.0,2008,1,4.0,33
Spain,ESP,2013,311.14783118440863,252.10915680535282,40594.914008768,61.6687726441327,46860389,1,2005,1,8.0,2008,1,5.0,33
Spain,ESP,2014,278.6148035790213,253.6578320951526,41339.4111169417,63.39926213895,46720188,1,2005,1,9.0,2008,1,6.0,33
Spain,ESP,2015,281.3781453098846,270.2480564626204,43053.761430314,63.5820412248232,46683686,1,2005,1,10.0,2008,1,7.0,33
Spain,ESP,2016,275.6868785465941,259.55468131583956,44274.6676149922,63.1886778507294,46732771,1,2005,1,11.0,2008,1,8.0,33
Spain,ESP,2017,294.2857693217648,273.48386693721403,45446.2508575695,66.167446137857,46868596,1,2005,1,12.0,2008,1,9.0,33
Spain,ESP,2018,299.1161680864658,268.52059397550073,46325.2099441141,67.0094103982921,47092821,1,2005,1,13.0,2008,1,10.0,33
Spain,ESP,2019,284.09155717090357,250.67364542448303,46896.4171141424,66.3662250440692,47435119,1,2005,1,14.0,2008,1,11.0,33
Spain,ESP,2020,251.86430200570422,211.7647446216594,41553.4477945675,59.4461280147076,47679489,1,2005,1,15.0,2008,1,12.0,33
Spain,ESP,2021,275.25479977462226,228.80571482267987,44251.6658222621,66.524588943191,47735664,1,2005,1,16.0,2008,1,13.0,33
Spain,ESP,2022,278.59752909536587,234.2234637639489,46733.4809780536,78.4657338703054,47828382,1,2005,1,17.0,2008,1,14.0,33
Spain,ESP,2023,260.615478644963,215.4607522832056,47322.5937004504,71.7976366055733,47911579,1,2005,1,18.0,2008,1,15.0,33
Estonia,EST,1990,31.22936892033812,36.90618799367455,19161.4451588782,,1570303,1,2005,0,-15.0,2008,0,-18.0,34
Estonia,EST,1991,29.733966907515203,34.13542880547374,17717.3052283857,,1565383,1,2005,0,-14.0,2008,0,-17.0,34
Estonia,EST,1992,23.128376217699586,24.413122967926398,14223.9075668693,,1540212,1,2005,0,-13.0,2008,0,-16.0,34
Estonia,EST,1993,17.40035237779084,19.43316697159326,13757.0155625665,132.126372731459,1504342,1,2005,0,-12.0,2008,0,-15.0,34
Estonia,EST,1994,16.253882025675022,20.038916945469204,13823.5566022429,148.143069423797,1475714,1,2005,0,-11.0,2008,0,-14.0,34
Estonia,EST,1995,15.31682986522811,18.053450816429866,14709.5998060844,139.087473677663,1452777,1,2005,0,-10.0,2008,0,-13.0,34
Estonia,EST,1996,15.974461832272425,19.032882948936535,15666.1330451502,132.977442750892,1434651,1,2005,0,-9.0,2008,0,-12.0,34
Estonia,EST,1997,15.64426448919819,18.673226867462397,17913.7869992626,151.051344390403,1421496,1,2005,0,-8.0,2008,0,-11.0,34
Estonia,EST,1998,15.876606568924446,16.933113818204593,18871.6196795957,156.838235827521,1411203,1,2005,0,-7.0,2008,0,-10.0,34
Estonia,EST,1999,20.46046813329115,15.929512908922545,18736.15453395,144.116453592933,1403578,1,2005,0,-6.0,2008,0,-9.0,34
Estonia,EST,2000,21.122890503386348,15.470972541015811,20526.6606380865,126.495626368659,1396997,1,2005,0,-5.0,2008,0,-8.0,34
Estonia,EST,2001,19.32044365581406,15.869932216238793,21872.6593953112,126.546640067292,1388171,1,2005,0,-4.0,2008,0,-7.0,34
Estonia,EST,2002,20.42564968826014,15.358015082638206,23537.7156816601,123.28234538757,1379435,1,2005,0,-3.0,2008,0,-6.0,34
Estonia,EST,2003,21.402140640232297,17.25074947430487,25485.1613028986,122.744772807796,1370850,1,2005,0,-2.0,2008,0,-5.0,34
Estonia,EST,2004,21.682822531998916,17.322094476655735,27381.5350626694,129.949500077661,1362676,1,2005,0,-1.0,2008,0,-4.0,34
Estonia,EST,2005,20.265421709077188,17.08978108886695,30161.1996133966,135.912792115107,1354848,1,2005,1,0.0,2008,0,-3.0,34
Estonia,EST,2006,22.521259458165044,16.43817979758471,33301.4945486206,136.620737662645,1346880,1,2005,1,1.0,2008,0,-2.0,34
Estonia,EST,2007,22.17187827688166,19.930489739830097,35986.5161332684,133.980829235754,1340705,1,2005,1,2.0,2008,0,-1.0,34
Estonia,EST,2008,18.165257077269672,17.814805231122147,34233.7643806167,136.681988157836,1337074,1,2005,1,3.0,2008,1,0.0,34
Estonia,EST,2009,14.363840906295918,14.40498723117034,29281.6798284656,116.759079859802,1334528,1,2005,1,4.0,2008,1,1.0,34
Estonia,EST,2010,17.786100264809676,18.96473460201299,30067.501040775,143.671762256978,1331448,1,2005,1,5.0,2008,1,2.0,34
Estonia,EST,2011,20.414747901204287,18.948025844220414,32453.1008476709,166.7460724339,1327358,1,2005,1,6.0,2008,1,3.0,34
Estonia,EST,2012,19.21801648093467,17.761413822687647,33765.4302075072,169.156067773865,1322616,1,2005,1,7.0,2008,1,4.0,34
Estonia,EST,2013,17.665629965134187,19.633820407271198,34481.0148921506,164.601632156916,1317919,1,2005,1,8.0,2008,1,5.0,34
Estonia,EST,2014,17.85751037847403,18.78395301085839,35720.3025335234,157.953944842229,1314452,1,2005,1,9.0,2008,1,6.0,34
Estonia,EST,2015,17.132787762234752,15.779627321658122,36353.0580520449,148.507157123558,1314576,1,2005,1,10.0,2008,1,7.0,34
Estonia,EST,2016,17.10833407224999,17.432909692485925,37466.5561839318,147.7462327097,1315849,1,2005,1,11.0,2008,1,8.0,34
Estonia,EST,2017,17.145265836315158,18.616037332192022,39529.785973279,144.635650944133,1317425,1,2005,1,12.0,2008,1,9.0,34
Estonia,EST,2018,18.52933206102279,17.800687903085255,40849.8473475564,143.485224864735,1321965,1,2005,1,13.0,2008,1,10.0,34
Estonia,EST,2019,15.255033572781286,12.288094211819661,42215.0343835811,140.352147998549,1326822,1,2005,1,14.0,2008,1,11.0,34
Estonia,EST,2020,12.932500489662687,9.198245120011542,40916.7194113327,137.392641283846,1329669,1,2005,1,15.0,2008,1,12.0,34
Estonia,EST,2021,14.307644072781942,10.39091488983551,44247.4198971873,160.471922305927,1331749,1,2005,1,16.0,2008,1,13.0,34
Estonia,EST,2022,14.638443484291843,11.966226861667089,43124.6196563775,175.68711950524,1350091,1,2005,1,17.0,2008,1,14.0,34
Estonia,EST,2023,12.585098360484878,8.744257120534034,41284.7746875532,154.592617111149,1367196,1,2005,1,18.0,2008,1,15.0,34
Ethiopia,ETH,1990,3.017116287120036,2.9865074119113295,874.346936177412,,47609755,0,0,0,,0,0,,35
Ethiopia,ETH,1991,3.00394627483041,2.9584723779615247,777.523566111367,,49717198,0,0,0,,0,0,,35
Ethiopia,ETH,1992,3.0259568709066778,2.936736546327236,680.834766968487,,51853747,0,0,0,,0,0,,35
Ethiopia,ETH,1993,3.0479736315517805,2.9936226117065377,743.708485784759,,53708891,0,0,0,,0,0,,35
Ethiopia,ETH,1994,2.2592329653066265,2.197200685481498,741.176623590106,,55611508,0,0,0,,0,0,,35
Ethiopia,ETH,1995,2.5169437984106113,2.5059533610787286,760.264345010486,,57537335,0,0,0,,0,0,,35
Ethiopia,ETH,1996,3.912251218271798,2.7941891683707705,826.991658768996,,59467635,0,0,0,,0,0,,35
Ethiopia,ETH,1997,2.977966233711228,2.980157710777724,826.005218027215,,61404539,0,0,0,,0,0,,35
Ethiopia,ETH,1998,3.1389490206098727,3.1474221785650367,772.786646386223,,63363524,0,0,0,,0,0,,35
Ethiopia,ETH,1999,4.333109281932605,3.094275794239893,787.679577475987,,65374561,0,0,0,,0,0,,35
Ethiopia,ETH,2000,5.380513742878996,3.4628545718351167,810.270749115591,,67411494,0,0,0,,0,0,,35
Ethiopia,ETH,2001,5.765265731540256,4.264585568227277,851.313428411291,,69487762,0,0,0,,0,0,,35
Ethiopia,ETH,2002,3.92950132245022,4.431686597077721,838.298046952135,,71635517,0,0,0,,0,0,,35
Ethiopia,ETH,2003,3.8439268442839607,4.870232341015724,795.772138298998,,73832663,0,0,0,,0,0,,35
Ethiopia,ETH,2004,3.8207144654069705,5.158550625899384,877.114494958363,,76077206,0,0,0,,0,0,,35
Ethiopia,ETH,2005,3.805012654963662,4.956129253143286,952.115666282409,,78367470,0,0,1,,0,0,,35
Ethiopia,ETH,2006,4.323299493165044,5.318177241405603,1024.72911937532,,80703490,0,0,1,,0,0,,35
Ethiopia,ETH,2007,4.630402255895108,5.839596316695193,1109.14330259683,,83103217,0,0,1,,0,0,,35
Ethiopia,ETH,2008,5.1714265342002435,6.417596797420615,1193.74728331296,,85543668,0,0,1,,0,1,,35
Ethiopia,ETH,2009,5.685045939959801,6.45344470715259,1262.46398000981,,88007636,0,0,1,,0,1,,35
Ethiopia,ETH,2010,5.088068183635423,6.3441991157684825,1381.19044650715,,90538514,0,0,1,,0,1,,35
Ethiopia,ETH,2011,5.594231152737218,7.354847924937609,1492.53396469943,48.232935411689,93149970,0,0,1,,0,1,,35
Ethiopia,ETH,2012,7.111241185948344,7.988424982688795,1576.76875733933,45.3979041835072,95798767,0,0,1,,0,1,,35
Ethiopia,ETH,2013,8.148219713713848,9.743710918978598,1696.86515588665,41.4717870807625,98438751,0,0,1,,0,1,,35
Ethiopia,ETH,2014,10.105015288801958,11.543204582946048,1821.39161772403,40.7410841498626,101115610,0,0,1,,0,1,,35
Ethiopia,ETH,2015,11.24735051764903,12.56361366326365,1957.41454184551,39.6561241449515,103867135,0,0,1,,0,1,,35
Ethiopia,ETH,2016,12.917010944243355,14.323219356489227,2084.84055616471,34.8990210816111,106718162,0,0,1,,0,1,,35
Ethiopia,ETH,2017,20.55982597079146,14.60265641291505,2222.82824478259,31.1036494929016,109666481,0,0,1,,0,1,,35
Ethiopia,ETH,2018,20.551863938343104,16.11719735573757,2311.16511656359,31.1993689777881,112664152,0,0,1,,0,1,,35
Ethiopia,ETH,2019,21.513891114535806,17.17714138544102,2437.97046047967,28.8152939292608,115737383,0,0,1,,0,1,,35
Ethiopia,ETH,2020,20.954029321879002,16.735015721531255,2516.54907638899,24.0061143414049,118917671,0,0,1,,0,1,,35
Ethiopia,ETH,2021,22.76915652448825,17.90559049986492,2588.41310213778,24.3450574655662,122138588,0,0,1,,0,1,,35
Ethiopia,ETH,2022,22.330150590858402,16.959747049350785,2655.59276743639,26.5954996964257,125384287,0,0,1,,0,1,,35
Ethiopia,ETH,2023,23.24647984445938,17.570661747484557,2757.95923626099,20.5982015071406,128691692,0,0,1,,0,1,,35
Finland,FIN,1990,88.6293031741741,56.921000000000056,38807.1185244347,45.8390132360055,4986575,1,2005,0,-15.0,2008,0,-18.0,36
Finland,FIN,1991,81.00793099892854,55.19500000000017,36326.0828945358,43.4814124469297,5013880,1,2005,0,-14.0,2008,0,-17.0,36
Finland,FIN,1992,104.04564464897457,54.27199999999997,34926.3833591341,50.2394263203831,5042148,1,2005,0,-13.0,2008,0,-16.0,36
Finland,FIN,1993,88.38577397669457,56.319999999999965,34486.7522555352,58.2315150099287,5066590,1,2005,0,-12.0,2008,0,-15.0,36
Finland,FIN,1994,83.91260304582404,61.73899999999995,35699.7203086225,62.4991726055204,5088458,1,2005,0,-11.0,2008,0,-14.0,36
Finland,FIN,1995,81.49128680762432,58.12199999999984,37069.62898136,64.1355353769273,5107922,1,2005,0,-10.0,2008,0,-13.0,36
Finland,FIN,1996,75.8128256154177,64.03999999999989,38301.5126175582,65.7903252694235,5124717,1,2005,0,-9.0,2008,0,-12.0,36
Finland,FIN,1997,68.8887322093415,62.70299999999986,40630.921767316,68.2478061464014,5139925,1,2005,0,-8.0,2008,0,-11.0,36
Finland,FIN,1998,69.22689202292409,59.35799999999989,42733.4455712897,66.9910571198446,5153548,1,2005,0,-7.0,2008,0,-10.0,36
Finland,FIN,1999,72.4423470404159,58.87399999999987,44505.7114770222,66.254492150558,5165516,1,2005,0,-6.0,2008,0,-9.0,36
Finland,FIN,2000,77.97528007768095,57.01699999999989,46968.841714507,74.9255788717317,5176202,1,2005,0,-5.0,2008,0,-8.0,36
Finland,FIN,2001,80.48524309065812,62.52000000000009,48099.3014282794,70.2841376639721,5187971,1,2005,0,-4.0,2008,0,-7.0,36
Finland,FIN,2002,80.54106874847645,65.049,48792.4864789775,69.3209377526273,5200546,1,2005,0,-3.0,2008,0,-6.0,36
Finland,FIN,2003,91.03679488157563,72.65800000000004,49655.5451564067,68.0715029595159,5212955,1,2005,0,-2.0,2008,0,-5.0,36
Finland,FIN,2004,87.42671744488825,68.94600000000013,51494.705860401,70.967802899062,5228148,1,2005,0,-1.0,2008,0,-4.0,36
Finland,FIN,2005,83.52587255747048,57.06400000000014,52744.048034135,76.5889740444293,5246082,1,2005,1,0.0,2008,0,-3.0,36
Finland,FIN,2006,90.32158557658131,68.37400000000015,54653.981203281,82.0005669294983,5266247,1,2005,1,1.0,2008,0,-2.0,36
Finland,FIN,2007,89.36089486631361,66.76399999999994,57313.2916474478,82.8631608209175,5288710,1,2005,1,2.0,2008,0,-1.0,36
Finland,FIN,2008,84.24080026113876,58.625000000000036,57494.585352886,86.1896598765527,5313377,1,2005,1,3.0,2008,1,0.0,36
Finland,FIN,2009,74.3870183850492,55.920999999999836,52599.1487066911,70.1279335295898,5338856,1,2005,1,4.0,2008,1,1.0,36
Finland,FIN,2010,87.19719072254041,64.09199999999993,54017.9458623339,75.4612085231229,5363350,1,2005,1,5.0,2008,1,2.0,36
Finland,FIN,2011,73.71471942258839,56.64599999999983,55053.3906850323,78.7159444486606,5388241,1,2005,1,6.0,2008,1,3.0,36
Finland,FIN,2012,70.52556187811767,51.15399999999994,53957.6680986279,79.4303765882482,5413971,1,2005,1,7.0,2008,1,4.0,36
Finland,FIN,2013,67.46303076079279,51.719000000000094,53183.4286685126,77.485171771574,5439053,1,2005,1,8.0,2008,1,5.0,36
Finland,FIN,2014,62.403694324995534,47.622000000000085,52710.7334867778,74.6277719754196,5461684,1,2005,1,9.0,2008,1,6.0,36
Finland,FIN,2015,56.45640010266375,44.19199999999986,52782.4873926277,71.9618253787014,5479717,1,2005,1,10.0,2008,1,7.0,36
Finland,FIN,2016,59.21144933263437,47.25200000000005,53984.6316254715,71.7222101178859,5495469,1,2005,1,11.0,2008,1,8.0,36
Finland,FIN,2017,59.31770705809478,44.65700000000006,55637.2262781223,75.9387822310041,5508396,1,2005,1,12.0,2008,1,9.0,36
Finland,FIN,2018,61.46632007365335,45.73599999999999,56226.337241343,79.1436148422846,5515736,1,2005,1,13.0,2008,1,10.0,36
Finland,FIN,2019,56.58560054622347,42.44400000000008,56922.4873163103,80.5641502947367,5521759,1,2005,1,14.0,2008,1,11.0,36
Finland,FIN,2020,51.1333336775093,37.71999999999996,55424.8574989208,72.1845955995888,5529612,1,2005,1,15.0,2008,1,12.0,36
Finland,FIN,2021,54.79705629405551,37.81999999999991,56790.3766177692,79.7892781913782,5541075,1,2005,1,16.0,2008,1,13.0,36
Finland,FIN,2022,52.764628538654264,36.33699999999999,57068.3056478074,94.5625340522667,5569299,1,2005,1,17.0,2008,1,14.0,36
Finland,FIN,2023,47.4620359485144,31.798999999999996,56051.7701129501,85.5141847218915,5601185,1,2005,1,18.0,2008,1,15.0,36
France,FRA,1990,485.36952510656795,394.9043139602943,38655.8856842914,44.5862869486888,58604902,1,2005,0,-15.0,2008,0,-18.0,37
France,FRA,1991,499.9328443609635,419.11870310570475,38937.9522513749,44.9537001550562,58919182,1,2005,0,-14.0,2008,0,-17.0,37
France,FRA,1992,533.9497737916603,408.4329796497622,39331.9041920718,43.963354493583,59235822,1,2005,0,-13.0,2008,0,-16.0,37
France,FRA,1993,495.550991894074,388.88970252328704,39020.6141584284,41.7256163123108,59515843,1,2005,0,-12.0,2008,0,-15.0,37
France,FRA,1994,487.60784466856404,381.903114728946,39801.3888979817,43.7513491504061,59747877,1,2005,0,-11.0,2008,0,-14.0,37
France,FRA,1995,499.6372703518963,386.95880717738993,40570.7169560557,45.4316616938638,59973548,1,2005,0,-10.0,2008,0,-13.0,37
France,FRA,1996,501.21437010243494,403.35194017548326,40990.7395148125,46.1124801589641,60195176,1,2005,0,-9.0,2008,0,-12.0,37
France,FRA,1997,477.7685698445189,396.02313273997186,41876.9330265158,49.803453474736,60416198,1,2005,0,-8.0,2008,0,-11.0,37
France,FRA,1998,502.56189938147753,414.35698706980105,43162.5423856938,51.4214328030771,60657507,1,2005,0,-7.0,2008,0,-10.0,37
France,FRA,1999,506.17254454682103,413.07024947543533,44400.1357889191,51.6706614638734,60987091,1,2005,0,-6.0,2008,0,-9.0,37
France,FRA,2000,513.5269444697609,407.4446283410924,45922.4789363701,57.7860470318197,61404918,1,2005,0,-5.0,2008,0,-8.0,37
France,FRA,2001,510.62168285749783,411.59163594152983,46454.8706927365,56.8932328560722,61843576,1,2005,0,-4.0,2008,0,-7.0,37
France,FRA,2002,505.26154605854725,407.02657917136406,46610.7820717214,55.1325248503102,62281563,1,2005,0,-3.0,2008,0,-6.0,37
France,FRA,2003,516.2228252537715,412.98907963891014,46730.975806379,52.5988822870657,62710292,1,2005,0,-2.0,2008,0,-5.0,37
France,FRA,2004,534.7983476867687,414.0730051086314,47720.4413351103,53.7497648292028,63156878,1,2005,0,-1.0,2008,0,-4.0,37
France,FRA,2005,545.4902281522959,416.34292530850615,48257.4650937971,55.8228361241299,63617228,1,2005,1,0.0,2008,0,-3.0,37
France,FRA,2006,544.165383746392,406.6690269802953,49223.247197008,57.8692775292673,64060149,1,2005,1,1.0,2008,0,-2.0,37
France,FRA,2007,544.8667928474368,396.46117284628747,50157.7837477634,58.1525611309659,64470141,1,2005,1,2.0,2008,0,-1.0,37
France,FRA,2008,543.1393394431291,389.7943185557924,50068.2969141379,59.1797928411748,64842856,1,2005,1,3.0,2008,1,0.0,37
France,FRA,2009,512.1388569812405,371.4041988160799,48404.9657826363,52.1991123027613,65186042,1,2005,1,4.0,2008,1,1.0,37
France,FRA,2010,511.08047177789757,377.0793767523907,49130.422942344,56.587555247796,65510017,1,2005,1,5.0,2008,1,2.0,37
France,FRA,2011,509.5866117190723,355.1268391603679,50085.6829779109,60.6056354816406,65836675,1,2005,1,6.0,2008,1,3.0,37
France,FRA,2012,479.5514235952422,358.1002530951919,49935.6269081617,61.6589570771102,66169170,1,2005,1,7.0,2008,1,4.0,37
France,FRA,2013,483.3732801603215,360.0133354540242,50066.5304324783,61.8192338733962,66513021,1,2005,1,8.0,2008,1,5.0,37
France,FRA,2014,448.7215300791052,327.80876744607264,50326.567863089,62.1992669379507,66841142,1,2005,1,9.0,2008,1,6.0,37
France,FRA,2015,434.6941983833083,332.1310227146146,50682.8953586333,63.5046871956484,67080971,1,2005,1,10.0,2008,1,7.0,37
France,FRA,2016,454.97236614313454,335.4963705266972,50984.075297832,63.3427564383351,67260373,1,2005,1,11.0,2008,1,8.0,37
France,FRA,2017,453.0189518348992,338.3680521718571,51895.5662985838,65.3958481559711,67469032,1,2005,1,12.0,2008,1,9.0,37
France,FRA,2018,456.0686454781385,323.1017112853674,52560.9536243841,66.8022607812266,67706406,1,2005,1,13.0,2008,1,10.0,37
France,FRA,2019,442.64280261182205,316.32079282780984,53448.5548849943,66.4289607281749,67917133,1,2005,1,14.0,2008,1,11.0,37
France,FRA,2020,398.95782545671045,281.51550663167654,49311.333409639,58.8388907240647,68104157,1,2005,1,15.0,2008,1,12.0,37
France,FRA,2021,440.1932448509896,307.27185226956834,52517.3354905855,63.788482630872,68291492,1,2005,1,16.0,2008,1,13.0,37
France,FRA,2022,437.4492869652006,295.30380432099446,53673.8137406422,75.9630077981996,68486680,1,2005,1,17.0,2008,1,14.0,37
France,FRA,2023,407.36470463740847,270.26265782436286,54296.7230897731,70.6261450610225,68655641,1,2005,1,18.0,2008,1,15.0,37
United Kingdom of Great Britain and Northern Ireland,GBR,1990,666.0066377902515,601.9450781264879,33530.9578151546,48.2498264500798,57367862,1,2005,0,-15.0,2008,0,-18.0,38
United Kingdom of Great Britain and Northern Ireland,GBR,1991,677.0338196565895,609.412673442763,32995.3948749055,45.3156600809302,57555192,1,2005,0,-14.0,2008,0,-17.0,38
United Kingdom of Great Britain and Northern Ireland,GBR,1992,701.8790822112901,593.8459222609691,33332.3326389023,46.3059467099097,57719272,1,2005,0,-13.0,2008,0,-16.0,38
United Kingdom of Great Britain and Northern Ireland,GBR,1993,660.3795986619051,579.6125366913451,34413.1904916462,49.7481967801462,57861037,1,2005,0,-12.0,2008,0,-15.0,38
United Kingdom of Great Britain and Northern Ireland,GBR,1994,651.1889746613322,574.0168900321024,36025.9830963677,51.886107010773,58003203,1,2005,0,-11.0,2008,0,-14.0,38
United Kingdom of Great Britain and Northern Ireland,GBR,1995,647.7343476476976,566.1589587371765,37200.3789969484,50.8300766971451,58154635,1,2005,0,-10.0,2008,0,-13.0,38
United Kingdom of Great Britain and Northern Ireland,GBR,1996,673.726463935231,586.7606761015203,38076.0624470563,52.0576088895797,58298565,1,2005,0,-9.0,2008,0,-12.0,38
United Kingdom of Great Britain and Northern Ireland,GBR,1997,661.3447460628099,562.7081055105205,39831.4492555823,50.7045618383811,58447089,1,2005,0,-8.0,2008,0,-11.0,38
United Kingdom of Great Britain and Northern Ireland,GBR,1998,691.9399272982555,568.5436976519305,41004.8386335287,49.1409088914683,58626819,1,2005,0,-7.0,2008,0,-10.0,38
United Kingdom of Great Britain and Northern Ireland,GBR,1999,688.6008231200753,561.6495740618346,42071.7055369651,49.4683905163429,58838657,1,2005,0,-6.0,2008,0,-9.0,38
United Kingdom of Great Britain and Northern Ireland,GBR,2000,739.09825757887,569.0337161745787,43818.3463079443,52.3380212335903,59057338,1,2005,0,-5.0,2008,0,-8.0,38
United Kingdom of Great Britain and Northern Ireland,GBR,2001,729.4775207108677,577.9705733953643,44693.6612621755,52.6342367336438,59288090,1,2005,0,-4.0,2008,0,-7.0,38
United Kingdom of Great Britain and Northern Ireland,GBR,2002,734.855133784076,560.2731999419383,45265.4565169944,51.2361820991323,59540763,1,2005,0,-3.0,2008,0,-6.0,38
United Kingdom of Great Britain and Northern Ireland,GBR,2003,763.0246662142005,571.6187824608575,46505.2798806788,50.0681187039704,59820385,1,2005,0,-2.0,2008,0,-5.0,38
United Kingdom of Great Britain and Northern Ireland,GBR,2004,774.6678458937887,573.4297619620563,47317.027070979,50.2885521756133,60169967,1,2005,0,-1.0,2008,0,-4.0,38
United Kingdom of Great Britain and Northern Ireland,GBR,2005,765.832705971537,570.338369669517,48304.6753205932,52.5442740383211,60596108,1,2005,1,0.0,2008,0,-3.0,38
United Kingdom of Great Britain and Northern Ireland,GBR,2006,766.8605351414776,567.8456594341028,49000.9535382241,56.7047791729812,61051094,1,2005,1,1.0,2008,0,-2.0,38
United Kingdom of Great Britain and Northern Ireland,GBR,2007,764.9763969729793,559.566476328369,50045.9163092519,52.7493524964733,61535855,1,2005,1,2.0,2008,0,-1.0,38
United Kingdom of Great Britain and Northern Ireland,GBR,2008,731.5214781059756,544.9324048676066,49629.0498697349,56.4365501052604,62027306,1,2005,1,3.0,2008,1,0.0,38
United Kingdom of Great Britain and Northern Ireland,GBR,2009,641.8237888038198,494.10770118083934,46995.5449961945,54.6537301085991,62506226,1,2005,1,4.0,2008,1,1.0,38
United Kingdom of Great Britain and Northern Ireland,GBR,2010,686.8664549903565,511.9045820159609,47682.6525150443,59.0511802227821,63006483,1,2005,1,5.0,2008,1,2.0,38
United Kingdom of Great Britain and Northern Ireland,GBR,2011,626.6213927285887,469.71331508193714,47714.2894262827,63.3240615708901,63509285,1,2005,1,6.0,2008,1,3.0,38
United Kingdom of Great Britain and Northern Ireland,GBR,2012,640.5413514249558,487.4767758146363,48099.6594401942,61.9688704472535,63960484,1,2005,1,7.0,2008,1,4.0,38
United Kingdom of Great Britain and Northern Ireland,GBR,2013,624.8102123342526,477.6112676804741,48600.5100807266,61.7195395154583,64389388,1,2005,1,8.0,2008,1,5.0,38
United Kingdom of Great Britain and Northern Ireland,GBR,2014,604.9065801334513,438.8070810604371,49763.17387988,58.8210228333296,64865916,1,2005,1,9.0,2008,1,6.0,38
United Kingdom of Great Britain and Northern Ireland,GBR,2015,597.0009707999001,422.4607935028827,50462.8329992477,57.125044605439,65382110,1,2005,1,10.0,2008,1,7.0,38
United Kingdom of Great Britain and Northern Ireland,GBR,2016,582.7554032609635,399.4301311059318,51168.2925796814,59.8395315138259,65893358,1,2005,1,11.0,2008,1,8.0,38
United Kingdom of Great Britain and Northern Ireland,GBR,2017,558.3362414960737,387.36714116730434,52429.1275538988,63.1899245764158,66354471,1,2005,1,12.0,2008,1,9.0,38
United Kingdom of Great Britain and Northern Ireland,GBR,2018,545.2468079497266,379.72975506753124,52983.039541197,64.9097721959201,66752475,1,2005,1,13.0,2008,1,10.0,38
United Kingdom of Great Britain and Northern Ireland,GBR,2019,524.7341550410306,364.7533057340002,53374.0927628482,65.0035664177054,67110958,1,2005,1,14.0,2008,1,11.0,38
United Kingdom of Great Britain and Northern Ireland,GBR,2020,469.89205876480054,326.2631991941475,47930.5490378931,59.1598893030611,67351861,1,2005,1,15.0,2008,1,12.0,38
United Kingdom of Great Britain and Northern Ireland,GBR,2021,517.6140524175898,342.3655643694469,51840.4424245515,58.53838629291,67668792,1,2005,1,16.0,2008,1,13.0,38
United Kingdom of Great Britain and Northern Ireland,GBR,2022,502.7704209372913,311.11802162030136,53979.7679116234,69.1989264413981,68179315,1,2005,1,17.0,2008,1,14.0,38
United Kingdom of Great Britain and Northern Ireland,GBR,2023,487.09975395598707,307.82615579331514,53423.4226338292,64.9923841747803,68682962,1,2005,1,18.0,2008,1,15.0,38
Georgia,GEO,1990,9.69069611851636,14.850284839134755,12917.0944269361,85.5271949752773,5448868,0,0,0,,0,0,,39
Georgia,GEO,1991,10.793181113207917,14.601507045121656,10120.1628881435,59.1623036649215,5379510,0,0,0,,0,0,,39
Georgia,GEO,1992,9.16417959183017,14.126711367423662,5533.21082317728,101.943699731903,5294187,0,0,0,,0,0,,39
Georgia,GEO,1993,8.207940728668653,9.883731494840452,3882.02029747648,118.638889058298,5178780,0,0,0,,0,0,,39
Georgia,GEO,1994,4.896767196447406,5.897419934940006,3532.3200811072,166.902615538069,5046271,0,0,0,,0,0,,39
Georgia,GEO,1995,2.289588318914117,2.265661981527187,3762.81153750309,67.8286788091539,4925743,0,0,0,,0,0,,39
Georgia,GEO,1996,8.49914358143219,4.045672254319586,4339.0046688347,45.6965490500194,4812775,0,0,0,,0,0,,39
Georgia,GEO,1997,7.592535712648705,4.412001346038439,4951.81291757472,57.7530659289995,4695356,0,0,0,,0,0,,39
Georgia,GEO,1998,7.073524468892226,4.863530452868651,5233.28837672816,53.5666693215985,4576451,0,0,0,,0,0,,39
Georgia,GEO,1999,6.058732318571202,4.245797242260696,5495.24505052866,57.1518743274472,4455583,0,0,0,,0,0,,39
Georgia,GEO,2000,5.915518287099945,4.497436565711889,5706.27236527837,62.6613956413099,4328358,0,0,0,,0,0,,39
Georgia,GEO,2001,5.298770962323057,3.7229141217027433,6074.08643017282,63.3299250824094,4209636,0,0,0,,0,0,,39
Georgia,GEO,2002,5.024467403540511,3.3465457524656803,6464.32539672648,71.6291255364807,4127846,0,0,0,,0,0,,39
Georgia,GEO,2003,5.782716158789687,3.7305156072978503,7227.73705960701,77.6333765369391,4085483,0,0,0,,0,0,,39
Georgia,GEO,2004,7.010275342042269,4.277990048207681,7693.91525392067,79.0407459055607,4056073,0,0,0,,0,0,,39
Georgia,GEO,2005,8.251295480129054,5.045533613875319,8485.58670534953,84.5295975354749,4026131,0,0,1,,0,0,,39
Georgia,GEO,2006,8.877840049080651,6.272766468337018,9337.98906420101,89.125374368197,3996591,0,0,1,,0,0,,39
Georgia,GEO,2007,10.336381587303206,6.609305503012314,10567.2747164758,88.3934140686603,3967590,0,0,1,,0,0,,39
Georgia,GEO,2008,9.451272593633465,5.746696217748688,10856.1031328003,86.2982243681487,3941195,0,0,1,,0,1,,39
Georgia,GEO,2009,8.137495658982358,6.1705583478616575,10553.0896395853,78.1930390303569,3918941,0,0,1,,0,1,,39
Georgia,GEO,2010,8.686860614766397,6.289892284939292,11294.3685917112,81.6733870603639,3895925,0,0,1,,0,1,,39
Georgia,GEO,2011,10.64875107302439,7.8142036941400335,12288.6828861156,85.4659350932986,3868724,0,0,1,,0,1,,39
Georgia,GEO,2012,11.175600300562841,8.293623887812421,13193.9596974054,89.7348800946338,3839208,0,0,1,,0,1,,39
Georgia,GEO,2013,10.804804290493873,8.028034590266259,13913.0018245661,93.8139137895532,3809125,0,0,1,,0,1,,39
Georgia,GEO,2014,11.771943789568807,9.058119404429789,14475.3135356035,94.9506979383393,3792916,0,0,1,,0,1,,39
Georgia,GEO,2015,12.54985310980005,9.790616027983285,14936.8434116647,97.0163115086257,3791573,0,0,1,,0,1,,39
Georgia,GEO,2016,13.18595431861352,10.042934588193708,15442.9564358054,94.9262528383443,3792057,0,0,1,,0,1,,39
Georgia,GEO,2017,12.916432121211797,10.059788223410067,16237.6242230275,102.584277697146,3792859,0,0,1,,0,1,,39
Georgia,GEO,2018,14.260944982847299,9.888335413353603,17228.6790847503,109.847740556266,3794877,0,0,1,,0,1,,39
Georgia,GEO,2019,13.991161604237929,10.517086714567737,18186.8816465807,117.810080239714,3796722,0,0,1,,0,1,,39
Georgia,GEO,2020,14.217890953119795,10.377978998287013,17031.1440283426,92.8910841752194,3795678,0,0,1,,0,1,,39
Georgia,GEO,2021,15.438471924311683,10.749758758523488,18915.6534005263,101.60090754891,3788451,0,0,1,,0,1,,39
Georgia,GEO,2022,15.91623224613562,11.999863878256724,20966.5280391134,114.695437688718,3794784,0,0,1,,0,1,,39
Georgia,GEO,2023,15.365966809632738,11.922202562023537,22590.5293649146,107.151179161579,3807492,0,0,1,,0,1,,39
Ghana,GHA,1990,4.52396221798671,3.513776,2785.67114332501,42.7281781307805,15394648,0,0,0,,0,0,,40
Ghana,GHA,1991,4.938815259107445,3.901859672131165,2859.82702166411,42.4883492637987,15787496,0,0,0,,0,0,,40
Ghana,GHA,1992,4.350957828644892,3.24264,2897.83543196858,45.9935958613923,16184855,0,0,0,,0,0,,40
Ghana,GHA,1993,4.901535918247536,3.8178880000000004,2964.26600943658,56.6691201156995,16589519,0,0,0,,0,0,,40
Ghana,GHA,1994,5.660298141430216,4.539696,2989.34731012131,62.0211527377522,16993190,0,0,0,,0,0,,40
Ghana,GHA,1995,5.828243598731495,4.6239680000000005,3039.68873031674,57.4230942889947,17399017,0,0,0,,0,0,,40
Ghana,GHA,1996,6.813442201418907,4.858464000000001,3106.18555480388,72.2049441293975,17810181,0,0,0,,0,0,,40
Ghana,GHA,1997,12.02556890180903,5.51432,3160.44504053249,85.4018379695892,18238958,0,0,0,,0,0,,40
Ghana,GHA,1998,9.481137289462517,5.5839360000000005,3229.48228272631,80.5995432469935,18688036,0,0,0,,0,0,,40
Ghana,GHA,1999,8.232351413568848,5.6132480000000005,3290.26865235748,81.7051040340528,19149864,0,0,0,,0,0,,40
Ghana,GHA,2000,7.472939616341319,5.3128,3327.35199291767,116.048430162968,19637087,0,0,0,,0,0,,40
Ghana,GHA,2001,8.230106592993248,5.968656,3369.50702508212,110.045854160811,20167069,0,0,0,,0,0,,40
Ghana,GHA,2002,8.148847377170565,6.483251020000002,3425.61820934278,97.4892431746551,20729388,0,0,0,,0,0,,40
Ghana,GHA,2003,10.03346241537319,6.684572815999988,3507.75105744843,97.2871457139532,21296705,0,0,0,,0,0,,40
Ghana,GHA,2004,9.906807675418795,6.450627524,3607.36522285021,99.6703343472122,21868298,0,0,0,,0,0,,40
Ghana,GHA,2005,10.788629099851365,6.113071760000005,3721.30785741996,98.1715141146279,22449438,0,0,1,,0,0,,40
Ghana,GHA,2006,12.870022169794375,8.523184251999997,3857.86154847605,64.5190542439152,23040702,0,0,1,,0,0,,40
Ghana,GHA,2007,14.186647970831077,8.98187460399999,3923.12567803728,65.3543222852532,23642279,0,0,1,,0,0,,40
Ghana,GHA,2008,14.416168928965979,8.324322608000017,4174.78124103364,69.5142256111434,24249946,0,0,1,,0,1,,40
Ghana,GHA,2009,12.528409773531365,6.867658176000013,4269.16005861557,71.5947385281523,24862664,0,0,1,,0,1,,40
Ghana,GHA,2010,14.690268501789726,8.942512824000001,4495.68916584106,75.3778157916824,25474995,0,0,1,,0,1,,40
Ghana,GHA,2011,18.491812317004666,10.328553452466123,5005.36732498187,86.2954538549695,26095088,0,0,1,,0,1,,40
Ghana,GHA,2012,22.517291958602573,12.640586080932291,5339.71321903045,93.1680351286831,26734268,0,0,1,,0,1,,40
Ghana,GHA,2013,21.69695838025571,12.609987543395208,5593.77481886917,60.7593219028775,27386193,0,0,1,,0,1,,40
Ghana,GHA,2014,21.86695444958406,13.2565756674528,5619.07233511591,63.8365624430783,28041592,0,0,1,,0,1,,40
Ghana,GHA,2015,22.794170465237404,14.568118944846724,5607.36635657413,76.5212709243242,28696068,0,0,1,,0,1,,40
Ghana,GHA,2016,21.861386129524288,13.913649294033727,5666.07795334591,67.8769994445865,29356742,0,0,1,,0,1,,40
Ghana,GHA,2017,20.234228880879677,12.437269743724693,5993.63085211077,70.5483652904116,30008354,0,0,1,,0,1,,40
Ghana,GHA,2018,21.596819690382706,15.18965759283826,6234.51208201488,67.9585174644902,30637585,0,0,1,,0,1,,40
Ghana,GHA,2019,21.860829100876774,16.415195744966674,6508.24652305901,76.824802732152,31258945,0,0,1,,0,1,,40
Ghana,GHA,2020,23.963765316825306,19.16405546371439,6412.68541762469,66.5754987162431,31887809,0,0,1,,0,1,,40
Ghana,GHA,2021,26.693793520985185,20.556058980552766,6607.50297378321,62.7078309128346,32518665,0,0,1,,0,1,,40
Ghana,GHA,2022,26.947602696407163,20.745211034966495,6728.45413832472,70.1154557937915,33149152,0,0,1,,0,1,,40
Ghana,GHA,2023,26.37300689022198,20.135647615929113,6808.53775003964,64.3878615301086,33787914,0,0,1,,0,1,,40
Guinea,GIN,1990,1.279865041667514,0.967296,2105.74729496232,44.2481030022452,6434374,0,0,0,,0,0,,41
Guinea,GIN,1991,1.2826736886863765,0.9892800000000002,2075.99194302675,41.7787115678445,6697166,0,0,0,,0,0,,41
Guinea,GIN,1992,1.3234634902969258,1.014928,2076.55062690695,34.9419059949339,6914366,0,0,0,,0,0,,41
Guinea,GIN,1993,1.3229289690785029,1.04424,2115.8664959394,37.4482435133692,7128177,0,0,0,,0,0,,41
Guinea,GIN,1994,1.391492222475578,1.084544,2134.89769355787,33.3418125019301,7345107,0,0,0,,0,0,,41
Guinea,GIN,1995,1.4748604599708173,1.121184,2171.72552153265,31.3044291693273,7553249,0,0,0,,0,0,,41
Guinea,GIN,1996,1.2968378210195244,1.183472,2205.32363416973,29.861424528614,7770035,0,0,0,,0,0,,41
Guinea,GIN,1997,1.28145307915976,1.2384320000000002,2272.41100463955,29.0897874940253,7931370,0,0,0,,0,0,,41
Guinea,GIN,1998,1.3060183253326056,1.311712,2311.327353403,33.0646236252079,8081990,0,0,0,,0,0,,41
Guinea,GIN,1999,1.1926383846343462,1.384992,2346.2701835771,32.6958994059117,8265123,0,0,0,,0,0,,41
Guinea,GIN,2000,1.2685999531318874,1.443616,2358.28765608495,36.6796954912881,8428832,0,0,0,,0,0,,41
Guinea,GIN,2001,1.2170077780328334,1.516896,2412.75161959628,40.1878781394378,8539960,0,0,0,,0,0,,41
Guinea,GIN,2002,1.2642130335745894,1.5791840000000001,2498.13177495102,38.0284032674396,8674066,0,0,0,,0,0,,41
Guinea,GIN,2003,2.613255787299816,1.6524640000000002,2473.23418295471,35.0751269891585,8870781,0,0,0,,0,0,,41
Guinea,GIN,2004,1.5424260549335704,1.72208,2477.50282602363,34.5950959210535,9062726,0,0,0,,0,0,,41
Guinea,GIN,2005,1.5677950574097221,1.784368,2501.22160456279,47.9377003917167,9245844,0,0,1,,0,0,,41
Guinea,GIN,2006,1.4717276214372772,1.846656,2478.61319510726,69.3862937148949,9441171,0,0,1,,0,0,,41
Guinea,GIN,2007,1.5525120947818094,1.927264,2587.0048887648,71.1210322265015,9662281,0,0,1,,0,0,,41
Guinea,GIN,2008,1.6549194539616394,1.963904,2629.5397474637,64.1842433909581,9898870,0,0,1,,0,1,,41
Guinea,GIN,2009,2.8716410574984437,2.092144,2537.30645758746,69.8153454158123,10143534,0,0,1,,0,1,,41
Guinea,GIN,2010,3.5343199259029636,2.4585440000000003,2594.83050344245,73.5465739340387,10396086,0,0,1,,0,1,,41
Guinea,GIN,2011,3.971448584797758,2.5574719999999997,2673.40873029955,85.9546732708386,10656810,0,0,1,,0,1,,41
Guinea,GIN,2012,3.8271646799371406,2.392592,2762.90350938513,86.6743318322581,10921581,0,0,1,,0,1,,41
Guinea,GIN,2013,1.731461133298341,2.077488,2802.56007024474,80.4264477180461,11191873,0,0,1,,0,1,,41
Guinea,GIN,2014,1.9042141792938934,2.3706080000000003,2834.96634347846,76.7719658952305,11472924,0,0,1,,0,1,,41
Guinea,GIN,2015,2.091012740227069,2.454399397402597,2869.85157178732,72.4427307469345,11767070,0,0,1,,0,1,,41
Guinea,GIN,2016,5.416338194858461,2.6998143852364462,3099.78874189372,111.839467415368,12073030,0,0,1,,0,1,,41
Guinea,GIN,2017,6.316907801585713,4.847472,3332.76576150531,101.251633768429,12385659,0,0,1,,0,1,,41
Guinea,GIN,2018,5.773722734269596,3.770256,3455.64512638662,88.984111543709,12704774,0,0,1,,0,1,,41
Guinea,GIN,2019,6.123925543888413,4.104164941176483,3557.46233883145,78.4153132285974,13034346,0,0,1,,0,1,,41
Guinea,GIN,2020,5.95432697903305,4.4302481785457,3630.99330577677,115.765259518929,13371183,0,0,1,,0,1,,41
Guinea,GIN,2021,5.845061025308558,4.067528723868943,3738.8051255133,115.195532789356,13710513,0,0,1,,0,1,,41
Guinea,GIN,2022,6.391258429601411,4.052384000000001,3792.01068836277,94.1652726931221,14055137,0,0,1,,0,1,,41
Guinea,GIN,2023,6.398618631979321,3.8750274504379996,3904.82395527998,95.829526758227,14405468,0,0,1,,0,1,,41
Greece,GRC,1990,94.80126435105413,83.43678963623778,26916.3125225704,39.0357306279462,10258487,1,2005,0,-15.0,2008,0,-18.0,42
Greece,GRC,1991,93.68739483819611,83.40624889409688,27419.6029332234,37.5415185885243,10306644,1,2005,0,-14.0,2008,0,-17.0,42
Greece,GRC,1992,103.68840665794065,84.97399220011644,27401.424003405,37.7870755959724,10359895,1,2005,0,-13.0,2008,0,-16.0,42
Greece,GRC,1993,98.45120071406163,84.2832900551658,26804.8537616148,36.0330301689118,10412751,1,2005,0,-12.0,2008,0,-15.0,42
Greece,GRC,1994,98.2239847712738,86.42900461870926,27204.3958682198,35.2202302292147,10466260,1,2005,0,-11.0,2008,0,-14.0,42
Greece,GRC,1995,99.36121272501032,86.96236598339384,27646.1476383588,36.1256353436075,10519235,1,2005,0,-10.0,2008,0,-13.0,42
Greece,GRC,1996,100.37239183232799,89.1141077098395,27905.1065690594,36.8209292630895,10570080,1,2005,0,-9.0,2008,0,-12.0,42
Greece,GRC,1997,101.50923798670594,93.80112013873662,28768.2401472217,39.4385486529083,10622325,1,2005,0,-8.0,2008,0,-11.0,42
Greece,GRC,1998,105.53875507104236,98.62137573374244,29592.525483114,42.4898959577488,10675409,1,2005,0,-7.0,2008,0,-10.0,42
Greece,GRC,1999,103.35122742503864,97.93438860045148,30263.0543705003,48.1760370261319,10727951,1,2005,0,-6.0,2008,0,-9.0,42
Greece,GRC,2000,107.20930389327346,102.9727610246332,31386.639783624,59.1126577488086,10782635,1,2005,0,-5.0,2008,0,-8.0,42
Greece,GRC,2001,108.47283982787553,105.36145543387681,32675.9292327768,56.8576339551067,10843164,1,2005,0,-4.0,2008,0,-7.0,42
Greece,GRC,2002,111.66792822009378,105.00027004303257,34081.0289759343,50.0533371904633,10890285,1,2005,0,-3.0,2008,0,-6.0,42
Greece,GRC,2003,124.03523456759291,109.06655679778103,35970.7016808475,47.8943121550822,10918471,1,2005,0,-2.0,2008,0,-5.0,42
Greece,GRC,2004,124.1076882516884,109.48484617163227,37811.4913664483,49.825317672568,10947365,1,2005,0,-1.0,2008,0,-4.0,42
Greece,GRC,2005,125.64426810318187,113.88881270245756,38146.962971083,50.3555334391407,10981334,1,2005,1,0.0,2008,0,-3.0,42
Greece,GRC,2006,128.16694464145948,112.41936461655146,40483.1569225337,51.1047465834807,11016103,1,2005,1,1.0,2008,0,-2.0,42
Greece,GRC,2007,131.43643920003623,114.54545185417955,41796.2336918303,54.5256818189044,11045737,1,2005,1,2.0,2008,0,-1.0,42
Greece,GRC,2008,131.28222285013544,111.08003781662443,41709.3877420312,57.1052836264926,11076872,1,2005,1,3.0,2008,1,0.0,42
Greece,GRC,2009,124.09118566251574,104.3194827013762,39886.2135496664,46.3779593986083,11108069,1,2005,1,4.0,2008,1,1.0,42
Greece,GRC,2010,108.37675165312544,97.35413808885886,37566.7483686263,50.9225181997227,11124670,1,2005,1,5.0,2008,1,2.0,42
Greece,GRC,2011,101.32996733815385,94.50522340579283,33906.4917435676,56.2929957941907,11108844,1,2005,1,6.0,2008,1,3.0,42
Greece,GRC,2012,92.61667398240408,91.3925920438367,31250.2268565956,62.3942117351318,11048298,1,2005,1,7.0,2008,1,4.0,42
Greece,GRC,2013,83.98054068051084,81.71325778168688,30762.4432227813,62.9547272215374,10967540,1,2005,1,8.0,2008,1,5.0,42
Greece,GRC,2014,80.25688900392109,78.63569742287525,31213.3765120298,66.4335364513677,10893166,1,2005,1,9.0,2008,1,6.0,42
Greece,GRC,2015,75.79605953249751,74.92666731060652,31347.976574604,65.2716454619318,10820903,1,2005,1,10.0,2008,1,7.0,42
Greece,GRC,2016,75.87463141511648,71.35960978756218,31468.6198471099,63.6575490882866,10775504,1,2005,1,11.0,2008,1,8.0,42
Greece,GRC,2017,78.79036746471594,74.84175166571276,31995.4108838386,70.8824967397253,10753533,1,2005,1,12.0,2008,1,9.0,42
Greece,GRC,2018,81.41103155294971,71.77809375768048,32722.3310444029,79.2379908638706,10730844,1,2005,1,13.0,2008,1,10.0,42
Greece,GRC,2019,75.31383081021043,65.73632485616837,33502.7506488997,80.5900949510457,10718576,1,2005,1,14.0,2008,1,11.0,42
Greece,GRC,2020,68.58368663442653,55.576926766759414,30487.1129331045,70.2937464580745,10699369,1,2005,1,15.0,2008,1,12.0,42
Greece,GRC,2021,71.57446493144414,57.52791133136153,33528.2271202515,88.0126654490379,10579561,1,2005,1,16.0,2008,1,13.0,42
Greece,GRC,2022,71.33536728416355,57.60904799660436,35828.1756641776,108.121843229922,10412480,1,2005,1,17.0,2008,1,14.0,42
Greece,GRC,2023,67.19059287885925,51.9882227110424,36700.5134631055,92.4710882947018,10242908,1,2005,1,18.0,2008,1,15.0,42
Guatemala,GTM,1990,4.176683232836982,4.657699154458173,7594.73215267529,45.8694854703458,9024773,0,0,0,,0,0,,43
Guatemala,GTM,1991,4.259763822544947,4.756469298496837,7662.17099856969,39.5202562231777,9272584,0,0,0,,0,0,,43
Guatemala,GTM,1992,5.6929923255875545,5.79140239604672,7822.2634402435,45.3622490673106,9522266,0,0,0,,0,0,,43
Guatemala,GTM,1993,5.193168211999934,5.57156239604672,7915.41059815185,43.7789281525868,9779761,0,0,0,,0,0,,43
Guatemala,GTM,1994,5.90311971767032,6.6387792657578375,8018.28330821547,42.3708926972021,10043718,0,0,0,,0,0,,43
Guatemala,GTM,1995,6.1496975598858405,7.0850168382796825,8195.34970997959,44.6894303422515,10312996,0,0,0,,0,0,,43
Guatemala,GTM,1996,5.536998170522929,6.539780611012848,8222.06920351134,40.392952957301,10583526,0,0,0,,0,0,,43
Guatemala,GTM,1997,6.271271603341997,7.460355773931878,8364.1651916099,41.5519511569592,10857754,0,0,0,,0,0,,43
Guatemala,GTM,1998,7.233351027623305,8.620269686585226,8559.99025739148,44.4237399632554,11139145,0,0,0,,0,0,,43
Guatemala,GTM,1999,7.596639503410252,8.873891403643016,8668.43099775145,46.3605068544295,11422965,0,0,0,,0,0,,43
Guatemala,GTM,2000,24.624650785998956,9.74198505109733,8770.40815272307,49.1455879049537,11697592,0,0,0,,0,0,,43
Guatemala,GTM,2001,8.668689249499657,10.147466945681165,8771.15927218783,70.6690331769476,11969422,0,0,0,,0,0,,43
Guatemala,GTM,2002,9.255656342787743,10.693538963789239,8901.54046462168,67.1048115244645,12246915,0,0,0,,0,0,,43
Guatemala,GTM,2003,9.028926355193878,10.41140480627496,8926.15771786373,67.0023391862425,12525842,0,0,0,,0,0,,43
Guatemala,GTM,2004,9.590004868142932,11.055912983159772,9003.86136388797,70.2148723581872,12807402,0,0,0,,0,0,,43
Guatemala,GTM,2005,10.22724862792715,12.03835851801354,9099.7275067528,67.1036996082037,13087629,0,0,1,,0,0,,43
Guatemala,GTM,2006,11.371500525209276,12.175961483388992,9386.00549814138,67.9119237396616,13367459,0,0,1,,0,0,,43
Guatemala,GTM,2007,11.039299194405707,12.117007728935446,9772.80992048501,69.0013643101763,13652040,0,0,1,,0,0,,43
Guatemala,GTM,2008,9.971473740860917,10.734758003894482,9889.57668418909,65.1787305213103,13935174,0,0,1,,0,1,,43
Guatemala,GTM,2009,10.280695824908381,11.724694273398573,9740.71387674159,58.0406869738673,14215611,0,0,1,,0,1,,43
Guatemala,GTM,2010,10.468517000840242,10.817141603917053,9825.022234198,63.1251925746222,14500112,0,0,1,,0,1,,43
Guatemala,GTM,2011,9.419774850975948,10.979266187744285,10032.0932829709,65.0470510420457,14792126,0,0,1,,0,1,,43
Guatemala,GTM,2012,9.926316423787057,11.346779761680809,10126.8330566224,61.9594193352042,15089647,0,0,1,,0,1,,43
Guatemala,GTM,2013,10.396261972469352,12.493454750339184,10297.8392994827,56.6852489007381,15387337,0,0,1,,0,1,,43
Guatemala,GTM,2014,10.994330456516785,13.424808239980234,10553.563988977,55.0832736168677,15681725,0,0,1,,0,1,,43
Guatemala,GTM,2015,12.97270323835656,15.449177097345157,10785.9583125957,49.8934518550985,15971743,0,0,1,,0,1,,43
Guatemala,GTM,2016,13.524607507656718,16.52371062268474,10872.5938902469,46.3727343925686,16268760,0,0,1,,0,1,,43
Guatemala,GTM,2017,15.118990829355345,16.992723722945563,11005.4592851719,46.0694034412912,16567357,0,0,1,,0,1,,43
Guatemala,GTM,2018,24.012301913240748,18.338417291009474,11192.3719192725,47.0116853424691,16845685,0,0,1,,0,1,,43
Guatemala,GTM,2019,24.607327501385672,19.258855420942556,11466.3764932197,45.5167341849579,17103803,0,0,1,,0,1,,43
Guatemala,GTM,2020,21.947110988828808,17.156898223470495,11097.1503902986,41.1407594007818,17357325,0,0,1,,0,1,,43
Guatemala,GTM,2021,25.184823180774334,19.98412413526711,11825.141273764,49.261149442668,17598650,0,0,1,,0,1,,43
Guatemala,GTM,2022,24.81455580523489,18.913353764652182,12144.4800461597,54.4490964612191,17847877,0,0,1,,0,1,,43
Guatemala,GTM,2023,25.449471902116414,19.736067802788007,12380.3715121996,48.3297978472591,18124838,0,0,1,,0,1,,43
"China, Hong Kong SAR",HKG,1990,61.7094087149961,27.147690174669805,31598.7264606102,226.000240297969,5560597,0,0,0,,0,0,,44
"China, Hong Kong SAR",HKG,1991,65.2805748609787,28.463071575920047,33124.6445961019,231.865133953304,5628094,0,0,0,,0,0,,44
"China, Hong Kong SAR",HKG,1992,71.85871981587303,32.92213867793804,34895.7384690892,240.13281627495,5759556,0,0,0,,0,0,,44
"China, Hong Kong SAR",HKG,1993,70.21542416033405,34.777844048390925,36428.5238295824,233.969130299352,5902513,0,0,0,,0,0,,44
"China, Hong Kong SAR",HKG,1994,81.62667646265221,31.079292860648483,37767.182764774,237.427997065577,6042261,0,0,0,,0,0,,44
"China, Hong Kong SAR",HKG,1995,85.5708155098331,31.270612398699715,37905.6482894504,256.89826506739,6177104,0,0,0,,0,0,,44
"China, Hong Kong SAR",HKG,1996,81.99506126721694,28.908528026242013,37804.0797903194,244.85376438617,6302464,0,0,0,,0,0,,44
"China, Hong Kong SAR",HKG,1997,94.0848107331493,30.496981117095157,39402.5736869551,233.440294577968,6416673,0,0,0,,0,0,,44
"China, Hong Kong SAR",HKG,1998,83.18686386553964,38.92498358751966,36776.3657079191,221.133284508369,6521334,0,0,0,,0,0,,44
"China, Hong Kong SAR",HKG,1999,80.97705583266405,42.549015574291275,37339.8931803408,220.272313145342,6616525,0,0,0,,0,0,,44
"China, Hong Kong SAR",HKG,2000,87.9873094616166,39.76544588235311,39848.5593475546,247.654020445592,6704664,0,0,0,,0,0,,44
"China, Hong Kong SAR",HKG,2001,80.53749878743271,37.288528,39777.8262391597,240.848977626932,6774239,0,0,0,,0,0,,44
"China, Hong Kong SAR",HKG,2002,78.04051505435639,39.00328,40258.1488758671,255.996457369342,6821408,0,0,0,,0,0,,44
"China, Hong Kong SAR",HKG,2003,94.39349131082861,42.7331870029645,41570.5634425877,292.454655919737,6858907,0,0,0,,0,0,,44
"China, Hong Kong SAR",HKG,2004,94.09185355355612,41.157752320450626,44836.1768653659,326.841054589054,6888163,0,0,0,,0,0,,44
"China, Hong Kong SAR",HKG,2005,102.27700289889277,43.33409119437474,47938.8533561286,342.689209524653,6908486,0,0,1,,0,0,,44
"China, Hong Kong SAR",HKG,2006,101.6267507121034,41.914808403660274,50981.7296233058,359.208661184248,6931090,0,0,1,,0,0,,44
"China, Hong Kong SAR",HKG,2007,100.04774614381385,43.57243767044911,53813.022139769,362.14946363969,6971345,0,0,1,,0,0,,44
"China, Hong Kong SAR",HKG,2008,96.52927240180847,42.79424833579554,54630.3299120222,376.656806171877,7020689,0,0,1,,0,1,,44
"China, Hong Kong SAR",HKG,2009,80.4159175883073,41.583063849596265,53172.2884268262,348.397554309339,7064467,0,0,1,,0,1,,44
"China, Hong Kong SAR",HKG,2010,90.17085233393978,40.062903295842474,56355.409086809,404.770560908659,7101617,0,0,1,,0,1,,44
"China, Hong Kong SAR",HKG,2011,112.4630249961139,43.149716158483024,58672.8050185719,421.854706554386,7142970,0,0,1,,0,1,,44
"China, Hong Kong SAR",HKG,2012,130.79181648720308,42.738397733666716,59015.3179560955,430.568530415663,7201061,0,0,1,,0,1,,44
"China, Hong Kong SAR",HKG,2013,152.20461158594375,44.31049567259357,60601.6109212886,442.620019127299,7264335,0,0,1,,0,1,,44
"China, Hong Kong SAR",HKG,2014,145.8186301501453,45.491753825694616,61839.8044187474,425.975871734797,7319501,0,0,1,,0,1,,44
"China, Hong Kong SAR",HKG,2015,111.10004897182395,42.40351982291016,62779.7552386246,389.405949263639,7366409,0,0,1,,0,1,,44
"China, Hong Kong SAR",HKG,2016,122.71163905684706,43.36584548985012,63749.4285013369,371.727231773253,7408010,0,0,1,,0,1,,44
"China, Hong Kong SAR",HKG,2017,125.82514459235952,42.43117150269326,65662.8543379575,376.795666734722,7444891,0,0,1,,0,1,,44
"China, Hong Kong SAR",HKG,2018,124.27181970998036,42.59702432950419,66993.9592604441,376.892773545026,7471194,0,0,1,,0,1,,44
"China, Hong Kong SAR",HKG,2019,123.70582936072901,41.89659187280611,65388.3366418212,353.743521139731,7485813,0,0,1,,0,1,,44
"China, Hong Kong SAR",HKG,2020,119.86551618129894,33.51299577584952,61328.5367014193,350.679705044448,7490235,0,0,1,,0,1,,44
"China, Hong Kong SAR",HKG,2021,132.7661485636605,33.63699789890549,65884.9376260603,402.459681454463,7484601,0,0,1,,0,1,,44
"China, Hong Kong SAR",HKG,2022,145.23976979104205,30.763799966551936,64035.6484949629,384.885909968308,7465915,0,0,1,,0,1,,44
"China, Hong Kong SAR",HKG,2023,144.16379244690768,32.957055875317806,64387.6654066058,353.194608900413,7442734,0,0,1,,0,1,,44
Honduras,HND,1990,1.8342345246329645,2.5046576890489414,1172.07980628643,94.2224913877873,4980488,0,0,0,,0,0,,45
Honduras,HND,1991,1.8815488851733864,2.526965872796305,1436.05066143143,89.5935124691766,5123792,0,0,0,,0,0,,45
Honduras,HND,1992,2.2620981528556503,2.803311706951131,1521.94721667467,84.7584594344201,5271431,0,0,0,,0,0,,45
Honduras,HND,1993,2.2457135967746167,2.940777385627521,1681.08238809432,98.2484665384967,5423249,0,0,0,,0,0,,45
Honduras,HND,1994,2.288692295470439,3.231038979756953,2108.27414889925,114.438113886322,5579242,0,0,0,,0,0,,45
Honduras,HND,1995,2.5556703731430837,3.836235417308777,2555.0262257932,114.537647463165,5739637,0,0,0,,0,0,,45
Honduras,HND,1996,2.46966860342842,3.875520666198808,3054.15773942696,122.725112727964,5903954,0,0,0,,0,0,,45
Honduras,HND,1997,2.59706149448515,4.010334465027807,3635.98071357513,121.466190207647,6071454,0,0,0,,0,0,,45
Honduras,HND,1998,3.061818641081741,4.8105822292803255,3950.83498715855,122.69670703096,6234431,0,0,0,,0,0,,45
Honduras,HND,1999,3.3694556592754825,4.704556813083274,4293.827231525,121.502105602734,6400463,0,0,0,,0,0,,45
Honduras,HND,2000,3.8621175284885303,5.031508283059153,4579.68960840984,120.392164584236,6577773,0,0,0,,0,0,,45
Honduras,HND,2001,4.176592845757796,5.664895319181148,4578.94787944773,115.943071737954,6757993,0,0,0,,0,0,,45
Honduras,HND,2002,4.3037596947022445,5.9452815010381554,4627.02278723456,117.997454450299,6938859,0,0,0,,0,0,,45
Honduras,HND,2003,5.465330354710275,6.686778358462502,4714.86701000971,122.248277175534,7119213,0,0,0,,0,0,,45
Honduras,HND,2004,5.754416243118542,7.194159381820861,4885.34258343422,135.461758741854,7298994,0,0,0,,0,0,,45
Honduras,HND,2005,5.370620696620714,6.834856553780619,5056.67544412551,136.489768018486,7478355,0,0,1,,0,0,,45
Honduras,HND,2006,6.402594218885496,7.698207999999988,5263.15029099578,133.13183510432,7656832,0,0,1,,0,0,,45
Honduras,HND,2007,6.791888928733963,8.216417931767847,5461.90151889031,135.070634917917,7834798,0,0,1,,0,0,,45
Honduras,HND,2008,14.852123706612057,8.53290799999999,5566.70639487722,135.748955193053,8012587,0,0,1,,0,1,,45
Honduras,HND,2009,6.960268680596735,8.030408085222104,5313.75573967791,96.9050060188904,8189899,0,0,1,,0,1,,45
Honduras,HND,2010,6.714044258119857,8.106538,5396.07227927744,109.441838241682,8365878,0,0,1,,0,1,,45
Honduras,HND,2011,6.727331307464774,8.856649999999984,5488.43371596332,122.216902597337,8540583,0,0,1,,0,1,,45
Honduras,HND,2012,6.9176858335036036,9.108358000000003,5600.6077605497,121.188215808285,8715076,0,0,1,,0,1,,45
Honduras,HND,2013,17.826626669325204,9.328257999999996,5644.13384802045,116.306049247436,8889278,0,0,1,,0,1,,45
Honduras,HND,2014,7.164747151541902,9.503221999999983,5705.16246265484,112.97509728471,9063122,0,0,1,,0,1,,45
Honduras,HND,2015,8.37362870315491,10.897807999999985,5812.5348879105,107.26440535424,9237305,0,0,1,,0,1,,45
Honduras,HND,2016,7.9735190449113125,9.938747294117649,5926.49025534228,99.8157169505924,9412380,0,0,1,,0,1,,45
Honduras,HND,2017,8.246999788601137,10.197924434973839,6099.60734919414,101.813111079622,9588137,0,0,1,,0,1,,45
Honduras,HND,2018,8.140891606944816,9.876190117647052,6219.27973775059,103.551162215452,9765210,0,0,1,,0,1,,45
Honduras,HND,2019,9.066870434611383,10.962542658768045,6264.01884276715,99.4595352452417,9943633,0,0,1,,0,1,,45
Honduras,HND,2020,8.354064312549482,9.976783058823548,5603.26398377777,88.0008563836292,10119640,0,0,1,,0,1,,45
Honduras,HND,2021,9.217030197346016,11.059746823529395,6202.98078812037,103.372643459918,10289877,0,0,1,,0,1,,45
Honduras,HND,2022,9.697911942869036,11.742019281772906,6352.58710177732,112.698524913966,10463872,0,0,1,,0,1,,45
Honduras,HND,2023,10.458279881205824,12.404353693115507,6467.8800352783,98.7919798336365,10644851,0,0,1,,0,1,,45
Croatia,HRV,1990,20.087840874007952,22.885219753894763,23399.6397169629,,4835065,1,2005,0,-15.0,2008,0,-18.0,46
Croatia,HRV,1991,14.883798795653462,16.999432406969444,18812.8657379331,,4825157,1,2005,0,-14.0,2008,0,-17.0,46
Croatia,HRV,1992,17.665758092053803,16.379164279308828,17020.1669100237,,4782233,1,2005,0,-13.0,2008,0,-16.0,46
Croatia,HRV,1993,17.63866854865901,16.811039892721894,15570.3388433749,,4729743,1,2005,0,-12.0,2008,0,-15.0,46
Croatia,HRV,1994,17.15075499668199,16.05455352492311,16301.6858484798,,4675514,1,2005,0,-11.0,2008,0,-14.0,46
Croatia,HRV,1995,18.850406972092777,16.814489160760722,17522.5142510064,62.8086026978875,4619360,1,2005,0,-10.0,2008,0,-13.0,46
Croatia,HRV,1996,18.963445690614346,17.338433765971423,18850.1633100668,67.053592053592,4562299,1,2005,0,-9.0,2008,0,-12.0,46
Croatia,HRV,1997,20.540185651743872,18.56916782362685,20110.2026198343,74.8854961832061,4504621,1,2005,0,-8.0,2008,0,-11.0,46
Croatia,HRV,1998,20.098033471170826,19.040027390594258,20576.0127669018,64.9843577475156,4445667,1,2005,0,-7.0,2008,0,-10.0,46
Croatia,HRV,1999,21.446601399256597,20.082224339131855,20489.3540108242,66.264736205119,4385822,1,2005,0,-6.0,2008,0,-9.0,46
Croatia,HRV,2000,20.916057954511157,19.652681881541383,21302.4117206381,74.6004590027123,4326105,1,2005,0,-5.0,2008,0,-8.0,46
Croatia,HRV,2001,23.6583724128656,20.77593472880709,22826.7217624371,79.437800900761,4301074,1,2005,0,-4.0,2008,0,-7.0,46
Croatia,HRV,2002,25.433724107664133,21.91551935237898,24136.7810227804,81.1605470544581,4305782,1,2005,0,-3.0,2008,0,-6.0,46
Croatia,HRV,2003,28.64139587153073,23.226189333767685,25473.5672036391,81.4423725005617,4306686,1,2005,0,-2.0,2008,0,-5.0,46
Croatia,HRV,2004,29.612798689303602,22.852689816283558,26528.5369054362,81.6460024380816,4310056,1,2005,0,-1.0,2008,0,-4.0,46
Croatia,HRV,2005,29.987287321585885,23.295552115315097,27641.1374713864,81.4930488377878,4313946,1,2005,1,0.0,2008,0,-3.0,46
Croatia,HRV,2006,29.617329012574547,23.496197923056055,29035.6749841445,83.5173461635857,4315800,1,2005,1,1.0,2008,0,-2.0,46
Croatia,HRV,2007,30.630302709034652,24.80175923553984,30508.3061279124,83.2601359160464,4315954,1,2005,1,2.0,2008,0,-1.0,46
Croatia,HRV,2008,35.13546364836059,23.515655890649807,31113.555007687,82.0792610890345,4314631,1,2005,1,3.0,2008,1,0.0,46
Croatia,HRV,2009,26.371411904419013,21.75231661435835,29024.6640551953,69.7025315039058,4310530,1,2005,1,4.0,2008,1,1.0,46
Croatia,HRV,2010,25.09696773487847,20.978133585066477,28701.8754573033,72.6475745178258,4301145,1,2005,1,5.0,2008,1,2.0,46
Croatia,HRV,2011,24.56193563692641,20.614659171219962,28769.0229490882,77.7839261603843,4280824,1,2005,1,6.0,2008,1,3.0,46
Croatia,HRV,2012,25.519053583370518,19.050019662575806,28259.1638073948,79.0091759505258,4259236,1,2005,1,7.0,2008,1,4.0,46
Croatia,HRV,2013,24.07567341561732,18.401343006446655,28397.9820661555,80.919621854334,4242398,1,2005,1,8.0,2008,1,5.0,46
Croatia,HRV,2014,20.161949898206636,17.64993763935257,28456.3353756076,85.2166354640278,4219479,1,2005,1,9.0,2008,1,6.0,46
Croatia,HRV,2015,22.442592711638525,17.79389060262763,29466.4506365792,90.6517861027716,4183729,1,2005,1,10.0,2008,1,7.0,46
Croatia,HRV,2016,23.10992765879327,18.079279428103725,30820.8050421355,92.1393432283564,4136444,1,2005,1,11.0,2008,1,8.0,46
Croatia,HRV,2017,23.305936241637944,18.713124804131006,32348.5888556174,97.2452344566878,4079200,1,2005,1,12.0,2008,1,9.0,46
Croatia,HRV,2018,24.719090660037434,17.694511824026556,33729.5455811943,99.0845893099948,4024868,1,2005,1,13.0,2008,1,10.0,46
Croatia,HRV,2019,24.068301503004545,17.820422343453107,35122.7966231008,101.395111645358,3986334,1,2005,1,14.0,2008,1,11.0,46
Croatia,HRV,2020,22.999212830116278,16.870104531705305,32493.4017010055,89.5475327132272,3953958,1,2005,1,15.0,2008,1,12.0,46
Croatia,HRV,2021,23.73002705036132,17.402971465062667,36930.076102199,102.327614281062,3924610,1,2005,1,16.0,2008,1,13.0,46
Croatia,HRV,2022,23.866575921403054,17.585164084932348,39863.9109377649,125.410793782261,3907027,1,2005,1,17.0,2008,1,14.0,46
Croatia,HRV,2023,23.71121344239159,18.46759772533421,41320.257995772,107.277801631602,3896023,1,2005,1,18.0,2008,1,15.0,46
Hungary,HUN,1990,88.53445589370637,73.42733096100957,21297.0006406829,,10381281,1,2005,0,-15.0,2008,0,-18.0,47
Hungary,HUN,1991,81.21584780581766,69.82489704706136,18765.4162504008,58.2052641583218,10378176,1,2005,0,-14.0,2008,0,-17.0,47
Hungary,HUN,1992,90.49573468388633,62.28075279851847,18197.5305521351,55.2935236018396,10371474,1,2005,0,-13.0,2008,0,-16.0,47
Hungary,HUN,1993,83.27065300728076,62.99135298512844,18113.3369069655,53.4135360713045,10356870,1,2005,0,-12.0,2008,0,-15.0,47
Hungary,HUN,1994,76.9430423062785,61.88036776149805,18672.707236547,56.3059945915153,10339937,1,2005,0,-11.0,2008,0,-14.0,47
Hungary,HUN,1995,73.44414077585567,61.46412657061756,18977.2437047366,78.1758915933919,10322788,1,2005,0,-10.0,2008,0,-13.0,47
Hungary,HUN,1996,72.13366520732303,63.08306217530323,19029.1137284914,83.021980635108,10302235,1,2005,0,-9.0,2008,0,-12.0,47
Hungary,HUN,1997,75.51336046968758,61.67595617607065,19635.2949600537,94.6879101466758,10278602,1,2005,0,-8.0,2008,0,-11.0,47
Hungary,HUN,1998,78.17784786241482,61.255405248156066,20438.3829550506,107.319335097669,10251717,1,2005,0,-7.0,2008,0,-10.0,47
Hungary,HUN,1999,72.29472089708545,61.57515460668296,21128.8884639402,113.869532830977,10219796,1,2005,0,-6.0,2008,0,-9.0,47
Hungary,HUN,2000,69.96087988233656,58.244408316000296,22117.9204303193,137.26231309347,10190600,1,2005,0,-5.0,2008,0,-8.0,47
Hungary,HUN,2001,73.40675795721633,59.827754469623876,23069.2114730987,130.903714236387,10166690,1,2005,0,-4.0,2008,0,-7.0,47
Hungary,HUN,2002,72.58808241807925,58.84197889953262,24229.2953575981,118.269335242555,10138466,1,2005,0,-3.0,2008,0,-6.0,47
Hungary,HUN,2003,86.4181545393532,61.611246843712166,25255.8711300567,116.787088540862,10108963,1,2005,0,-2.0,2008,0,-5.0,47
Hungary,HUN,2004,83.39641542105323,59.98492366120413,26568.118861864,123.615686104174,10085791,1,2005,0,-1.0,2008,0,-4.0,47
Hungary,HUN,2005,88.99013505918943,60.14208093980903,27765.7886146197,128.004810647538,10065706,1,2005,1,0.0,2008,0,-3.0,47
Hungary,HUN,2006,90.90960877503801,59.52856276655728,28903.0475407078,149.231531568461,10049943,1,2005,1,1.0,2008,0,-2.0,47
Hungary,HUN,2007,97.32306990194253,58.44858490546464,29044.0669021254,155.60143236807,10034082,1,2005,1,2.0,2008,0,-1.0,47
Hungary,HUN,2008,99.67320510192991,57.1844290942954,29384.0070385818,158.453224115619,10016657,1,2005,1,3.0,2008,1,0.0,47
Hungary,HUN,2009,67.58466271487033,51.45752666329942,27445.959458479,145.30587733019,10001378,1,2005,1,4.0,2008,1,1.0,47
Hungary,HUN,2010,71.02515509888157,51.99271824157002,27801.833816111,157.838960085896,9979129,1,2005,1,5.0,2008,1,2.0,47
Hungary,HUN,2011,70.13475770175742,50.15600997609276,28415.1173442897,166.754347209897,9946676,1,2005,1,6.0,2008,1,3.0,47
Hungary,HUN,2012,63.45860294858855,46.7201804262312,28179.656464434,166.17569860957,9916623,1,2005,1,7.0,2008,1,4.0,47
Hungary,HUN,2013,59.46687765689006,43.486528561750255,28891.0217544976,164.476024791467,9889346,1,2005,1,8.0,2008,1,5.0,47
Hungary,HUN,2014,58.71609601816341,43.63887627045806,30264.9492302161,168.358355086413,9862842,1,2005,1,9.0,2008,1,6.0,47
Hungary,HUN,2015,59.34494229789049,46.5669115654378,31485.5675425634,167.290738494524,9839211,1,2005,1,10.0,2008,1,7.0,47
Hungary,HUN,2016,60.647812257864906,47.039119508737976,32378.9674983075,163.97194450015,9810532,1,2005,1,11.0,2008,1,8.0,47
Hungary,HUN,2017,65.92083584776185,49.4235218522795,33828.714942571,165.032855840268,9785604,1,2005,1,12.0,2008,1,9.0,47
Hungary,HUN,2018,66.68366691997578,49.36623144801634,35798.0412754022,162.700858777925,9774394,1,2005,1,13.0,2008,1,10.0,47
Hungary,HUN,2019,65.07547999069745,49.15895205217017,37662.67681014,159.925556464831,9770346,1,2005,1,14.0,2008,1,11.0,47
Hungary,HUN,2020,60.473853246824554,47.10531947209461,36119.5211735652,154.527002936377,9749457,1,2005,1,15.0,2008,1,12.0,47
Hungary,HUN,2021,65.40392834532032,48.32628104530432,38887.1909527154,159.187527332834,9707850,1,2005,1,16.0,2008,1,13.0,47
Hungary,HUN,2022,62.642999126576754,45.26734064619581,40610.9711368238,184.969952581351,9684306,1,2005,1,17.0,2008,1,14.0,47
Hungary,HUN,2023,56.72780370512047,40.34386571216245,40333.2546888118,158.618825607913,9686463,1,2005,1,18.0,2008,1,15.0,47
Indonesia,IDN,1990,147.06423123690558,154.99068789079303,4873.05380133263,52.8918614376893,184261443,0,0,0,,0,0,,48
Indonesia,IDN,1991,160.57952043537153,174.75421953741701,5118.46789591815,54.8395648805761,187556516,0,0,0,,0,0,,48
Indonesia,IDN,1992,186.4639320626292,199.29802554225378,5357.3758979759,57.4274341101528,190843062,0,0,0,,0,0,,48
Indonesia,IDN,1993,194.88696867151893,214.96284950602612,5609.15178814269,50.5233858882307,194126605,0,0,0,,0,0,,48
Indonesia,IDN,1994,199.8454406266799,219.1999472086328,5931.23473426762,51.877101049475,197436321,0,0,0,,0,0,,48
Indonesia,IDN,1995,205.22721371625582,222.22529936581472,6312.93453561158,53.9585900635426,200756203,0,0,0,,0,0,,48
Indonesia,IDN,1996,227.99663453041387,252.85573826213258,6695.40975787395,52.264743657148,204096630,0,0,0,,0,0,,48
Indonesia,IDN,1997,244.00614101141005,279.69560400094383,6897.00236563331,55.9938588086777,207453279,0,0,0,,0,0,,48
Indonesia,IDN,1998,148.77715117028308,244.31531859981902,5897.68530859207,96.1861923602686,210769318,0,0,0,,0,0,,48
Indonesia,IDN,1999,242.5051556393834,291.77067329322256,5855.65800744994,62.9439128601924,213004668,0,0,0,,0,0,,48
Indonesia,IDN,2000,240.90156701607086,281.0544340425643,6056.38197842165,71.4368759173731,216077790,0,0,0,,0,0,,48
Indonesia,IDN,2001,266.0362863578891,316.75936397909595,6190.51954040991,69.7932075256238,219097902,0,0,0,,0,0,,48
Indonesia,IDN,2002,276.1316500311262,308.2013129101039,6381.94955179996,59.0794617663723,222088495,0,0,0,,0,0,,48
Indonesia,IDN,2003,312.1607724465603,339.0239088329574,6599.09193597034,53.6164937473016,225048008,0,0,0,,0,0,,48
Indonesia,IDN,2004,317.91048160110256,342.7086212339043,6843.54654972364,59.761294836691,227926649,0,0,0,,0,0,,48
Indonesia,IDN,2005,323.80885609161896,347.36126528772894,7140.8545640704,63.9879358688635,230871650,0,0,1,,0,0,,48
Indonesia,IDN,2006,332.27443640545596,346.36576541104665,7434.48785352221,56.6571268148867,233951652,0,0,1,,0,0,,48
Indonesia,IDN,2007,372.4793475770207,387.57724982818405,7802.46406905954,54.8292499782075,237062337,0,0,1,,0,0,,48
Indonesia,IDN,2008,373.42386339939105,365.3840391533029,8165.06155116624,58.5613996312961,240157903,0,0,1,,0,1,,48
Indonesia,IDN,2009,385.8931530849268,398.6244292236933,8435.4557468629,45.5121213687054,243220028,0,0,1,,0,1,,48
Indonesia,IDN,2010,435.44145748891043,445.3700890099614,8848.22473702066,46.7012738758737,246305322,0,0,1,,0,1,,48
Indonesia,IDN,2011,491.7213392206124,500.4576760888986,9274.96955181702,50.1800131841104,249470032,0,0,1,,0,1,,48
Indonesia,IDN,2012,523.755716585213,515.7695797724915,9708.61182531081,49.5828982992627,252698525,0,0,1,,0,1,,48
Indonesia,IDN,2013,509.5168478771047,493.4351557079913,10121.8141535043,48.6373726752893,255852467,0,0,1,,0,1,,48
Indonesia,IDN,2014,510.0074423683882,498.0288020390368,10504.3869411088,48.0801755855227,258877399,0,0,1,,0,1,,48
Indonesia,IDN,2015,545.4301997758196,551.1600230660132,10893.6621142169,41.9376402415294,261799249,0,0,1,,0,1,,48
Indonesia,IDN,2016,548.4866308331042,547.968882050917,11319.6634287738,37.4213418023318,264627418,0,0,1,,0,1,,48
Indonesia,IDN,2017,567.4878073588869,570.9282049134212,11772.5743296107,39.3554970704606,267346658,0,0,1,,0,1,,48
Indonesia,IDN,2018,606.8423761118516,607.3783859780622,12262.2310300771,43.0743089552002,269951846,0,0,1,,0,1,,48
Indonesia,IDN,2019,664.2099624619237,665.0493444993841,12757.7850854842,37.6277775357108,272489381,0,0,1,,0,1,,48
Indonesia,IDN,2020,629.8296278426345,623.3040444223636,12388.5449268131,32.9721754002427,274814866,0,0,1,,0,1,,48
Indonesia,IDN,2021,627.4940384521282,632.9460172551497,12757.0746440204,40.2047582749671,276758053,0,0,1,,0,1,,48
Indonesia,IDN,2022,709.2271549098834,758.0204896876726,13334.2653947637,45.4646701959453,278830529,0,0,1,,0,1,,48
Indonesia,IDN,2023,728.1666982777092,762.3575380687322,13889.9495012858,41.4604765447233,281190067,0,0,1,,0,1,,48
India,IND,1990,583.3526855594724,577.986557666816,2139.82749174123,15.5062615101965,864972221,0,0,0,,0,0,,49
India,IND,1991,603.9083872205601,615.3881945217655,2116.06939249228,16.9877265511351,883927600,0,0,0,,0,0,,49
India,IND,1992,656.8375747434728,655.4235141712129,2185.04046180678,18.433099041828,902957070,0,0,0,,0,0,,49
India,IND,1993,661.0659868755189,677.2621100003335,2241.28535932488,19.6515397864684,922118387,0,0,0,,0,0,,49
India,IND,1994,692.3460673358079,714.0427893961524,2342.15609263829,20.0781443769255,941163767,0,0,0,,0,0,,49
India,IND,1995,728.6371399341832,760.4801937896547,2469.3516292637,22.8674487062499,960301044,0,0,0,,0,0,,49
India,IND,1996,773.5679424075181,823.6021707941516,2603.24632974171,21.9294878713867,979678458,0,0,0,,0,0,,49
India,IND,1997,802.520087286501,857.975749042497,2655.92939429507,22.6193868670479,999133762,0,0,0,,0,0,,49
India,IND,1998,814.0917625361401,875.7834009713836,2766.110488608,23.6994700790647,1018665080,0,0,0,,0,0,,49
India,IND,1999,922.0243240104423,961.1938290940077,2954.0688560393,24.8155980442929,1038225823,0,0,0,,0,0,,49
India,IND,2000,914.3730124167596,987.0650658100698,3010.42156148397,26.9009229104474,1057922733,0,0,0,,0,0,,49
India,IND,2001,921.5298792468582,1001.1984149846329,3097.16224022342,25.9932547534365,1077898575,0,0,0,,0,0,,49
India,IND,2002,936.8786405294165,1032.7503358064637,3157.26903770593,29.5086629350614,1097600380,0,0,0,,0,0,,49
India,IND,2003,985.4117678694022,1068.3979620184566,3346.8882902915,30.592436132908,1116803006,0,0,0,,0,0,,49
India,IND,2004,1043.3164334771357,1134.6109563784757,3551.04731213773,37.503814059447,1135991513,0,0,0,,0,0,,49
India,IND,2005,1104.518822687799,1195.393256537175,3770.39653173829,42.0016696148691,1154676322,0,0,1,,0,0,,49
India,IND,2006,1172.5949068571406,1293.3215499641565,4011.08647585805,45.7244804992652,1172878890,0,0,1,,0,0,,49
India,IND,2007,1291.0920741833772,1393.4852871800852,4253.82139046739,45.686268679348,1190676021,0,0,1,,0,0,,49
India,IND,2008,1372.7947134391738,1490.3664963875062,4322.48378983546,53.3682204392226,1207930964,0,0,1,,0,1,,49
India,IND,2009,1521.6848194121567,1613.327678814975,4595.37990753812,46.2728696428837,1225524753,0,0,1,,0,1,,49
India,IND,2010,1571.107054707268,1678.529560219587,4913.87639723705,49.2552064974161,1243481564,0,0,1,,0,1,,49
India,IND,2011,1624.1974865370905,1765.6948697788782,5098.67458775444,55.6238800135298,1261224954,0,0,1,,0,1,,49
India,IND,2012,1782.0769366097634,1926.9863318056532,5303.50197767655,55.7937217287511,1278674502,0,0,1,,0,1,,49
India,IND,2013,1637.8547086912947,1995.3371957333256,5567.49439418718,53.8441319466777,1295829511,0,0,1,,0,1,,49
India,IND,2014,1810.8933871914835,2148.052108356021,5905.10618204633,48.9221857470669,1312277191,0,0,1,,0,1,,49
India,IND,2015,1961.0525555529669,2231.8174759968656,6301.67346968236,41.9229138658647,1328024498,0,0,1,,0,1,,49
India,IND,2016,2002.0699724859205,2352.540096948332,6741.14883185347,40.082485713276,1343944296,0,0,1,,0,1,,49
India,IND,2017,2112.194656987504,2425.7218768879748,7116.03659185396,40.7424969545225,1359657400,0,0,1,,0,1,,49
India,IND,2018,2239.0632106444373,2595.2269415426636,7492.62576755145,43.6169693323889,1374659064,0,0,1,,0,1,,49
India,IND,2019,2267.293176151405,2611.174551811388,7702.17634811957,39.9054035306442,1389030312,0,0,1,,0,1,,49
India,IND,2020,2085.1320277124746,2422.731964730376,7186.86447099679,37.7581053292768,1402617695,0,0,1,,0,1,,49
India,IND,2021,2252.0290356489677,2675.7780379197243,7818.65701757504,45.4230887840446,1414203896,0,0,1,,0,1,,49
India,IND,2022,2339.991500504627,2831.131691651174,8347.38478647086,50.6979382758042,1425423212,0,0,1,,0,1,,49
India,IND,2023,2543.2154949197184,3062.7564280229944,8870.55027609345,46.3229520582338,1438069596,0,0,1,,0,1,,49
Ireland,IRL,1990,37.663361808031325,32.94530007793826,29504.8772657821,105.02942597332,3514018,1,2005,0,-15.0,2008,0,-18.0,50
Ireland,IRL,1991,38.234715114933934,33.67516477118409,29901.8063008033,106.440213904397,3534260,1,2005,0,-14.0,2008,0,-17.0,50
Ireland,IRL,1992,38.053205734846514,33.49613275232859,30691.3955973094,109.545448391468,3558421,1,2005,0,-13.0,2008,0,-16.0,50
Ireland,IRL,1993,37.32073280472123,33.71714909446235,31360.6490651216,116.602680107501,3576122,1,2005,0,-12.0,2008,0,-15.0,50
Ireland,IRL,1994,38.350773278175716,34.838994226896496,33035.2362632759,126.488901394528,3590157,1,2005,0,-11.0,2008,0,-14.0,50
Ireland,IRL,1995,39.07850789262265,35.85336025555669,36032.7774732501,136.103124359691,3610697,1,2005,0,-10.0,2008,0,-13.0,50
Ireland,IRL,1996,40.51813226080905,37.46946478734279,38386.9116734053,138.868118491507,3638509,1,2005,0,-9.0,2008,0,-12.0,50
Ireland,IRL,1997,44.17017661865537,38.80493593101174,42192.5848112478,142.269442155283,3672293,1,2005,0,-8.0,2008,0,-11.0,50
Ireland,IRL,1998,48.88613034059303,40.70844110609979,45415.0455160312,157.772368187148,3711073,1,2005,0,-7.0,2008,0,-10.0,50
Ireland,IRL,1999,59.14308614873407,42.440314853975565,49634.5026736477,159.870974760171,3752938,1,2005,0,-6.0,2008,0,-9.0,50
Ireland,IRL,2000,54.079040842009576,45.24951723685702,53582.8313532284,174.954518071287,3802585,1,2005,0,-5.0,2008,0,-8.0,50
Ireland,IRL,2001,56.05016486571981,47.60771180509132,55534.5698068816,174.840711101871,3862981,1,2005,0,-4.0,2008,0,-7.0,50
Ireland,IRL,2002,56.56820934434647,46.08138760559789,57828.0116338414,163.719329359615,3928443,1,2005,0,-3.0,2008,0,-6.0,50
Ireland,IRL,2003,64.80268679030218,45.683964723466325,58608.3353816693,146.531474021275,3992935,1,2005,0,-2.0,2008,0,-5.0,50
Ireland,IRL,2004,64.10578353955596,46.16673692375168,61452.8660388324,146.587496370071,4066064,1,2005,0,-1.0,2008,0,-4.0,50
Ireland,IRL,2005,69.5534760381743,48.15299134586978,63579.7134384122,148.175564253129,4155284,1,2005,1,0.0,2008,0,-3.0,50
Ireland,IRL,2006,70.64445194669527,47.59738655085033,64975.4086496251,150.021785809265,4268778,1,2005,1,1.0,2008,0,-2.0,50
Ireland,IRL,2007,70.41483859355768,47.658193292462734,66475.8410142999,153.396847068025,4393513,1,2005,1,2.0,2008,0,-1.0,50
Ireland,IRL,2008,63.994078742682916,47.361075148478676,62213.6453256462,160.039420132474,4485999,1,2005,1,3.0,2008,1,0.0,50
Ireland,IRL,2009,49.955983786800985,42.17706918678813,58446.726333492,173.591474874665,4533752,1,2005,1,4.0,2008,1,1.0,50
Ireland,IRL,2010,47.320601358073446,41.79090294717324,59107.4220740498,190.08027278672,4559080,1,2005,1,5.0,2008,1,2.0,50
Ireland,IRL,2011,45.22419596435951,38.054388622230405,59797.0537343463,186.304879179038,4579602,1,2005,1,6.0,2008,1,3.0,50
Ireland,IRL,2012,45.26068425436715,38.2239179917817,59303.0319813561,190.355682317985,4600132,1,2005,1,7.0,2008,1,4.0,50
Ireland,IRL,2013,44.00888694903111,37.27870556409317,60285.2376140094,199.742586224446,4624686,1,2005,1,8.0,2008,1,5.0,50
Ireland,IRL,2014,44.72059289884006,36.84987554575747,65463.1952541564,211.181602002085,4658239,1,2005,1,9.0,2008,1,6.0,50
Ireland,IRL,2015,43.80032099349777,38.71539630899974,80815.6415277345,223.702938290642,4702487,1,2005,1,10.0,2008,1,7.0,50
Ireland,IRL,2016,44.88319494347868,40.36902170732407,80760.0974145688,239.708527798768,4753503,1,2005,1,11.0,2008,1,8.0,50
Ireland,IRL,2017,45.65721775038811,39.04044688202129,87731.7897045734,233.304083346711,4810261,1,2005,1,12.0,2008,1,9.0,50
Ireland,IRL,2018,46.323630341698305,38.922364918786,93115.8393498329,222.453716000399,4872556,1,2005,1,13.0,2008,1,10.0,50
Ireland,IRL,2019,46.228302025144124,37.19983598466627,96205.7961557005,257.652772910421,4933491,1,2005,1,14.0,2008,1,11.0,50
Ireland,IRL,2020,39.790753875306606,35.052566753460404,101793.447525871,258.780437026252,4982606,1,2005,1,15.0,2008,1,12.0,50
Ireland,IRL,2021,42.00146517557921,37.47368288367351,116702.85817485,231.032350863586,5028426,1,2005,1,16.0,2008,1,13.0,50
Ireland,IRL,2022,42.912676930838124,36.67567017673218,123007.47648651,237.755419559378,5110016,1,2005,1,17.0,2008,1,14.0,50
Ireland,IRL,2023,40.833881036709265,33.56793984467991,117659.728593716,239.649627585111,5196630,1,2005,1,18.0,2008,1,15.0,50
"Iran, Islamic Republic of",IRN,1990,203.0752070474072,211.07459805305072,9656.00116894359,37.0805676988111,58380092,0,0,0,,0,0,,51
"Iran, Islamic Republic of",IRN,1991,213.93650362745893,223.0420035463701,10592.3319257222,44.1941716478042,59986931,0,0,0,,0,0,,51
"Iran, Islamic Republic of",IRN,1992,219.44579919293747,228.19381841018424,10727.4183671547,40.3979272522381,61184983,0,0,0,,0,0,,51
"Iran, Islamic Republic of",IRN,1993,212.87042936736134,236.9925174848162,10531.9952777275,46.0408643243691,61403543,0,0,0,,0,0,,51
"Iran, Islamic Republic of",IRN,1994,233.23870179183626,264.8219320882249,10333.4330005595,41.6091363981328,61520598,0,0,0,,0,0,,51
"Iran, Islamic Republic of",IRN,1995,247.91756148136525,270.8753445746723,10465.0259592685,35.1442449159574,62205567,0,0,0,,0,0,,51
"Iran, Islamic Republic of",IRN,1996,264.5934940855682,276.6203401728473,11010.0094976248,35.2212991546042,62881300,0,0,0,,0,0,,51
"Iran, Islamic Republic of",IRN,1997,249.5299966650381,269.2628833175354,11025.7202371524,32.6495581116416,63639638,0,0,0,,0,0,,51
"Iran, Islamic Republic of",IRN,1998,289.6974559811367,305.64163223491937,11101.507869196,29.2282196463134,64519859,0,0,0,,0,0,,51
"Iran, Islamic Republic of",IRN,1999,305.0397204342374,374.45227096577383,11163.6950736445,34.8854141345934,65445391,0,0,0,,0,0,,51
"Iran, Islamic Republic of",IRN,2000,288.83942332309886,367.2133457178807,11643.1218077696,41.2572474638031,66418659,0,0,0,,0,0,,51
"Iran, Islamic Republic of",IRN,2001,312.6332233816557,389.91238396632036,11739.0090911282,40.535566479523,67452005,0,0,0,,0,0,,51
"Iran, Islamic Republic of",IRN,2002,301.3271540313361,397.03143504150637,12583.044990424,48.1726865520657,68011317,0,0,0,,0,0,,51
"Iran, Islamic Republic of",IRN,2003,360.4345356050362,410.9667205045434,13519.4501926929,50.6791057753261,68769340,0,0,0,,0,0,,51
"Iran, Islamic Republic of",IRN,2004,385.0081675849871,442.11938297861576,13807.1953114023,51.3138573265888,70256316,0,0,0,,0,0,,51
"Iran, Islamic Republic of",IRN,2005,396.14196994900925,466.795316884012,13935.7743087596,54.4404952635536,71828455,0,0,1,,0,0,,51
"Iran, Islamic Republic of",IRN,2006,424.5008881057763,501.01498409671626,14320.6568534545,53.1673587143845,73392747,0,0,1,,0,0,,51
"Iran, Islamic Republic of",IRN,2007,483.61946635801485,507.7710944951317,15237.4237850549,49.8873069225934,74602648,0,0,1,,0,0,,51
"Iran, Islamic Republic of",IRN,2008,508.57426976054074,528.5281725408589,15091.2506521463,48.2294027741438,75514204,0,0,1,,0,1,,51
"Iran, Islamic Republic of",IRN,2009,515.3693774190299,543.4059353881744,15055.1494647199,43.6995802243585,76457825,0,0,1,,0,1,,51
"Iran, Islamic Republic of",IRN,2010,476.5064088897969,561.4961195977463,15729.9131707266,43.7706437371399,77420842,0,0,1,,0,1,,51
"Iran, Islamic Republic of",IRN,2011,482.9201394676827,576.3657210696432,15947.766097961,41.2194147918578,78383598,0,0,1,,0,1,,51
"Iran, Islamic Republic of",IRN,2012,555.9332759869682,599.2783296050674,15159.2948206531,44.0893466807452,79370580,0,0,1,,0,1,,51
"Iran, Islamic Republic of",IRN,2013,485.9605181166066,609.9965163118915,14734.740588719,47.0867179194755,80414686,0,0,1,,0,1,,51
"Iran, Islamic Republic of",IRN,2014,526.6429342443646,644.2276151154689,15262.8515760903,45.3514201413161,81502045,0,0,1,,0,1,,51
"Iran, Islamic Republic of",IRN,2015,587.3600080516246,641.958727535687,14841.9048340737,39.42258866118,82619362,0,0,1,,0,1,,51
"Iran, Islamic Republic of",IRN,2016,531.5277220557177,644.680559751095,15920.3718021202,39.8772417738866,83812228,0,0,1,,0,1,,51
"Iran, Islamic Republic of",IRN,2017,567.8276980951521,696.4074934421451,16167.9677224227,43.1556931383906,85026754,0,0,1,,0,1,,51
"Iran, Islamic Republic of",IRN,2018,526.2201204263121,664.523248673836,15364.8049052614,56.6153496142829,86117998,0,0,1,,0,1,,51
"Iran, Islamic Republic of",IRN,2019,614.7059117146213,727.2685506413379,14841.0751514998,48.5917712137038,87051648,0,0,1,,0,1,,51
"Iran, Islamic Republic of",IRN,2020,651.9613271260141,745.5957730096835,15381.5845437266,43.8844674905013,87723443,0,0,1,,0,1,,51
"Iran, Islamic Republic of",IRN,2021,662.6290780704076,779.5252906337462,15884.4276775963,42.672379536261,88455488,0,0,1,,0,1,,51
"Iran, Islamic Republic of",IRN,2022,632.2671399034771,767.178543541886,16377.9610645368,48.9183508223052,89524246,0,0,1,,0,1,,51
"Iran, Islamic Republic of",IRN,2023,668.5800579813425,789.6758388674765,17044.8173442641,49.3935500960203,90608707,0,0,1,,0,1,,51
Israel,ISR,1990,54.52961152692604,35.824359785517785,25340.9813271336,60.9350260005907,4544999,0,0,0,,0,0,,52
Israel,ISR,1991,54.70248381014839,36.14845778433027,25704.7207371288,55.7524866650315,4779890,0,0,0,,0,0,,52
Israel,ISR,1992,63.00452473429342,42.08249806446848,26758.4290726582,54.9411572675679,4957238,0,0,0,,0,0,,52
Israel,ISR,1993,62.694736339253225,44.234508126564016,27129.2193762452,60.0511293114913,5086045,0,0,0,,0,0,,52
Israel,ISR,1994,65.79082488823029,47.47458171370566,28399.3981907056,59.8246785796587,5216699,0,0,0,,0,0,,52
Israel,ISR,1995,70.05090666731095,49.86552749191664,29477.45829469,59.4260802630063,5354739,0,0,0,,0,0,,52
Israel,ISR,1996,69.71531936429577,51.93575199999982,30392.8973069758,58.1637958325213,5499551,0,0,0,,0,0,,52
Israel,ISR,1997,72.06564868477432,54.86570493819051,30713.159801923,57.6014513298969,5646473,0,0,0,,0,0,,52
Israel,ISR,1998,74.39112385252831,56.009767614711514,31250.1071698272,56.9416656287884,5790140,0,0,0,,0,0,,52
Israel,ISR,1999,67.64018887124168,54.7560498318121,31466.1683689237,64.7865126543191,5946081,0,0,0,,0,0,,52
Israel,ISR,2000,72.00224022254787,59.51938040000014,33278.5412285682,68.3981650564852,6111190,0,0,0,,0,0,,52
Israel,ISR,2001,71.87331981748846,63.02356933172153,32591.2116817431,62.1915859412765,6259982,0,0,0,,0,0,,52
Israel,ISR,2002,69.93670599687789,59.30490217230305,31892.5395978816,65.5319511383591,6387720,0,0,0,,0,0,,52
Israel,ISR,2003,77.08218860491327,62.41467780000008,31771.2115906733,66.9479946684859,6502820,0,0,0,,0,0,,52
Israel,ISR,2004,74.80084067482242,58.67923375147936,32665.8537052438,75.0388690350775,6615087,0,0,0,,0,0,,52
Israel,ISR,2005,72.66197462723399,56.52767009009999,33491.9913996395,78.416693799205,6728206,0,0,1,,0,0,,52
Israel,ISR,2006,80.78131023752599,62.14896342853075,34744.8675092298,78.5311825907368,6844032,0,0,1,,0,0,,52
Israel,ISR,2007,82.22170641485992,62.79979255471852,36288.0655118571,78.9364099576763,6962455,0,0,1,,0,0,,52
Israel,ISR,2008,90.31891697819172,67.98027597659996,36795.4799112424,75.4761705381509,7082620,0,0,1,,0,1,,52
Israel,ISR,2009,78.57272969864016,63.860946433299986,36364.7843182661,61.7597291545045,7206096,0,0,1,,0,1,,52
Israel,ISR,2010,85.925841786153,68.28690135310009,37686.3420833543,65.717030394986,7336735,0,0,1,,0,1,,52
Israel,ISR,2011,88.8640060172443,68.59473731340009,39036.0247356871,69.0009721692523,7471023,0,0,1,,0,1,,52
Israel,ISR,2012,94.5583530913116,74.78118557699142,39245.5078117687,70.0759039186632,7607780,0,0,1,,0,1,,52
Israel,ISR,2013,84.55665801543495,63.09530775019497,40095.4756773092,64.2271703557815,7749379,0,0,1,,0,1,,52
Israel,ISR,2014,86.45127947543632,60.27881781861182,40795.6290927281,61.8390527979395,7897179,0,0,1,,0,1,,52
Israel,ISR,2015,85.03319107266086,62.93562433953127,40889.5989080834,59.0201557126784,8052908,0,0,1,,0,1,,52
Israel,ISR,2016,87.81859933602698,61.16435170538022,41914.5802977706,57.9533051643572,8210005,0,0,1,,0,1,,52
Israel,ISR,2017,84.4878822961515,58.849096988510944,42895.585129847,56.4519373834561,8361797,0,0,1,,0,1,,52
Israel,ISR,2018,90.58126523633562,59.98593070674236,43782.6526491689,58.8734013354625,8510067,0,0,1,,0,1,,52
Israel,ISR,2019,88.42262389125493,58.950150666576626,44492.1226967084,56.5281618447823,8657474,0,0,1,,0,1,,52
Israel,ISR,2020,84.52839783736627,59.28537156733552,42926.5415418584,51.1403984551453,8800376,0,0,1,,0,1,,52
Israel,ISR,2021,90.443733678658,58.95008342562723,46151.100820403,54.8184036562688,8942924,0,0,1,,0,1,,52
Israel,ISR,2022,94.73569163505358,62.267305077239534,48132.3637205177,60.6358428266501,9103151,0,0,1,,0,1,,52
Israel,ISR,2023,88.31983594419123,55.38199683903246,47671.2476926086,57.977782328645,9256314,0,0,1,,0,1,,52
Italy,ITA,1990,559.2345566895942,438.2080341489264,42656.7445101659,36.2382276733087,57031454,1,2005,0,-15.0,2008,0,-18.0,53
Italy,ITA,1991,558.6355219664345,437.741829516485,43283.0204441901,33.8005339555877,57075393,1,2005,0,-14.0,2008,0,-17.0,53
Italy,ITA,1992,618.2100230272517,437.9365108109948,43614.4850883758,34.8334276236699,57124990,1,2005,0,-13.0,2008,0,-16.0,53
Italy,ITA,1993,558.4180883894446,430.26777120363937,43216.1096444751,37.6724019624473,57170764,1,2005,0,-12.0,2008,0,-15.0,53
Italy,ITA,1994,540.5908967889416,424.5067072914025,44136.7059141923,40.3620026081266,57420138,1,2005,0,-11.0,2008,0,-14.0,53
Italy,ITA,1995,559.6742212059406,448.59581495714684,45410.1391731091,45.5795026636995,57403344,1,2005,0,-10.0,2008,0,-13.0,53
Italy,ITA,1996,531.370757080213,442.84292206375676,46008.2389303796,42.8020490474117,57162092,1,2005,0,-9.0,2008,0,-12.0,53
Italy,ITA,1997,529.7355756229696,448.5709593412504,46869.4256086419,44.4771651978702,57189274,1,2005,0,-8.0,2008,0,-11.0,53
Italy,ITA,1998,550.9586075805983,460.82436610725154,47701.3974191265,44.997874273345,57215194,1,2005,0,-7.0,2008,0,-10.0,53
Italy,ITA,1999,559.4306427948633,465.5078385825512,48493.6651210308,44.5298402267013,57240798,1,2005,0,-6.0,2008,0,-9.0,53
Italy,ITA,2000,576.9337977797805,469.59827497436083,50353.4200415436,50.2747311455639,57272196,1,2005,0,-5.0,2008,0,-8.0,53
Italy,ITA,2001,562.7428683536771,469.6792570471213,51332.2904432567,49.8632723203495,57305760,1,2005,0,-4.0,2008,0,-7.0,53
Italy,ITA,2002,580.5780755716742,477.1363214464874,51369.1149098293,47.8713186791542,57420628,1,2005,0,-3.0,2008,0,-6.0,53
Italy,ITA,2003,591.5982358798398,495.0937839095683,51126.2585544038,45.9940859777074,57739699,1,2005,0,-2.0,2008,0,-5.0,53
Italy,ITA,2004,606.6708584601652,500.687237105974,51495.0028841364,47.2663923891771,58176738,1,2005,0,-1.0,2008,0,-4.0,53
Italy,ITA,2005,605.5420637801138,501.3654668038477,51585.6445807938,49.1221742288618,58519693,1,2005,1,0.0,2008,0,-3.0,53
Italy,ITA,2006,623.8376985429048,496.0746114851303,52304.2402949819,52.9235429597012,58754433,1,2005,1,1.0,2008,0,-2.0,53
Italy,ITA,2007,614.804803829519,489.7936513641423,52747.1905476807,54.8280415572531,59108720,1,2005,1,2.0,2008,0,-1.0,53
Italy,ITA,2008,601.0061220307286,478.1319626742891,51806.3906176391,54.2142548956671,59561684,1,2005,1,3.0,2008,1,0.0,53
Italy,ITA,2009,578.1601870210592,424.0320550852414,48774.3916833748,45.1414765721604,59904010,1,2005,1,4.0,2008,1,1.0,53
Italy,ITA,2010,624.4551948533534,435.6720398083931,49301.6959141674,51.6621118138339,60164213,1,2005,1,5.0,2008,1,2.0,53
Italy,ITA,2011,571.3402865615861,423.89711609382005,49473.0149235634,54.4722149449288,60367880,1,2005,1,6.0,2008,1,3.0,53
Italy,ITA,2012,536.0782205671431,403.44351614858346,47795.9579360541,54.8844952702204,60531515,1,2005,1,7.0,2008,1,4.0,53
Italy,ITA,2013,488.6843437732955,369.4605406877709,46833.3615309303,54.0341846317499,60653868,1,2005,1,8.0,2008,1,5.0,53
Italy,ITA,2014,469.05055626982414,349.38893475250694,46825.6511245062,54.4545299332032,60664171,1,2005,1,9.0,2008,1,6.0,53
Italy,ITA,2015,460.77085097473105,361.2437156959672,47311.8255262709,55.4356858148221,60575316,1,2005,1,10.0,2008,1,7.0,53
Italy,ITA,2016,463.93687118432797,358.13313768307665,47987.8379581014,54.4321467018313,60478107,1,2005,1,11.0,2008,1,8.0,53
Italy,ITA,2017,459.7374350147617,352.66623457771215,48849.2183534756,57.5829940274911,60390318,1,2005,1,12.0,2008,1,9.0,53
Italy,ITA,2018,466.8103465356396,349.0483431677921,49355.8751913504,59.2749835128154,60277499,1,2005,1,13.0,2008,1,10.0,53
Italy,ITA,2019,450.5102861613317,339.6379430797452,49690.6298505274,58.6941902594738,60130136,1,2005,1,14.0,2008,1,11.0,53
Italy,ITA,2020,402.2370023113109,302.6000994835555,45505.0688708956,53.9394839042764,59912769,1,2005,1,15.0,2008,1,12.0,53
Italy,ITA,2021,451.8087364811246,335.9304148323217,49825.3934111848,60.3019776202798,59729350,1,2005,1,16.0,2008,1,13.0,53
Italy,ITA,2022,461.80145938902126,340.1147171239677,52333.3274270604,72.0165023032697,59619115,1,2005,1,17.0,2008,1,14.0,53
Italy,ITA,2023,429.00787423544426,312.2906537365756,52842.6288831758,65.1028419441908,59499453,1,2005,1,18.0,2008,1,15.0,53
Jamaica,JAM,1990,9.132004382776406,7.527164786467403,8879.65295231625,,2379877,0,0,0,,0,0,,54
Jamaica,JAM,1991,8.712497966962191,7.750990889852989,9227.87613770652,,2400869,0,0,0,,0,0,,54
Jamaica,JAM,1992,8.260756492188955,7.708731091573701,9315.8581885588,,2424701,0,0,0,,0,0,,54
Jamaica,JAM,1993,9.030994189318152,8.000957708439897,10088.232357755,,2449916,0,0,0,,0,0,,54
Jamaica,JAM,1994,8.878054978258714,8.188609523349701,10123.2339381488,,2475220,0,0,0,,0,0,,54
Jamaica,JAM,1995,9.933810357702875,9.173406330016922,10257.8065381959,,2500151,0,0,0,,0,0,,54
Jamaica,JAM,1996,6.676634969562944,9.687622030089116,10147.4641121652,,2524463,0,0,0,,0,0,,54
Jamaica,JAM,1997,7.225150750388818,10.06818708958342,9939.66172862006,,2547848,0,0,0,,0,0,,54
Jamaica,JAM,1998,7.109607793282725,9.69403492992615,9624.92935948127,,2569736,0,0,0,,0,0,,54
Jamaica,JAM,1999,6.274099206722662,9.958188175693799,9650.43726482499,,2589795,0,0,0,,0,0,,54
Jamaica,JAM,2000,6.559317668773823,10.313989606799426,9667.92474492316,,2607826,0,0,0,,0,0,,54
Jamaica,JAM,2001,7.148781123662532,10.576440408008368,9736.06291757526,,2624403,0,0,0,,0,0,,54
Jamaica,JAM,2002,7.132944409592485,10.202579699975738,9869.71291927176,,2640572,0,0,0,,0,0,,54
Jamaica,JAM,2003,7.58958022037227,10.667059579569791,10169.7500243245,,2656623,0,0,0,,0,0,,54
Jamaica,JAM,2004,7.121746327638711,10.574223196032793,10244.2066702878,,2672225,0,0,0,,0,0,,54
Jamaica,JAM,2005,7.266051051923493,10.412874804857607,10278.6834382546,,2687066,0,0,1,,0,0,,54
Jamaica,JAM,2006,7.794479937965441,11.573641999999984,10522.2367459591,,2700968,0,0,1,,0,0,,54
Jamaica,JAM,2007,7.581662577166374,10.749231000000005,10622.4442829007,,2713800,0,0,1,,0,0,,54
Jamaica,JAM,2008,7.234552789254095,10.775971000000014,10490.4686134498,,2725635,0,0,1,,0,1,,54
Jamaica,JAM,2009,5.976500930689441,7.937452000000008,9992.97699539021,,2736995,0,0,1,,0,1,,54
Jamaica,JAM,2010,5.9681705157808675,7.677294999999987,9805.90172806302,,2748568,0,0,1,,0,1,,54
Jamaica,JAM,2011,6.254187163584572,8.226293,9932.48380946963,,2760494,0,0,1,,0,1,,54
Jamaica,JAM,2012,5.969882381237039,7.887180999999983,9829.03510015044,,2772430,0,0,1,,0,1,,54
Jamaica,JAM,2013,6.204152989198286,8.466727943522127,9839.96506606095,,2783687,0,0,1,,0,1,,54
Jamaica,JAM,2014,6.019002321802351,7.675469729805345,9872.15913752129,,2793749,0,0,1,,0,1,,54
Jamaica,JAM,2015,6.237088271452516,7.966218934338177,9931.89875715182,,2802534,0,0,1,,0,1,,54
Jamaica,JAM,2016,7.1636264013565345,8.134119614515186,10179.2536486158,,2809915,0,0,1,,0,1,,54
Jamaica,JAM,2017,6.589911121298048,7.768233664144304,10391.0378224678,,2815764,0,0,1,,0,1,,54
Jamaica,JAM,2018,8.289157809555508,8.060650342617118,10636.0929784551,,2820097,0,0,1,,0,1,,54
Jamaica,JAM,2019,9.113120982606345,9.439483294224726,10816.3720391154,,2823271,0,0,1,,0,1,,54
Jamaica,JAM,2020,7.902281872271347,6.865834259258905,9891.96932961548,,2830739,0,0,1,,0,1,,54
Jamaica,JAM,2021,8.211151542971045,7.312535332788082,10430.6909771759,,2837682,0,0,1,,0,1,,54
Jamaica,JAM,2022,8.439357819476303,7.907610587118129,11096.6377085321,,2839144,0,0,1,,0,1,,54
Jamaica,JAM,2023,8.334299152619355,8.068915446498782,11398.8120394641,,2839786,0,0,1,,0,1,,54
Jordan,JOR,1990,18.177694431490618,10.59040283320047,8241.80478655254,149.4476838941,3621908,0,0,0,,0,0,,55
Jordan,JOR,1991,15.534069798712327,9.991095684271029,7747.14378568886,137.261663286004,3915149,0,0,0,,0,0,,55
Jordan,JOR,1992,18.177142705004055,12.188863513184028,8402.68031410694,131.644698648349,4127693,0,0,0,,0,0,,55
Jordan,JOR,1993,17.601573196883344,12.008471856455975,8334.81403079152,130.485233240655,4348020,0,0,0,,0,0,,55
Jordan,JOR,1994,19.314978122535237,13.5214985151325,8339.88427710177,118.336176072338,4561406,0,0,0,,0,0,,55
Jordan,JOR,1995,19.961435341360644,13.45124422110586,8501.61905829876,124.582688188008,4752096,0,0,0,,0,0,,55
Jordan,JOR,1996,15.644675589542606,14.07357939775919,8395.63208718512,131.059123299943,4912516,0,0,0,,0,0,,55
Jordan,JOR,1997,19.247629524241308,14.308129620490647,8443.48146361982,120.737112880307,5046285,0,0,0,,0,0,,55
Jordan,JOR,1998,17.961140420527435,14.44741658091252,8499.07689804781,109.052402937716,5164284,0,0,0,,0,0,,55
Jordan,JOR,1999,15.241570741370165,14.467326085167768,8600.36943915146,104.470373639306,5276444,0,0,0,,0,0,,55
Jordan,JOR,2000,17.41908668947103,15.400890490917073,8781.60904744228,110.328904595996,5386945,0,0,0,,0,0,,55
Jordan,JOR,2001,19.694948903647838,15.857936131328664,9056.19447281902,109.285478573786,5498894,0,0,0,,0,0,,55
Jordan,JOR,2002,21.45668120513265,16.70708903791001,9380.11324124271,114.03885781572,5616066,0,0,0,,0,0,,55
Jordan,JOR,2003,21.82401504905341,17.273347565434143,9556.48163712053,115.706835253918,5741828,0,0,0,,0,0,,55
Jordan,JOR,2004,23.30702353149758,19.00328336630405,10127.8527547101,134.621611934395,5882061,0,0,0,,0,0,,55
Jordan,JOR,2005,25.508737799078173,20.790353137067257,10684.9424228538,146.908891279018,6029587,0,0,1,,0,0,,55
Jordan,JOR,2006,25.561687954896023,20.829494038258723,10834.8737267915,141.747381831126,6427371,0,0,1,,0,0,,55
Jordan,JOR,2007,26.983252760329417,21.700135893899823,11034.2922176813,145.994246288526,6827227,0,0,1,,0,0,,55
Jordan,JOR,2008,29.828100157680563,20.987295461297407,11555.728825835,,6989866,0,0,1,,0,1,,55
Jordan,JOR,2009,31.505249348668823,21.545006917398347,11888.6617212582,,7141753,0,0,1,,0,1,,55
Jordan,JOR,2010,28.819178735444158,20.838343469856646,11942.572010796,,7297043,0,0,1,,0,1,,55
Jordan,JOR,2011,31.89511361291674,21.40942070611029,11988.4963110815,,7480424,0,0,1,,0,1,,55
Jordan,JOR,2012,35.40372232416771,24.069097689045215,12104.1217423938,,7587127,0,0,1,,0,1,,55
Jordan,JOR,2013,37.51399950477732,24.060994791124035,11804.1225335126,,7991809,0,0,1,,0,1,,55
Jordan,JOR,2014,37.76834412709091,26.16484620626704,11086.6905487513,,8791710,0,0,1,,0,1,,55
Jordan,JOR,2015,37.43132685354489,25.799389886533,10469.6306302225,,9544729,0,0,1,,0,1,,55
Jordan,JOR,2016,38.06741504446329,24.94945919241548,10197.5044990617,,10006367,0,0,1,,0,1,,55
Jordan,JOR,2017,34.20899671653773,26.079930609382885,10220.492781193,,10234226,0,0,1,,0,1,,55
Jordan,JOR,2018,33.91336681659792,25.419165865459696,10183.0248366235,,10462306,0,0,1,,0,1,,55
Jordan,JOR,2019,32.6626282917892,24.56978466661879,10168.3588523537,,10671891,0,0,1,,0,1,,55
Jordan,JOR,2020,28.940412441776648,20.621555087615253,9872.3094512325,,10865228,0,0,1,,0,1,,55
Jordan,JOR,2021,30.642004955385797,21.190126424791522,10056.5611261239,,11066356,0,0,1,,0,1,,55
Jordan,JOR,2022,31.902212640726464,22.42768253484919,10158.4738771524,,11256263,0,0,1,,0,1,,55
Jordan,JOR,2023,31.81651790680847,23.119263606563837,10308.7821986337,,11439213,0,0,1,,0,1,,55
Japan,JPN,1990,1362.451067322662,1154.8533025715951,36137.8442587458,18.9369349833675,123399765,1,2005,0,-15.0,2008,0,-18.0,56
Japan,JPN,1991,1383.1948923247837,1166.5524672745696,37226.3339021829,17.3931812597285,123889871,1,2005,0,-14.0,2008,0,-17.0,56
Japan,JPN,1992,1500.041126067085,1175.4543359678514,37402.9442395168,16.6670890619573,124383708,1,2005,0,-13.0,2008,0,-16.0,56
Japan,JPN,1993,1458.9220377047516,1169.3280062046933,37088.8020049844,15.399061805981,124839958,1,2005,0,-12.0,2008,0,-15.0,56
Japan,JPN,1994,1526.850986220569,1223.1583671258338,37352.6868581318,15.4842353027775,125286860,1,2005,0,-11.0,2008,0,-14.0,56
Japan,JPN,1995,1559.9524600934933,1235.8731427335554,38137.9346304016,16.1166693561401,125672665,1,2005,0,-10.0,2008,0,-13.0,56
Japan,JPN,1996,1546.8623154439326,1248.6900188279003,39221.765120663,17.8974380473791,125975302,1,2005,0,-9.0,2008,0,-12.0,56
Japan,JPN,1997,1516.779074317163,1240.98034477256,39661.7312762235,19.4062642232127,126265929,1,2005,0,-8.0,2008,0,-11.0,56
Japan,JPN,1998,1425.9139344379714,1201.334399193628,38852.9526557943,18.7651112452697,126549181,1,2005,0,-7.0,2008,0,-10.0,56
Japan,JPN,1999,1499.781322836218,1238.1209673281076,38647.2705275615,17.9207503513808,126801564,1,2005,0,-6.0,2008,0,-9.0,56
Japan,JPN,2000,1582.840370085572,1260.2029973769056,39731.7953686304,19.2751936529389,127027789,1,2005,0,-5.0,2008,0,-8.0,56
Japan,JPN,2001,1542.6272144577856,1245.9352169188737,39748.9837725849,19.2772303804527,127260148,1,2005,0,-4.0,2008,0,-7.0,56
Japan,JPN,2002,1531.3912090233293,1275.4202893277788,39690.3676794625,20.1432481553025,127484598,1,2005,0,-3.0,2008,0,-6.0,56
Japan,JPN,2003,1503.7302436275845,1283.8449481047617,40152.1282635641,21.0750119103347,127671251,1,2005,0,-2.0,2008,0,-5.0,56
Japan,JPN,2004,1506.695442903056,1279.1215292382399,40986.7225710497,23.4324185456932,127815774,1,2005,0,-1.0,2008,0,-4.0,56
Japan,JPN,2005,1512.359240013349,1286.41226884858,41740.352036905,25.9909279228382,127913330,1,2005,1,0.0,2008,0,-3.0,56
Japan,JPN,2006,1484.5673276493847,1263.4404277317435,42358.9337348253,29.714872929485,127997247,1,2005,1,1.0,2008,0,-2.0,56
Japan,JPN,2007,1486.4857125960525,1298.9734722285787,43041.5697058021,32.4957200262739,128087682,1,2005,1,2.0,2008,0,-1.0,56
Japan,JPN,2008,1466.5181763046144,1228.6867933924093,42518.8423408417,33.7738026089171,128155990,1,2005,1,3.0,2008,1,0.0,56
Japan,JPN,2009,1375.0626669812227,1160.2528304028833,39999.9464203408,24.1730393019729,128192470,1,2005,1,4.0,2008,1,1.0,56
Japan,JPN,2010,1421.625529296524,1211.090335707143,41647.0458542008,28.2400150860666,128185275,1,2005,1,5.0,2008,1,2.0,56
Japan,JPN,2011,1500.8099066154223,1261.1805678806274,41640.6608721251,29.9713853558472,128096432,1,2005,1,6.0,2008,1,3.0,56
Japan,JPN,2012,1541.1946249840425,1302.1125253078505,42394.9433175064,30.174299547803,127928285,1,2005,1,7.0,2008,1,4.0,56
Japan,JPN,2013,1487.07942626226,1311.8756021000993,43304.1181931426,33.5913694460807,127723645,1,2005,1,8.0,2008,1,5.0,56
Japan,JPN,2014,1404.0719125856472,1260.2723692736886,43754.438013293,36.7643250218282,127486605,1,2005,1,9.0,2008,1,6.0,56
Japan,JPN,2015,1320.9318425336662,1219.9824797194042,44589.3032854003,34.7276305886293,127275872,1,2005,1,10.0,2008,1,7.0,56
Japan,JPN,2016,1322.8113832042047,1199.9330382172354,44926.6202909525,30.6562793068554,127159951,1,2005,1,11.0,2008,1,8.0,56
Japan,JPN,2017,1289.1062355751487,1184.3917218624963,45693.3776080987,33.6888336792782,127064690,1,2005,1,12.0,2008,1,9.0,56
Japan,JPN,2018,1274.2771332684397,1138.549764443984,46133.0225978718,35.8035749582494,126913432,1,2005,1,13.0,2008,1,10.0,56
Japan,JPN,2019,1245.6811053696058,1102.0630147168772,46055.3498672487,34.3582972799989,126699424,1,2005,1,14.0,2008,1,11.0,56
Japan,JPN,2020,1183.7792110974028,1037.2846219119622,44212.5503415724,30.5192226892273,126304543,1,2005,1,15.0,2008,1,12.0,56
Japan,JPN,2021,1219.8263670243052,1058.5018760110195,45999.4617966896,35.4253927340539,125679338,1,2005,1,16.0,2008,1,13.0,56
Japan,JPN,2022,1201.4694465471825,1029.64493549767,46819.360613609,44.86063102004,124997578,1,2005,1,17.0,2008,1,14.0,56
Japan,JPN,2023,1142.2994426676805,986.9101258301409,47387.2172542523,43.5950833802735,124370947,1,2005,1,18.0,2008,1,15.0,56
Kazakhstan,KAZ,1990,247.8220254301164,267.4053560950138,16837.690749004,,17154054,0,0,0,,0,0,,57
Kazakhstan,KAZ,1991,184.63282935548253,260.4205073334439,14877.5273541269,,17278600,0,0,0,,0,0,,57
Kazakhstan,KAZ,1992,82.29312923077471,233.52339817007595,14045.1035780375,149.336641791045,17332625,0,0,0,,0,0,,57
Kazakhstan,KAZ,1993,131.42787399683084,207.5587093160572,12795.8746425372,84.634521855277,17274487,0,0,0,,0,0,,57
Kazakhstan,KAZ,1994,117.44152305842594,174.6711117262328,11334.9831283773,84.1817390088715,17043771,0,0,0,,0,0,,57
Kazakhstan,KAZ,1995,107.7731497685583,168.46798492597023,10600.3302270095,82.522407044045,16730536,0,0,0,,0,0,,57
Kazakhstan,KAZ,1996,116.0508833842785,154.71570311893555,10857.4353898737,71.2735732877076,16416027,0,0,0,,0,0,,57
Kazakhstan,KAZ,1997,109.44526138271364,147.2931257894793,11298.5805497095,72.3595506961877,16043251,0,0,0,,0,0,,57
Kazakhstan,KAZ,1998,118.06803107577319,145.62186745158237,11364.0307809315,65.2041827454395,15647785,0,0,0,,0,0,,57
Kazakhstan,KAZ,1999,98.48441917309987,118.76162808400116,11815.7732115429,82.579151355772,15455874,0,0,0,,0,0,,57
Kazakhstan,KAZ,2000,102.8825378104303,142.1969825723423,12935.864368308,105.699692634521,15501103,0,0,0,,0,0,,57
Kazakhstan,KAZ,2001,116.97053654092514,138.03649488030675,14612.0290050498,92.8490685069707,15575550,0,0,0,,0,0,,57
Kazakhstan,KAZ,2002,123.99749249282254,156.76822356624345,15960.8738450013,94.03168564978,15656677,0,0,0,,0,0,,57
Kazakhstan,KAZ,2003,130.94744103464961,175.02196618400902,17344.752672995,91.4633324250457,15747380,0,0,0,,0,0,,57
Kazakhstan,KAZ,2004,137.63988753284468,185.47584372318886,18886.5811908122,96.4091997009336,15850159,0,0,0,,0,0,,57
Kazakhstan,KAZ,2005,150.5268774658581,198.4485536271986,20565.5294470866,97.7625030243024,15968117,0,0,1,,0,0,,57
Kazakhstan,KAZ,2006,178.60511560058862,219.63314904426994,22574.3429577665,91.4535267973373,16103716,0,0,1,,0,0,,57
Kazakhstan,KAZ,2007,189.25010143598843,225.712399488134,24351.3464102542,92.1616330969975,16257214,0,0,1,,0,0,,57
Kazakhstan,KAZ,2008,176.68594275261904,226.1023937816356,24895.6645683245,94.2948046483658,16426525,0,0,1,,0,1,,57
Kazakhstan,KAZ,2009,182.2471149718005,223.18922622978747,24901.3527260084,75.7660674636533,16619846,0,0,1,,0,1,,57
Kazakhstan,KAZ,2010,162.365018796836,248.0927687101516,26374.8407672795,74.1382658957842,16836810,0,0,1,,0,1,,57
Kazakhstan,KAZ,2011,150.7655373077741,238.15697070096056,27946.1603432944,73.1178570509129,17066002,0,0,1,,0,1,,57
Kazakhstan,KAZ,2012,185.10587642852732,245.26290167425032,28881.2417563728,73.7237324891671,17306106,0,0,1,,0,1,,57
Kazakhstan,KAZ,2013,200.69732514263796,253.5327325451147,30177.4887221736,65.4076093299538,17556502,0,0,1,,0,1,,57
Kazakhstan,KAZ,2014,217.9595580963306,299.1373393818139,30986.4379168995,64.9720346513507,17816285,0,0,1,,0,1,,57
Kazakhstan,KAZ,2015,250.09498174158713,303.0522700757819,30893.7594851041,53.0497288072652,18084169,0,0,1,,0,1,,57
Kazakhstan,KAZ,2016,228.2169463650942,301.7388213923219,30758.3227260598,60.3115965864153,18363600,0,0,1,,0,1,,57
Kazakhstan,KAZ,2017,239.39302569639082,317.7204270493675,31524.4416339794,56.825387935971,18651931,0,0,1,,0,1,,57
Kazakhstan,KAZ,2018,227.73206340993562,329.5721250960587,32330.2274546567,63.5279565118188,18932727,0,0,1,,0,1,,57
Kazakhstan,KAZ,2019,211.25021149226149,296.0396222716186,33298.2123695035,64.8586165517565,19209555,0,0,1,,0,1,,57
Kazakhstan,KAZ,2020,218.51242944057668,281.7891793273412,32011.5491499004,57.0264423660931,19482117,0,0,1,,0,1,,57
Kazakhstan,KAZ,2021,191.33279284111146,244.90372279712687,32945.8515725823,58.6686085779207,19743603,0,0,1,,0,1,,57
Kazakhstan,KAZ,2022,187.53850821825125,274.3455694506412,33506.2614893237,68.3343147415612,20034609,0,0,1,,0,1,,57
Kazakhstan,KAZ,2023,212.6570264387947,286.17493265400634,34703.2349286604,62.3342837675021,20330104,0,0,1,,0,1,,57
Kenya,KEN,1990,6.821935172370445,5.788841640000002,4177.48603310346,57.0209136817269,22892651,0,0,0,,0,0,,58
Kenya,KEN,1991,6.055417871578638,4.804756336000017,4102.47677512965,55.5976992243654,23646514,0,0,0,,0,0,,58
Kenya,KEN,1992,6.779686003328264,5.5047087279999944,3946.84093437851,52.9308701038286,24382460,0,0,0,,0,0,,58
Kenya,KEN,1993,7.18579181512147,6.311647162069947,3844.92029783599,72.8584813635643,25117188,0,0,0,,0,0,,58
Kenya,KEN,1994,7.668428913882386,6.522693928000002,3833.22357838589,71.2661252293107,25857130,0,0,0,,0,0,,58
Kenya,KEN,1995,8.897097766253735,7.515300233297404,3890.0985511465,71.7457416403035,26601751,0,0,0,,0,0,,58
Kenya,KEN,1996,10.269567375230535,9.283093759999986,3941.40919481353,57.3121107038102,27344211,0,0,0,,0,0,,58
Kenya,KEN,1997,10.229266161421542,8.22674193976724,3853.37139280354,54.0571168602893,28101768,0,0,0,,0,0,,58
Kenya,KEN,1998,11.875719873161415,9.998501920706396,3871.82176322447,48.8972419400753,28888057,0,0,0,,0,0,,58
Kenya,KEN,1999,11.422681397398632,10.020533439999998,3848.46470612727,48.1922749889095,29733408,0,0,0,,0,0,,58
Kenya,KEN,2000,12.171417968547289,10.384894559999982,3756.63622296879,53.3090443862273,30642890,0,0,0,,0,0,,58
Kenya,KEN,2001,12.68909311459669,9.223599599999984,3778.25854755615,55.9468360286644,31619170,0,0,0,,0,0,,58
Kenya,KEN,2002,10.376149317104375,7.8191129297579165,3681.2569427491,55.1726722640053,32629808,0,0,0,,0,0,,58
Kenya,KEN,2003,10.419831625035394,6.716150879999994,3674.08592758409,54.132265895729,33652223,0,0,0,,0,0,,58
Kenya,KEN,2004,10.33330166432925,7.621342487999987,3743.56785736929,59.4770033484289,34713455,0,0,0,,0,0,,58
Kenya,KEN,2005,12.29451869060055,8.454166269018703,3844.73557120578,64.4788661639796,35796484,0,0,1,,0,0,,58
Kenya,KEN,2006,14.057271910804396,9.566835956,3970.73349887685,55.2364851257303,36904008,0,0,1,,0,0,,58
Kenya,KEN,2007,15.091622525872348,9.734023023170167,4116.45094720856,53.8947888046059,38036349,0,0,1,,0,0,,58
Kenya,KEN,2008,16.00906094265085,10.098608864000015,4002.88364073792,57.5785986473131,39206351,0,0,1,,0,1,,58
Kenya,KEN,2009,17.812482041938498,12.184812051999986,4012.19428382397,45.9451918127805,40408891,0,0,1,,0,1,,58
Kenya,KEN,2010,17.805150412452463,11.856819489280001,4211.52462957784,50.3942873502834,41598567,0,0,1,,0,1,,58
Kenya,KEN,2011,19.856392930803406,12.217644517600013,4307.10611556858,58.4022059745625,42758461,0,0,1,,0,1,,58
Kenya,KEN,2012,20.829157938040293,11.245819317880965,4387.93790075409,51.6236920232481,43888303,0,0,1,,0,1,,58
Kenya,KEN,2013,25.01789164276429,12.162929969760011,4443.371215682,47.4646425127304,44986791,0,0,1,,0,1,,58
Kenya,KEN,2014,29.13222643823722,13.21440560160765,4558.55155266374,46.170489362216,46051440,0,0,1,,0,1,,58
Kenya,KEN,2015,28.289153090670105,15.212207840760868,4679.62182831938,40.3273846919019,47088526,0,0,1,,0,1,,58
Kenya,KEN,2016,28.709996319667386,16.288697757381577,4770.31046388086,34.8650195731824,48139687,0,0,1,,0,1,,58
Kenya,KEN,2017,27.507162677421437,16.181102894880006,4846.86210851932,35.9950578754074,49197766,0,0,1,,0,1,,58
Kenya,KEN,2018,29.19628657916155,17.00285735542107,5017.66784674664,34.4147531767425,50207107,0,0,1,,0,1,,58
Kenya,KEN,2019,30.200231544270757,18.158881661439985,5171.71264279257,31.759461841481,51202827,0,0,1,,0,1,,58
Kenya,KEN,2020,31.23743841879749,19.98957309510376,5057.40115537429,30.3991387830411,52217334,0,0,1,,0,1,,58
Kenya,KEN,2021,33.541491758916344,20.58981693968001,5338.85243382781,35.0020477795269,53219166,0,0,1,,0,1,,58
Kenya,KEN,2022,34.528816125153995,20.544366577090504,5491.69378280246,40.2753238373561,54252461,0,0,1,,0,1,,58
Kenya,KEN,2023,34.98004552385316,21.185723406566304,5691.82513474417,40.9337677377556,55339003,0,0,1,,0,1,,58
Kyrgyzstan,KGZ,1990,21.346072392354653,19.204033602004067,6095.68108610235,78.7383177570093,4459543,0,0,0,,0,0,,59
Kyrgyzstan,KGZ,1991,22.72959961179338,15.897466886665214,5520.42979891313,72.0,4532116,0,0,0,,0,0,,59
Kyrgyzstan,KGZ,1992,28.641220198331126,11.041681,4701.99138098658,83.1916902738432,4600310,0,0,0,,0,0,,59
Kyrgyzstan,KGZ,1993,18.37395135532629,8.468166000000018,3973.88323931033,74.7063327544027,4626803,0,0,0,,0,0,,59
Kyrgyzstan,KGZ,1994,14.468511672255993,6.1444791278375295,3176.92381882726,73.8302050053248,4649185,0,0,0,,0,0,,59
Kyrgyzstan,KGZ,1995,14.170541421508693,4.506949999999985,2974.71163891294,71.8242686635574,4713635,0,0,0,,0,0,,59
Kyrgyzstan,KGZ,1996,9.43465651149753,5.651918,3138.66615671114,87.2957738051993,4782882,0,0,0,,0,0,,59
Kyrgyzstan,KGZ,1997,5.333023692802209,5.5606809999999935,3399.93427126665,84.4771343003418,4847993,0,0,0,,0,0,,59
Kyrgyzstan,KGZ,1998,6.269251510423354,5.900998999999991,3419.22330736215,94.5092945286033,4907791,0,0,0,,0,0,,59
Kyrgyzstan,KGZ,1999,5.490620487905142,4.642438999999989,3491.93773268741,99.1994912194321,4968587,0,0,0,,0,0,,59
Kyrgyzstan,KGZ,2000,6.74337820231178,4.575257999999997,3638.46314292227,89.4309316270309,5025145,0,0,0,,0,0,,59
Kyrgyzstan,KGZ,2001,5.078890821933078,3.8567404410646513,3795.89059344129,73.7469123687968,5071956,0,0,0,,0,0,,59
Kyrgyzstan,KGZ,2002,5.861279224051143,4.917247000000013,3760.53239965257,82.9207290212667,5116254,0,0,0,,0,0,,59
Kyrgyzstan,KGZ,2003,5.950012133948213,5.375526999999999,3982.92722017802,83.9327828079655,5159422,0,0,0,,0,0,,59
Kyrgyzstan,KGZ,2004,7.5706093482864265,5.808160000000006,4211.52248307857,93.8157321567302,5203041,0,0,0,,0,0,,59
Kyrgyzstan,KGZ,2005,8.038612730905072,5.519071999999996,4156.95849230116,95.0840046303638,5246332,0,0,1,,0,0,,59
Kyrgyzstan,KGZ,2006,9.473602854140749,5.457268,4240.17017797554,120.749981766273,5282453,0,0,1,,0,0,,59
Kyrgyzstan,KGZ,2007,10.272066205008107,6.522284999999999,4558.71267894172,137.058387838563,5313368,0,0,1,,0,0,,59
Kyrgyzstan,KGZ,2008,16.937357435722816,7.480887231813755,4894.9427801376,146.106082230139,5342520,0,0,1,,0,1,,59
Kyrgyzstan,KGZ,2009,14.853964438587937,6.709287000000005,4969.96132720374,133.379153167955,5398007,0,0,1,,0,1,,59
Kyrgyzstan,KGZ,2010,13.194023123987497,6.355656000000007,4876.47964886483,133.232850492333,5491761,0,0,1,,0,1,,59
Kyrgyzstan,KGZ,2011,15.184610082889694,7.620172000000015,5092.85165751678,136.179840420492,5594535,0,0,1,,0,1,,59
Kyrgyzstan,KGZ,2012,18.66957246068544,10.086689000000002,4993.39431683528,139.675937840309,5696519,0,0,1,,0,1,,59
Kyrgyzstan,KGZ,2013,17.092341196174694,9.733812999999985,5418.54061993935,134.026785643922,5797289,0,0,1,,0,1,,59
Kyrgyzstan,KGZ,2014,17.948548081587823,10.236388000000003,5513.7544695252,125.126181075833,5898319,0,0,1,,0,1,,59
Kyrgyzstan,KGZ,2015,16.503489063773124,10.264781000000013,5600.2143342846,110.961570714633,6001882,0,0,1,,0,1,,59
Kyrgyzstan,KGZ,2016,17.906868884479735,9.621675999999999,5715.01041179003,105.823574017406,6108462,0,0,1,,0,1,,59
Kyrgyzstan,KGZ,2017,17.327137150168348,9.364118515723275,5861.22200040503,100.617445813258,6220150,0,0,1,,0,1,,59
Kyrgyzstan,KGZ,2018,19.99913549868788,11.174909259834722,5951.82876758606,98.8755599017608,6341732,0,0,1,,0,1,,59
Kyrgyzstan,KGZ,2019,17.498426794193996,9.046660708959074,6087.60193826927,94.4302823542939,6494035,0,0,1,,0,1,,59
Kyrgyzstan,KGZ,2020,16.24115588140011,8.348491198418605,5537.79547319377,78.9922784304738,6664140,0,0,1,,0,1,,59
Kyrgyzstan,KGZ,2021,19.011459229674863,10.338291904477193,5736.47883415154,100.261376861569,6820479,0,0,1,,0,1,,59
Kyrgyzstan,KGZ,2022,20.862068729796164,11.512894110653312,6139.77788825006,133.786718048766,6955788,0,0,1,,0,1,,59
Kyrgyzstan,KGZ,2023,19.193264589883686,11.14442689403765,6575.77541290499,132.373403912336,7073516,0,0,1,,0,1,,59
Cambodia,KHM,1990,1.9339549163202103,1.260416,2646.09798836687,,7374752,0,0,0,,0,0,,60
Cambodia,KHM,1991,2.0111002489691363,1.304384,2731.37973720314,,7686850,0,0,0,,0,0,,60
Cambodia,KHM,1992,2.103300248402263,1.348352,2769.4882552665,,8113083,0,0,0,,0,0,,60
Cambodia,KHM,1993,2.068319122378687,1.384992,2714.59150059884,48.7242577792075,8616381,0,0,0,,0,0,,60
Cambodia,KHM,1994,2.1769170309953068,1.4252960000000001,1650.39100001816,64.4680319495873,9239162,0,0,0,,0,0,,60
Cambodia,KHM,1995,2.126933467174926,1.498576,1672.73928514136,77.7667280459137,10018497,0,0,0,,0,0,,60
Cambodia,KHM,1996,2.393470218976873,1.516896,1643.01579058314,69.161566797509,10801270,0,0,0,,0,0,,60
Cambodia,KHM,1997,2.400755310118009,1.4656000000000002,1595.17130656935,78.9346444583816,11570982,0,0,0,,0,0,,60
Cambodia,KHM,1998,2.8607995069160044,1.875968,1602.38371208931,75.6194730009492,12058173,0,0,0,,0,0,,60
Cambodia,KHM,1999,2.75231746331706,1.8942880000000002,1775.41239802043,94.1768880770207,12265731,0,0,0,,0,0,,60
Cambodia,KHM,2000,10.972528966357977,1.9968800000000002,1922.03179092592,110.397125303731,12462336,0,0,0,,0,0,,60
Cambodia,KHM,2001,12.023812942927139,2.23504,2032.08092022373,111.771741244001,12658484,0,0,0,,0,0,,60
Cambodia,KHM,2002,12.812322526141811,2.154432,2126.34150468987,118.269562072288,12855241,0,0,0,,0,0,,60
Cambodia,KHM,2003,8.115599226707307,2.2533600000000003,2309.83931482788,120.074969093599,13050968,0,0,0,,0,0,,60
Cambodia,KHM,2004,10.219182448038467,2.2387040000000002,2491.30930003838,131.351481056276,13244731,0,0,0,,0,0,,60
Cambodia,KHM,2005,12.231257583882112,2.209392,2781.89028895255,133.551965265648,13439202,0,0,1,,0,0,,60
Cambodia,KHM,2006,12.636814103437066,2.846928,3041.10471220153,140.348734318483,13639028,0,0,1,,0,0,,60
Cambodia,KHM,2007,12.894572985058092,3.4894619999999987,3308.15747246544,133.700023826819,13841770,0,0,1,,0,0,,60
Cambodia,KHM,2008,14.651359069272301,3.9363319999999864,3501.9257021932,130.393510678736,14053479,0,0,1,,0,1,,60
Cambodia,KHM,2009,11.628802510712822,4.579379999999997,3587.60889588362,102.2879490147,14276810,0,0,1,,0,1,,60
Cambodia,KHM,2010,15.157212858365204,5.0673880000000056,3711.53750580157,109.998400607758,14500726,0,0,1,,0,1,,60
Cambodia,KHM,2011,21.36795773361586,5.271033999999996,3921.97911563308,109.790505166814,14722584,0,0,1,,0,1,,60
Cambodia,KHM,2012,20.97197167032509,5.572352000000007,4159.16354123446,116.740233418212,14945085,0,0,1,,0,1,,60
Cambodia,KHM,2013,21.121629190185196,5.625738000000001,4419.3988680186,124.887552768657,15170208,0,0,1,,0,1,,60
Cambodia,KHM,2014,20.740416335931894,6.7023438383071205,4702.73061823207,124.454908526693,15396772,0,0,1,,0,1,,60
Cambodia,KHM,2015,24.282742543523632,8.186074000000014,4968.57276699143,122.109596815379,15623251,0,0,1,,0,1,,60
Cambodia,KHM,2016,25.642892622414834,10.64354977259476,5283.72964943779,122.704555602667,15852803,0,0,1,,0,1,,60
Cambodia,KHM,2017,25.70838155542413,12.087145904761924,5632.03125629342,121.155451298689,16073372,0,0,1,,0,1,,60
Cambodia,KHM,2018,29.745238379465807,13.937509333333335,6050.59088262205,118.43765541305,16274522,0,0,1,,0,1,,60
Cambodia,KHM,2019,35.55619461359893,18.626280380952387,6448.88455952805,115.736679072448,16481304,0,0,1,,0,1,,60
Cambodia,KHM,2020,37.25689337615327,20.990796190476193,6128.78243783335,122.105396346568,16725474,0,0,1,,0,1,,60
Cambodia,KHM,2021,36.693862566937256,20.7753833836743,6225.53265474741,146.179846509715,16974305,0,0,1,,0,1,,60
Cambodia,KHM,2022,38.05127896371754,20.865133305685934,6458.3681488084,145.873632761406,17201724,0,0,1,,0,1,,60
Cambodia,KHM,2023,39.064102643384494,21.41150163045201,6695.29194763723,134.206842395931,17423880,0,0,1,,0,1,,60
Republic of Korea,KOR,1990,330.9853008110318,250.51083684755176,14377.8839203268,49.1903734944072,44081427,0,0,0,,0,0,,61
Republic of Korea,KOR,1991,353.92116305853733,275.68822530948614,15784.4668669974,48.2898598963294,44439150,0,0,0,,0,0,,61
Republic of Korea,KOR,1992,420.2320746337188,299.9054129770594,16613.4907015983,47.2068242485094,44653695,0,0,0,,0,0,,61
Republic of Korea,KOR,1993,421.05090733634216,330.1739516546099,17595.9036148432,45.4216180794097,44887724,0,0,0,,0,0,,61
Republic of Korea,KOR,1994,440.17539568432545,355.6948353932573,19052.2990926264,47.7418242135125,45130840,0,0,0,,0,0,,61
Republic of Korea,KOR,1995,466.3515846606051,383.66545389291144,20697.8969808345,51.3967337856387,45368425,0,0,0,,0,0,,61
Republic of Korea,KOR,1996,503.151813133089,420.996074684389,22139.7963785414,51.6134521171463,45638700,0,0,0,,0,0,,61
Republic of Korea,KOR,1997,499.5905077205236,444.9676187918047,23311.0420901741,55.894947743273,45941537,0,0,0,,0,0,,61
Republic of Korea,KOR,1998,367.46918415319914,378.037781124881,22000.3387603516,66.3289851108207,46230878,0,0,0,,0,0,,61
Republic of Korea,KOR,1999,436.0045331556174,410.5188059611112,24382.2508517369,57.8948578896383,46500383,0,0,0,,0,0,,61
Republic of Korea,KOR,2000,502.219655649258,439.98069170263176,26404.1588575745,64.0588155729056,46766661,0,0,0,,0,0,,61
Republic of Korea,KOR,2001,503.91723622436933,455.63063291846373,27440.6564915847,60.4277386641693,47043468,0,0,0,,0,0,,61
Republic of Korea,KOR,2002,540.710475901209,476.06488008142037,29395.2766036796,56.6688767960273,47299120,0,0,0,,0,0,,61
Republic of Korea,KOR,2003,549.2430878420682,485.2127846481996,30142.4605585814,59.4242945541732,47514160,0,0,0,,0,0,,61
Republic of Korea,KOR,2004,563.0150477683977,491.3894255115672,31579.5283048867,67.9270638751076,47697075,0,0,0,,0,0,,61
Republic of Korea,KOR,2005,594.3755624067057,498.6882991170785,32886.0472450743,66.1695148242697,47851644,0,0,1,,0,0,,61
Republic of Korea,KOR,2006,612.3646649757457,503.4781826917478,34429.6222013137,68.3749509402263,48006518,0,0,1,,0,0,,61
Republic of Korea,KOR,2007,642.0700364547037,521.7087146431878,36257.3401689702,71.3239614988013,48178118,0,0,1,,0,0,,61
Republic of Korea,KOR,2008,644.4221024417208,532.6507637970216,37064.1518484106,92.0833544961819,48356493,0,0,1,,0,1,,61
Republic of Korea,KOR,2009,573.8853113573617,537.8198308612244,37176.1939270969,83.1246099057162,48546687,0,0,1,,0,1,,61
Republic of Korea,KOR,2010,654.5787496624775,594.339109833683,39574.0500732947,88.0278677123124,48769332,0,0,1,,0,1,,61
Republic of Korea,KOR,2011,683.1185246883243,623.4428369998109,40719.2273771671,101.68061646213,49127643,0,0,1,,0,1,,61
Republic of Korea,KOR,2012,665.0288189490404,627.9430340879331,41537.6728611117,101.51727207905,49599579,0,0,1,,0,1,,61
Republic of Korea,KOR,2013,669.7548132131436,634.5807026798608,42709.9751857887,94.1675235855873,50071164,0,0,1,,0,1,,61
Republic of Korea,KOR,2014,694.7053924324875,629.3664836094943,43806.9250985661,86.9342577972039,50539056,0,0,1,,0,1,,61
Republic of Korea,KOR,2015,676.2769769507518,634.1772784811857,44849.106767089,75.3881774564907,50983912,0,0,1,,0,1,,61
Republic of Korea,KOR,2016,669.4177473740451,637.9140835972905,46088.2430785383,69.8997221316919,51297839,0,0,1,,0,1,,61
Republic of Korea,KOR,2017,701.8158155712858,654.5372686376116,47536.7898568851,73.1921408264016,51486270,0,0,1,,0,1,,61
Republic of Korea,KOR,2018,749.2307104434707,670.1686985241744,48834.4471157733,74.7075162140824,51640894,0,0,1,,0,1,,61
Republic of Korea,KOR,2019,735.5462885876848,646.1022631789687,49790.8679884821,71.4470632403511,51767846,0,0,1,,0,1,,61
Republic of Korea,KOR,2020,682.037745273885,597.6342513499704,49374.0926148025,65.544957860621,51858482,0,0,1,,0,1,,61
Republic of Korea,KOR,2021,717.5923958138632,616.0749879962066,51718.2518656631,75.3063047610912,51848397,0,0,1,,0,1,,61
Republic of Korea,KOR,2022,722.6696521491297,606.8772749753327,53228.6035655365,90.5851475278549,51782512,0,0,1,,0,1,,61
Republic of Korea,KOR,2023,708.8645050116447,589.1784998051866,54029.3434990785,82.2580090716629,51748739,0,0,1,,0,1,,61
Kuwait,KWT,1990,35.475094770262935,37.86340078106821,38932.9435275146,103.011000150739,1684819,0,0,0,,0,0,,62
Kuwait,KWT,1991,19.729750934313298,15.05460721559212,28633.9695922465,142.612954265862,1351399,0,0,0,,0,0,,62
Kuwait,KWT,1992,30.03361542568696,29.68320167457506,43266.9328651676,94.6880649671661,1634961,0,0,0,,0,0,,62
Kuwait,KWT,1993,44.04409001557244,49.16275488917265,56684.1863309395,92.057035197515,1672151,0,0,0,,0,0,,62
Kuwait,KWT,1994,49.80437185437063,57.26460948478317,61753.8489990065,93.1842842757839,1664361,0,0,0,,0,0,,62
Kuwait,KWT,1995,48.80955798524519,56.26286980848011,64093.5178778949,94.3196243483405,1681513,0,0,0,,0,0,,62
Kuwait,KWT,1996,45.93162314660814,51.768195303316155,62665.2243536425,91.4721447434007,1730246,0,0,0,,0,0,,62
Kuwait,KWT,1997,48.82720574875795,56.76485742419105,62151.9518270333,92.4435465476229,1787683,0,0,0,,0,0,,62
Kuwait,KWT,1998,50.31863608460757,52.91039255143832,62450.0884424765,94.9598431670145,1844302,0,0,0,,0,0,,62
Kuwait,KWT,1999,37.54974765158449,55.08521047850265,59533.9542752452,85.3681145511849,1900030,0,0,0,,0,0,,62
Kuwait,KWT,2000,29.842135777120628,54.97988130776683,60585.3026788164,86.618324503254,1954709,0,0,0,,0,0,,62
Kuwait,KWT,2001,35.83907108685302,59.11935716769715,59099.6653133601,86.8504672897196,2008121,0,0,0,,0,0,,62
Kuwait,KWT,2002,41.505856768124595,60.11354337114798,59348.6172741565,81.2251941328732,2059974,0,0,0,,0,0,,62
Kuwait,KWT,2003,57.10729489773718,62.490803783715464,67984.3145062554,86.5551755074577,2109881,0,0,0,,0,0,,62
Kuwait,KWT,2004,59.02788899064948,65.85519085332157,73298.0621819477,89.2976416790834,2157320,0,0,0,,0,0,,62
Kuwait,KWT,2005,73.65362602385905,74.61527289642264,78193.9012127585,92.2426800942645,2236788,0,0,1,,0,0,,62
Kuwait,KWT,2006,70.52226413719912,76.22190101258174,79521.3484338455,89.7130931980522,2364733,0,0,1,,0,0,,62
Kuwait,KWT,2007,74.70798034480698,77.29494987671875,79474.7611346377,91.7325033915889,2507887,0,0,1,,0,0,,62
Kuwait,KWT,2008,79.15822284923809,84.44237514009548,77036.5083833055,92.6834562516721,2651421,0,0,1,,0,1,,62
Kuwait,KWT,2009,81.28956723072265,88.83209198118622,67896.2680451995,88.8110649851457,2795484,0,0,1,,0,1,,62
Kuwait,KWT,2010,83.0462741150803,89.72100107500526,62956.2152904125,97.0280216600064,2943372,0,0,1,,0,1,,62
Kuwait,KWT,2011,81.60077337428045,87.15086782894947,64844.5019019408,99.1164927646913,3132814,0,0,1,,0,1,,62
Kuwait,KWT,2012,85.12247470657586,101.20057537294959,64908.262639237,101.011435104032,3337025,0,0,1,,0,1,,62
Kuwait,KWT,2013,82.02484708993568,83.04668182581484,62458.8089221249,97.6054913328151,3507746,0,0,1,,0,1,,62
Kuwait,KWT,2014,80.32446040479117,74.99373747243123,60065.6544076232,100.037189841844,3665766,0,0,1,,0,1,,62
Kuwait,KWT,2015,108.1285646109933,93.31747431527867,57763.5174574395,98.6999884455485,3834454,0,0,1,,0,1,,62
Kuwait,KWT,2016,107.42795002127657,104.01883121783897,56936.620842726,96.1576723758617,4003971,0,0,1,,0,1,,62
Kuwait,KWT,2017,100.63340335200573,100.0103577587191,52285.5871175696,97.840046457409,4154685,0,0,1,,0,1,,62
Kuwait,KWT,2018,105.0133119397906,102.45300970722685,51623.8078622052,102.785630655,4323387,0,0,1,,0,1,,62
Kuwait,KWT,2019,108.13059359926795,104.65421356733536,51380.6455354631,91.6857123895953,4442194,0,0,1,,0,1,,62
Kuwait,KWT,2020,97.69455372557937,90.10260916714448,49372.8187938552,82.0125101293052,4400144,0,0,1,,0,1,,62
Kuwait,KWT,2021,96.11741935487493,87.86885424053041,50651.9575337091,82.0003751775886,4360742,0,0,1,,0,1,,62
Kuwait,KWT,2022,115.79656128017096,115.84888566339792,51379.8833194119,90.9188102023425,4589511,0,0,1,,0,1,,62
Kuwait,KWT,2023,122.34568159208865,123.16871650890093,47790.1933239144,96.0343509693162,4838782,0,0,1,,0,1,,62
Lao People's Democratic Republic,LAO,1990,0.848330575740299,0.5129600000000001,2005.50049410401,35.8472084769786,4311955,0,0,0,,0,0,,63
Lao People's Democratic Republic,LAO,1991,0.9114196577501824,0.545936,2033.58258303281,38.1823216438676,4435118,0,0,0,,0,0,,63
Lao People's Democratic Republic,LAO,1992,0.9697982707078113,0.5927497862115436,2088.02004083238,44.1307586141721,4559646,0,0,0,,0,0,,63
Lao People's Democratic Republic,LAO,1993,0.9960797720546402,0.6074245888105185,2152.2765966407,52.6288120122103,4685060,0,0,0,,0,0,,63
Lao People's Democratic Republic,LAO,1994,1.0972515216047372,0.6306004445285334,2267.78215521397,64.809269997254,4809220,0,0,0,,0,0,,63
Lao People's Democratic Republic,LAO,1995,1.207951675235906,0.6708798304878514,2368.05475182536,60.5544661404946,4929409,0,0,0,,0,0,,63
Lao People's Democratic Republic,LAO,1996,1.2015924501888189,0.7533783454307856,2473.77285753148,63.7571736099789,5045678,0,0,0,,0,0,,63
Lao People's Democratic Republic,LAO,1997,1.262167455588284,0.7924091832914233,2589.20762864101,65.1569707659458,5152011,0,0,0,,0,0,,63
Lao People's Democratic Republic,LAO,1998,1.281237367980959,0.8200681267066723,2642.56618699585,84.2695405093512,5248266,0,0,0,,0,0,,63
Lao People's Democratic Republic,LAO,1999,1.195053343297263,0.8456802693262708,2786.52039703471,80.0584561654881,5340784,0,0,0,,0,0,,63
Lao People's Democratic Republic,LAO,2000,2.999207374338991,0.9603998737377539,2899.01961879748,68.8373013678325,5431212,0,0,0,,0,0,,63
Lao People's Democratic Republic,LAO,2001,3.062468303114583,1.0591689991024211,3015.63258480614,65.8994368798482,5521482,0,0,0,,0,0,,63
Lao People's Democratic Republic,LAO,2002,3.3283276464283635,1.1657683246967574,3143.22327579556,67.2549028523532,5610889,0,0,0,,0,0,,63
Lao People's Democratic Republic,LAO,2003,2.232420280847719,1.220963661010539,3282.9853971272,60.572095882788,5697945,0,0,0,,0,0,,63
Lao People's Democratic Republic,LAO,2004,2.5839367021240767,1.2824838891207315,3441.16999706515,66.0797516222837,5781626,0,0,0,,0,0,,63
Lao People's Democratic Republic,LAO,2005,2.6552556195516517,1.3370121645682005,3630.55878769378,71.7926462737852,5869523,0,0,1,,0,0,,63
Lao People's Democratic Republic,LAO,2006,3.397580293892444,1.7573352595290164,3881.53736632657,81.9613754162421,5963200,0,0,1,,0,0,,63
Lao People's Democratic Republic,LAO,2007,3.5851320169273713,1.8357238681796948,4112.25301659759,79.2126289035269,6056236,0,0,1,,0,0,,63
Lao People's Democratic Republic,LAO,2008,4.2663828109332265,2.1313410198585125,4367.162880257,81.8491820941317,6148969,0,0,1,,0,1,,63
Lao People's Democratic Republic,LAO,2009,5.017814594533143,2.6674559472329507,4625.07173324518,76.930826218652,6241642,0,0,1,,0,1,,63
Lao People's Democratic Republic,LAO,2010,2.5220945093931713,3.0008490972013058,4946.10563678173,84.7203378916677,6334194,0,0,1,,0,1,,63
Lao People's Democratic Republic,LAO,2011,2.3912487922016483,3.0968238477734706,5266.87866924206,91.6986958680216,6426590,0,0,1,,0,1,,63
Lao People's Democratic Republic,LAO,2012,2.6672147931764405,3.328366209253662,5608.96956337059,98.1851264313662,6518978,0,0,1,,0,1,,63
Lao People's Democratic Republic,LAO,2013,3.513943500087137,4.1983112781881875,5974.47368943414,98.1791466159604,6611385,0,0,1,,0,1,,63
Lao People's Democratic Republic,LAO,2014,3.697616676865439,4.3830167679922605,6341.2122967032,99.0597382933399,6703172,0,0,1,,0,1,,63
Lao People's Democratic Republic,LAO,2015,7.770674771296435,9.18479265243433,6703.74124348885,85.798321703681,6801645,0,0,1,,0,1,,63
Lao People's Democratic Republic,LAO,2016,7.655891931099436,16.406526452086123,7063.25545347926,75.0918909204124,6908802,0,0,1,,0,1,,63
Lao People's Democratic Republic,LAO,2017,13.990029348063489,19.62493340861129,7432.4596330485,,7018147,0,0,1,,0,1,,63
Lao People's Democratic Republic,LAO,2018,13.915867272457353,20.481499248688227,7775.08574451883,,7128045,0,0,1,,0,1,,63
Lao People's Democratic Republic,LAO,2019,13.42579417853791,18.339869084826717,8075.27502377003,,7237636,0,0,1,,0,1,,63
Lao People's Democratic Republic,LAO,2020,14.101305523404045,18.293559260503493,7995.59502527818,,7346533,0,0,1,,0,1,,63
Lao People's Democratic Republic,LAO,2021,12.51592182542746,21.83663826912374,8080.43553249923,,7453194,0,0,1,,0,1,,63
Lao People's Democratic Republic,LAO,2022,8.414778948646552,22.548781996501923,8183.03286472653,,7559007,0,0,1,,0,1,,63
Lao People's Democratic Republic,LAO,2023,14.824895415965928,24.15706815862825,8372.15591874407,,7664993,0,0,1,,0,1,,63
Sri Lanka,LKA,1990,3.2465460380192157,3.802256822234289,4561.57913260491,68.243915172911,16352458,0,0,0,,0,0,,64
Sri Lanka,LKA,1991,3.5687773362205997,4.106686888619289,4735.81940022694,67.5959123930763,16475354,0,0,0,,0,0,,64
Sri Lanka,LKA,1992,4.206892056457627,5.035798916383662,4866.23941152126,72.8037565573982,16739284,0,0,0,,0,0,,64
Sri Lanka,LKA,1993,4.081639926138064,4.912020977267341,5114.43630395889,77.1475183409566,17025918,0,0,0,,0,0,,64
Sri Lanka,LKA,1994,4.410837612165164,5.341534083789023,5322.72963126043,79.4307906970319,17275773,0,0,0,,0,0,,64
Sri Lanka,LKA,1995,4.657446451506496,5.717072202980307,5523.31225392817,81.6350490886111,17564068,0,0,0,,0,0,,64
Sri Lanka,LKA,1996,5.540787315359076,6.8627495157949,5624.02393649431,78.8739637143809,17905018,0,0,0,,0,0,,64
Sri Lanka,LKA,1997,5.490342088822831,7.400961326300954,5871.72297556048,80.1375533095503,18248200,0,0,0,,0,0,,64
Sri Lanka,LKA,1998,5.653117157582352,7.621323222190562,6032.62212629246,78.4949891255872,18596003,0,0,0,,0,0,,64
Sri Lanka,LKA,1999,16.07237634346576,8.381353670951926,6176.23548454667,78.7514783496374,18944731,0,0,0,,0,0,,64
Sri Lanka,LKA,2000,17.814390586046315,9.990372907658298,6428.61341889128,88.636441704913,19293054,0,0,0,,0,0,,64
Sri Lanka,LKA,2001,19.20239197287929,10.1576867552538,6230.03051863559,80.8986015327576,19600362,0,0,0,,0,0,,64
Sri Lanka,LKA,2002,22.648781702217892,10.786742481046048,6409.86278892115,76.3351317826517,19805752,0,0,0,,0,0,,64
Sri Lanka,LKA,2003,18.134503343113998,10.7614328138367,6741.01248848024,75.336247330543,19951521,0,0,0,,0,0,,64
Sri Lanka,LKA,2004,20.728330134166058,11.908245011139268,7059.91098067102,79.4829449011187,20087605,0,0,0,,0,0,,64
Sri Lanka,LKA,2005,20.980391952456397,11.669748564212822,7452.7423412297,73.6039729580533,20216524,0,0,1,,0,0,,64
Sri Lanka,LKA,2006,21.559742178792643,11.502949533780571,7970.6649101939,71.2611784883009,20352411,0,0,1,,0,0,,64
Sri Lanka,LKA,2007,20.164894323729484,11.8436464522166,8454.20675331505,68.6065116601391,20492545,0,0,1,,0,0,,64
Sri Lanka,LKA,2008,21.422739918778944,11.648251722398651,8897.82686005016,63.369043608222,20629378,0,0,1,,0,1,,64
Sri Lanka,LKA,2009,20.319895116248865,12.572464720790375,9156.31906481264,49.1491415308235,20756435,0,0,1,,0,1,,64
Sri Lanka,LKA,2010,23.60955060514733,12.696773596618879,9832.18622335265,,20879089,0,0,1,,0,1,,64
Sri Lanka,LKA,2011,32.36356160755888,14.476175786326868,10618.4925999722,,21009048,0,0,1,,0,1,,64
Sri Lanka,LKA,2012,31.312277117002402,15.389400000000016,11447.6937737782,,21169458,0,0,1,,0,1,,64
Sri Lanka,LKA,2013,33.55182206442969,14.14310669350779,12249.7223347846,,21358827,0,0,1,,0,1,,64
Sri Lanka,LKA,2014,37.093905749803774,17.07601609399917,12909.9663068113,,21547456,0,0,1,,0,1,,64
Sri Lanka,LKA,2015,38.776006620996355,19.17897600000001,13329.779343882,46.9179708088698,21729971,0,0,1,,0,1,,64
Sri Lanka,LKA,2016,43.507816123283696,22.33918506284806,13845.6146782218,46.4715370250761,21910772,0,0,1,,0,1,,64
Sri Lanka,LKA,2017,43.137825575290535,22.16797751710905,14572.4858214616,47.1404098001494,22087522,0,0,1,,0,1,,64
Sri Lanka,LKA,2018,42.632322188977504,20.136761994010936,14759.8248945226,49.8093967520437,22253118,0,0,1,,0,1,,64
Sri Lanka,LKA,2019,43.16625999913092,21.105575999999985,14637.4442912676,49.4255238852768,22410552,0,0,1,,0,1,,64
Sri Lanka,LKA,2020,41.85320058517135,20.41240800000001,13886.6513728689,37.0891188568192,22561807,0,0,1,,0,1,,64
Sri Lanka,LKA,2021,45.74227833829052,20.823087999999984,14316.1352225567,41.2288463294978,22700372,0,0,1,,0,1,,64
Sri Lanka,LKA,2022,45.853781018801754,18.376960459862726,13249.0650505201,46.6826080179359,22834965,0,0,1,,0,1,,64
Sri Lanka,LKA,2023,46.439256749895094,19.166019403615724,13065.0698305722,43.3476681195134,22971617,0,0,1,,0,1,,64
Lithuania,LTU,1990,41.52489546297255,35.73767297978114,20594.0623779042,,3695012,1,2005,0,-15.0,2008,0,-18.0,65
Lithuania,LTU,1991,46.02439144617943,37.82037687861012,19392.1950657963,,3701407,1,2005,0,-14.0,2008,0,-17.0,65
Lithuania,LTU,1992,52.515816281978516,21.1684411297142,15286.2039647381,,3697544,1,2005,0,-13.0,2008,0,-16.0,65
Lithuania,LTU,1993,31.42685122226546,16.319713060519433,12866.5897896196,,3680197,1,2005,0,-12.0,2008,0,-15.0,65
Lithuania,LTU,1994,27.861023909739576,15.767042250104446,11690.8861051725,,3654891,1,2005,0,-11.0,2008,0,-14.0,65
Lithuania,LTU,1995,27.493807329984747,15.057342781265408,12168.8332695478,84.5445654964236,3627038,1,2005,0,-10.0,2008,0,-13.0,65
Lithuania,LTU,1996,20.31294536860663,15.739962965727369,12878.1001468209,92.813796697758,3599711,1,2005,0,-9.0,2008,0,-12.0,65
Lithuania,LTU,1997,20.664879821932406,15.162846388198934,14050.349878771,99.6494889661181,3573409,1,2005,0,-8.0,2008,0,-11.0,65
Lithuania,LTU,1998,22.185060866234227,15.997052620087677,15208.6978530701,89.3653045985264,3547771,1,2005,0,-7.0,2008,0,-10.0,65
Lithuania,LTU,1999,18.62375271219425,13.449595727283183,15148.9570325637,74.5847357424933,3522901,1,2005,0,-6.0,2008,0,-9.0,65
Lithuania,LTU,2000,19.52755251275677,11.843034690003845,15777.4293800236,83.1914942748116,3500402,1,2005,0,-5.0,2008,0,-8.0,65
Lithuania,LTU,2001,19.350044133985378,12.593736704469215,16939.467059225,93.4871373685836,3473004,1,2005,0,-4.0,2008,0,-7.0,65
Lithuania,LTU,2002,17.98398110910516,12.66602906525843,18223.4782620215,100.332229474818,3444050,1,2005,0,-3.0,2008,0,-6.0,65
Lithuania,LTU,2003,21.79541341653339,12.659430765767977,20310.7119582322,98.0914043206711,3415278,1,2005,0,-2.0,2008,0,-5.0,65
Lithuania,LTU,2004,21.108170820098323,13.254143419436401,21875.6085796224,104.072070698543,3376699,1,2005,0,-1.0,2008,0,-4.0,65
Lithuania,LTU,2005,20.56689137776122,13.862545313812015,23953.8150681702,117.449691165186,3322263,1,2005,1,0.0,2008,0,-3.0,65
Lithuania,LTU,2006,22.494958905740152,14.195264807386618,26139.2837773621,124.613633047292,3269808,1,2005,1,1.0,2008,0,-2.0,65
Lithuania,LTU,2007,24.436234952933642,15.473503585311555,29381.9521464971,116.295810328172,3231374,1,2005,1,2.0,2008,0,-1.0,65
Lithuania,LTU,2008,22.963442437531732,14.91879105192135,30457.3682543436,126.759707831841,3198481,1,2005,1,3.0,2008,1,0.0,65
Lithuania,LTU,2009,20.589171326159967,12.829125490852617,26227.5230201039,105.040251236614,3163254,1,2005,1,4.0,2008,1,1.0,65
Lithuania,LTU,2010,20.311572300098867,13.801892302283042,26897.7243702338,131.626507396009,3097720,1,2005,1,5.0,2008,1,2.0,65
Lithuania,LTU,2011,23.416322224006063,13.95964897295371,29251.8774718539,149.645306927215,3028642,1,2005,1,6.0,2008,1,3.0,65
Lithuania,LTU,2012,20.042904311586984,14.05413673071144,30932.0983180261,156.638925650513,2988329,1,2005,1,7.0,2008,1,4.0,65
Lithuania,LTU,2013,20.517648932555097,13.148174494360976,32487.0008217277,156.626637927418,2958360,1,2005,1,8.0,2008,1,5.0,65
Lithuania,LTU,2014,20.68863714413745,12.845803369843386,33988.0148951198,143.290115780694,2933168,1,2005,1,9.0,2008,1,6.0,65
Lithuania,LTU,2015,20.19668035366546,13.045220085347147,35264.7149248316,138.195575009601,2905764,1,2005,1,10.0,2008,1,7.0,65
Lithuania,LTU,2016,21.649901328699638,13.101518370644179,36632.0832798438,134.690449650877,2869110,1,2005,1,11.0,2008,1,8.0,65
Lithuania,LTU,2017,22.304929775201572,13.277398399440642,38789.2463179035,144.918393101325,2829313,1,2005,1,12.0,2008,1,9.0,65
Lithuania,LTU,2018,23.879568125917224,13.414424171636966,41035.4018152732,147.202132525221,2802478,1,2005,1,13.0,2008,1,10.0,65
Lithuania,LTU,2019,22.423659412306506,13.647340275799188,43078.7118585461,148.374996011818,2795058,1,2005,1,14.0,2008,1,11.0,65
Lithuania,LTU,2020,20.53632608565564,13.499603549116053,43108.1976060283,135.796565563519,2795765,1,2005,1,15.0,2008,1,12.0,65
Lithuania,LTU,2021,22.56770105311486,13.778095048118178,45897.3715026327,154.726303914099,2794488,1,2005,1,16.0,2008,1,13.0,65
Lithuania,LTU,2022,22.101986185390874,12.895064313220338,46642.5947251086,176.631817072239,2816919,1,2005,1,17.0,2008,1,14.0,65
Lithuania,LTU,2023,20.517178935299764,12.507401989381005,46333.9006965206,147.990751776428,2854099,1,2005,1,18.0,2008,1,15.0,65
Luxembourg,LUX,1990,11.809166526237295,11.809166526237295,81455.0312264957,187.811167101457,381700,1,2005,0,-15.0,2008,0,-18.0,66
Luxembourg,LUX,1991,12.420410700912157,12.420410700912157,87318.4976692868,188.663907871345,386817,1,2005,0,-14.0,2008,0,-17.0,66
Luxembourg,LUX,1992,12.189432303036167,12.189432303036167,87734.2029842352,182.54727407881,391964,1,2005,0,-13.0,2008,0,-16.0,66
Luxembourg,LUX,1993,12.338293577803793,12.338293577803793,90200.6012709212,181.402666783426,397200,1,2005,0,-12.0,2008,0,-15.0,66
Luxembourg,LUX,1994,11.523991086121,11.523991086121,92380.4162945065,185.786247148865,402590,1,2005,0,-11.0,2008,0,-14.0,66
Luxembourg,LUX,1995,9.134483206735853,9.134483206735853,92396.3982654612,189.544445888796,408227,1,2005,0,-10.0,2008,0,-13.0,66
Luxembourg,LUX,1996,9.185693331850354,9.185693331850354,92421.5791788935,195.63690664815,413776,1,2005,0,-9.0,2008,0,-12.0,66
Luxembourg,LUX,1997,8.547977885224329,8.547977885224329,96216.9038688184,212.088757931917,418969,1,2005,0,-8.0,2008,0,-11.0,66
Luxembourg,LUX,1998,7.6568270698277106,7.6568270698277106,101369.82339661,236.569988891965,424154,1,2005,0,-7.0,2008,0,-10.0,66
Luxembourg,LUX,1999,7.742390086873474,8.119314155262481,108186.852973076,239.922499577691,429897,1,2005,0,-6.0,2008,0,-9.0,66
Luxembourg,LUX,2000,8.593392955551561,8.702319245399561,114148.353907645,272.412027714553,436132,1,2005,0,-5.0,2008,0,-8.0,66
Luxembourg,LUX,2001,8.359161005314922,9.20536537320604,116265.230369162,270.765343819583,441752,1,2005,0,-4.0,2008,0,-7.0,66
Luxembourg,LUX,2002,8.512613169569908,9.97849052890267,118764.331507238,250.689192191641,446389,1,2005,0,-3.0,2008,0,-6.0,66
Luxembourg,LUX,2003,11.541214783775686,10.450938516703463,120403.002017933,244.977946060528,451838,1,2005,0,-2.0,2008,0,-5.0,66
Luxembourg,LUX,2004,12.98855123870128,11.815994315394855,123725.755122536,265.226884855637,458296,1,2005,0,-1.0,2008,0,-4.0,66
Luxembourg,LUX,2005,14.240979876583225,12.075892166835965,124871.952523256,284.077242335139,465363,1,2005,1,0.0,2008,0,-3.0,66
Luxembourg,LUX,2006,13.850618132541001,11.905623128556295,130290.174082751,305.879493786271,472866,1,2005,1,1.0,2008,0,-2.0,66
Luxembourg,LUX,2007,10.770254449142538,11.302203147292419,138683.319852878,307.485020085196,480270,1,2005,1,2.0,2008,0,-1.0,66
Luxembourg,LUX,2008,14.887935371581982,11.166763078620388,135814.608862354,292.21348078343,488990,1,2005,1,3.0,2008,1,0.0,66
Luxembourg,LUX,2009,8.535350800695715,10.61978680875627,129004.508948877,263.532701541684,498187,1,2005,1,4.0,2008,1,1.0,66
Luxembourg,LUX,2010,9.861414433799958,11.190507342507866,131434.360018803,293.671876906939,507410,1,2005,1,5.0,2008,1,2.0,66
Luxembourg,LUX,2011,10.640174155573087,11.08950937544359,129887.626962873,308.714453874162,518584,1,2005,1,6.0,2008,1,3.0,66
Luxembourg,LUX,2012,10.320479434386765,10.85797109095872,128897.403218507,311.786835204686,530947,1,2005,1,7.0,2008,1,4.0,66
Luxembourg,LUX,2013,9.815221124804971,10.323407655890607,129947.336184196,320.533506316768,543354,1,2005,1,8.0,2008,1,5.0,66
Luxembourg,LUX,2014,9.63412528348453,9.806854314089797,130249.550482759,333.428836459172,556279,1,2005,1,9.0,2008,1,6.0,66
Luxembourg,LUX,2015,9.361998187230496,9.333977326665254,130097.338289025,351.13195404466,569536,1,2005,1,10.0,2008,1,7.0,66
Luxembourg,LUX,2016,8.917964945575841,9.077204724965974,133661.734541281,348.437409376889,583506,1,2005,1,11.0,2008,1,8.0,66
Luxembourg,LUX,2017,8.905820008012832,9.25100614133869,132169.829576174,353.793991980303,596495,1,2005,1,12.0,2008,1,9.0,66
Luxembourg,LUX,2018,8.733977351498469,9.556162373599516,131733.884471489,361.865445198667,608101,1,2005,1,13.0,2008,1,10.0,66
Luxembourg,LUX,2019,8.463811587197702,9.749969337906016,132724.754668303,382.66078058442,620163,1,2005,1,14.0,2008,1,11.0,66
Luxembourg,LUX,2020,7.258116232229463,8.069082839301345,129865.631871124,375.581394826026,630597,1,2005,1,15.0,2008,1,12.0,66
Luxembourg,LUX,2021,7.993809686346437,8.409505306987104,136772.443753292,397.506180867971,640274,1,2005,1,16.0,2008,1,13.0,66
Luxembourg,LUX,2022,7.992324214211075,7.274378973590023,132570.832272626,412.177169924175,653313,1,2005,1,17.0,2008,1,14.0,66
Luxembourg,LUX,2023,7.3319826190258635,6.840733492026474,130048.922273147,402.566968197345,665098,1,2005,1,18.0,2008,1,15.0,66
Latvia,LVA,1990,20.954863924886507,19.661602816417744,17508.7871005399,,2660131,1,2005,0,-15.0,2008,0,-18.0,67
Latvia,LVA,1991,19.47369066067808,17.919585955798976,15376.0911858137,,2648940,1,2005,0,-14.0,2008,0,-17.0,67
Latvia,LVA,1992,17.576960628240496,14.193532934750156,10582.2074616453,,2614827,1,2005,0,-13.0,2008,0,-16.0,67
Latvia,LVA,1993,13.990240657580166,11.921674216874493,10255.1419301566,,2563820,1,2005,0,-12.0,2008,0,-15.0,67
Latvia,LVA,1994,13.23548300717417,10.370181333034012,10656.609005478,,2521233,1,2005,0,-11.0,2008,0,-14.0,67
Latvia,LVA,1995,12.226432425515338,9.133941427604604,10707.5149969006,76.2500012714636,2485949,1,2005,0,-10.0,2008,0,-13.0,67
Latvia,LVA,1996,12.689534079502792,9.211659471251838,11077.8618422597,92.5618241635257,2457905,1,2005,0,-9.0,2008,0,-12.0,67
Latvia,LVA,1997,12.104551058840142,8.679915943174215,12215.0151940189,90.9261555867307,2433231,1,2005,0,-8.0,2008,0,-11.0,67
Latvia,LVA,1998,13.337079426472018,8.306022604712515,13138.4012524255,93.0486575859765,2410209,1,2005,0,-7.0,2008,0,-10.0,67
Latvia,LVA,1999,12.372350446196716,7.717859859419438,13619.098799485,82.1505568188769,2390822,1,2005,0,-6.0,2008,0,-9.0,67
Latvia,LVA,2000,16.35045831332339,7.08162954558602,14554.2131724037,83.6121321100556,2368313,1,2005,0,-5.0,2008,0,-8.0,67
Latvia,LVA,2001,15.706470643644925,7.496506311544165,15695.906718153,88.1768278184248,2338301,1,2005,0,-4.0,2008,0,-7.0,67
Latvia,LVA,2002,15.544309661767077,7.5204183369840045,17096.5594440255,85.9772056778195,2311351,1,2005,0,-3.0,2008,0,-6.0,67
Latvia,LVA,2003,14.617246345610509,7.726040439666336,18717.6675525538,88.5815580418672,2288984,1,2005,0,-2.0,2008,0,-5.0,67
Latvia,LVA,2004,14.343349937030213,7.731197795367498,20574.118201251,97.2352655771748,2264174,1,2005,0,-1.0,2008,0,-4.0,67
Latvia,LVA,2005,13.694563517474482,7.810763682734702,23213.3539355881,104.517156602918,2239784,1,2005,1,0.0,2008,0,-3.0,67
Latvia,LVA,2006,15.413131478877917,8.310114796729769,26431.8140222767,105.695342080455,2219032,1,2005,1,1.0,2008,0,-2.0,67
Latvia,LVA,2007,17.726166230971213,8.637233089267983,29423.7371235063,100.880910871828,2200776,1,2005,1,2.0,2008,0,-1.0,67
Latvia,LVA,2008,16.55289797192742,8.198057587685813,28726.9722869522,95.7681628438571,2177711,1,2005,1,3.0,2008,1,0.0,67
Latvia,LVA,2009,11.88197390690038,7.456195547592269,24520.6791475489,88.8320494963692,2142043,1,2005,1,4.0,2008,1,1.0,67
Latvia,LVA,2010,13.579940378051463,8.554520679472704,24119.7307848939,110.86235386272,2097831,1,2005,1,5.0,2008,1,2.0,67
Latvia,LVA,2011,13.683990491347794,7.808429927832428,25308.7322074626,129.734758014485,2059941,1,2005,1,6.0,2008,1,3.0,67
Latvia,LVA,2012,13.026845759627278,7.519717891368926,27496.5454583635,133.211503650958,2034633,1,2005,1,7.0,2008,1,4.0,67
Latvia,LVA,2013,12.73557770727204,7.368745613038647,28375.1842887263,129.677184929099,2013010,1,2005,1,8.0,2008,1,5.0,67
Latvia,LVA,2014,12.140746404103316,7.172200044461121,29243.7412502629,130.042252244959,1994149,1,2005,1,9.0,2008,1,6.0,67
Latvia,LVA,2015,12.622739556044662,7.2624214543447065,30599.6133134147,126.380014406006,1977867,1,2005,1,10.0,2008,1,7.0,67
Latvia,LVA,2016,12.456096301432535,7.210681634990061,31668.5148442662,123.330518429659,1959863,1,2005,1,11.0,2008,1,8.0,67
Latvia,LVA,2017,13.948612737465407,7.2153201086732155,33036.3915943437,128.714003328884,1942594,1,2005,1,12.0,2008,1,9.0,67
Latvia,LVA,2018,15.862203370969517,7.843189444646536,34729.7062763057,128.234095559822,1927588,1,2005,1,13.0,2008,1,10.0,67
Latvia,LVA,2019,15.073181210764453,7.633452368883358,35208.1934590859,125.29163170793,1914263,1,2005,1,14.0,2008,1,11.0,67
Latvia,LVA,2020,13.423882444351932,6.999267596927026,34225.8976044058,123.88319804656,1901123,1,2005,1,15.0,2008,1,12.0,67
Latvia,LVA,2021,14.95553495897213,7.2183489141881765,36912.0130602161,136.796615414819,1885587,1,2005,1,16.0,2008,1,13.0,67
Latvia,LVA,2022,14.273600101280012,6.607997449523678,37718.7097958367,159.892778190649,1881063,1,2005,1,17.0,2008,1,14.0,67
Latvia,LVA,2023,13.361850142403734,6.589882971939034,37277.7217221317,135.642989154266,1882396,1,2005,1,18.0,2008,1,15.0,67
Morocco,MAR,1990,29.607842533310514,22.29799782828102,4418.66015625,54.6266874206198,24375551,0,0,0,,0,0,,68
Morocco,MAR,1991,29.79557932452319,23.688163588402606,4656.1259765625,49.7792954766494,24799014,0,0,0,,0,0,,68
Morocco,MAR,1992,34.28670191035172,24.736783723244873,4483.24951171875,50.2633161845725,25212468,0,0,0,,0,0,,68
Morocco,MAR,1993,33.865611011492014,26.782155561463533,4379.76416015625,49.668456614101,25614586,0,0,0,,0,0,,68
Morocco,MAR,1994,34.683738629539704,28.12380076373039,4771.0927734375,47.3135537325048,26000822,0,0,0,,0,0,,68
Morocco,MAR,1995,35.569640959607824,28.750269887225162,4444.228515625,51.7150253841236,26399429,0,0,0,,0,0,,68
Morocco,MAR,1996,33.30929888302982,29.524523477162116,4916.47998046875,47.0955434479783,26808107,0,0,0,,0,0,,68
Morocco,MAR,1997,32.9388620764806,29.977577408449122,4766.1103515625,51.1501546486104,27213337,0,0,0,,0,0,,68
Morocco,MAR,1998,34.348212596015756,30.88115589869652,5033.92333984375,45.6723595943991,27621648,0,0,0,,0,0,,68
Morocco,MAR,1999,37.81425841533443,31.98933278995855,5043.6650390625,48.578876486646,28027179,0,0,0,,0,0,,68
Morocco,MAR,2000,37.99581267703658,33.19903619155671,5100.11572265625,53.4403058388785,28423435,0,0,0,,0,0,,68
Morocco,MAR,2001,41.21151666027554,36.80892938301363,5417.57861328125,53.4915710187871,28814643,0,0,0,,0,0,,68
Morocco,MAR,2002,43.574110624523826,37.309516518901674,5544.07177734375,54.31012791421,29198142,0,0,0,,0,0,,68
Morocco,MAR,2003,40.61363534698947,36.5701250511769,5810.05322265625,52.3318582669923,29571415,0,0,0,,0,0,,68
Morocco,MAR,2004,46.83120393944877,42.22555600793516,5996.39013671875,55.5516384744536,29953018,0,0,0,,0,0,,68
Morocco,MAR,2005,48.8361649703585,44.6607686732792,6103.42236328125,61.4938276863235,30358144,0,0,1,,0,0,,68
Morocco,MAR,2006,50.970327436117664,46.2494159863473,6488.673828125,64.6721977787154,30771178,0,0,1,,0,0,,68
Morocco,MAR,2007,55.36394425543016,48.912715051655674,6620.59033203125,71.3496467796657,31186468,0,0,1,,0,0,,68
Morocco,MAR,2008,61.16594437945658,51.37232500504986,6901.95068359375,77.8344716425602,31606767,0,0,1,,0,1,,68
Morocco,MAR,2009,57.054454551142605,50.85973273453336,7063.72705078125,62.3709560152269,32030778,0,0,1,,0,1,,68
Morocco,MAR,2010,58.87806446003091,54.365199999999945,7210.63671875,69.541979610144,32467016,0,0,1,,0,1,,68
Morocco,MAR,2011,62.8716629772144,54.86763627781197,7503.79296875,76.8258714906247,32912588,0,0,1,,0,1,,68
Morocco,MAR,2012,62.875162222833175,56.95354011410466,7628.64404296875,78.2221018956072,33355241,0,0,1,,0,1,,68
Morocco,MAR,2013,61.83030376010285,56.60641714303146,7839.0322265625,73.8577565315318,33787571,0,0,1,,0,1,,68
Morocco,MAR,2014,61.26445458474548,57.17491607512703,7951.79833984375,71.8935667539398,34204780,0,0,1,,0,1,,68
Morocco,MAR,2015,61.55698820642802,58.49884118994405,8198.80859375,67.2886759253849,34607588,0,0,1,,0,1,,68
Morocco,MAR,2016,66.10553799733175,58.45747600000012,8141.9404296875,71.1226603816864,35023457,0,0,1,,0,1,,68
Morocco,MAR,2017,66.7395453831181,61.10376358945482,8450.0087890625,74.1733578786573,35446392,0,0,1,,0,1,,68
Morocco,MAR,2018,68.5140629126059,62.31493234611455,8611.75,77.2548875243989,35839760,0,0,1,,0,1,,68
Morocco,MAR,2019,72.67768899475767,68.74348699999992,8768.17578125,75.9981158798422,36210898,0,0,1,,0,1,,68
Morocco,MAR,2020,67.73933662163013,64.54182576587255,8054.56298828125,68.8438033904364,36584208,0,0,1,,0,1,,68
Morocco,MAR,2021,74.39115896355356,70.27531269311578,8623.265625,75.5234171756506,36954442,0,0,1,,0,1,,68
Morocco,MAR,2022,71.3856129607082,69.77945809771882,8690.4482421875,100.906310201651,37329064,0,0,1,,0,1,,68
Morocco,MAR,2023,69.91350870055396,68.96117145579893,8915.3515625,93.1178844179777,37712505,0,0,1,,0,1,,68
Madagascar,MDG,1990,1.1498889922996374,0.9442956609255303,1968.27239771424,32.3809923743425,12055639,0,0,0,,0,0,,69
Madagascar,MDG,1991,1.2310712039297849,1.0248662850954866,1789.84169366249,35.7567980580415,12421412,0,0,0,,0,0,,69
Madagascar,MDG,1992,1.2491755911498805,1.0028449092654466,1757.29459775259,33.1576177671174,12800870,0,0,0,,0,0,,69
Madagascar,MDG,1993,1.3091340254614194,1.0284555334354064,1740.29513594203,32.8658889270584,13197345,0,0,0,,0,0,,69
Madagascar,MDG,1994,1.4298271651407795,1.1522194130871202,1686.34190833351,43.5589179379958,13613850,0,0,0,,0,0,,69
Madagascar,MDG,1995,1.4424888323118172,1.1924405211835507,1661.27062467061,45.3744915678324,14051275,0,0,0,,0,0,,69
Madagascar,MDG,1996,1.5181841619575516,1.2490027643598753,1643.32579628891,35.8824601668345,14510711,0,0,0,,0,0,,69
Madagascar,MDG,1997,1.7434630732931848,1.5351820180691462,1649.44809006306,36.8737477819441,14990814,0,0,0,,0,0,,69
Madagascar,MDG,1998,1.9613306702785651,1.6190533008776207,1658.88849253066,37.3321870147971,15489364,0,0,0,,0,0,,69
Madagascar,MDG,1999,2.275832945918565,1.7663543801489592,1681.35933226493,40.9244120208063,16000506,0,0,0,,0,0,,69
Madagascar,MDG,2000,3.0450820831950027,1.9551699714527433,1701.44320253582,42.7771226639725,16516338,0,0,0,,0,0,,69
Madagascar,MDG,2001,2.6288185024857365,1.7466841439420193,1748.50350929178,41.0351260923859,17032939,0,0,0,,0,0,,69
Madagascar,MDG,2002,2.4926369302549958,1.232144753235924,1486.43429741771,50.1816919379298,17549913,0,0,0,,0,0,,69
Madagascar,MDG,2003,2.9479661208976617,1.6993856946507055,1584.74925232364,34.030602917475,18071854,0,0,0,,0,0,,69
Madagascar,MDG,2004,2.8914573194565985,1.8043764792359602,1620.11953793293,48.7753818852156,18606608,0,0,0,,0,0,,69
Madagascar,MDG,2005,3.0075180872750082,1.7412182806048455,1648.17631554009,59.1300849357677,19159707,0,0,1,,0,0,,69
Madagascar,MDG,2006,2.725268274300823,1.6747107626867925,1686.86335460016,62.1028389370244,19730909,0,0,1,,0,0,,69
Madagascar,MDG,2007,2.94506096734121,1.7276912637046309,1731.61751794976,66.7027353570049,20318583,0,0,1,,0,0,,69
Madagascar,MDG,2008,4.31460074511765,1.7872856180955836,1794.40235887329,74.357353960806,20923840,0,0,1,,0,1,,69
Madagascar,MDG,2009,3.7380596162395654,1.6990513467884027,1673.15551466723,62.4116975958196,21547280,0,0,1,,0,1,,69
Madagascar,MDG,2010,3.2863132100815173,1.8717144127656866,1635.24511473059,57.8748945101807,22183340,0,0,1,,0,1,,69
Madagascar,MDG,2011,3.631890693720625,2.3298525960554857,1614.55137773785,56.4830925951893,22822300,0,0,1,,0,1,,69
Madagascar,MDG,2012,3.816777359665925,2.6601996432602273,1617.79082882481,52.6517140811255,23462438,0,0,1,,0,1,,69
Madagascar,MDG,2013,4.861639286764609,3.0609198883985456,1610.6023078966,56.3675817900932,24109290,0,0,1,,0,1,,69
Madagascar,MDG,2014,4.829498174523207,2.971003954921398,1620.357889066,61.9694322111234,24764348,0,0,1,,0,1,,69
Madagascar,MDG,2015,4.647079954773274,3.121227954921398,1627.5806134224,61.2203788365078,25426702,0,0,1,,0,1,,69
Madagascar,MDG,2016,5.070433129788246,3.2567959549213983,1648.91226979296,60.8346984831423,26099952,0,0,1,,0,1,,69
Madagascar,MDG,2017,5.7213912866866,3.803786606561854,1669.72764267278,65.3434015072915,26788375,0,0,1,,0,1,,69
Madagascar,MDG,2018,5.276696196984785,3.6044540942652126,1678.78623269491,67.8415046683582,27494926,0,0,1,,0,1,,69
Madagascar,MDG,2019,5.75955083048122,4.146515163937106,1707.83153830039,62.6013230457128,28219554,0,0,1,,0,1,,69
Madagascar,MDG,2020,5.587787936990235,3.788075954921391,1545.72714379204,49.0107073650291,28953556,0,0,1,,0,1,,69
Madagascar,MDG,2021,6.1954066595881585,4.246075954921391,1577.43246056529,55.2158585927485,29691083,0,0,1,,0,1,,69
Madagascar,MDG,2022,6.191121041466022,4.209639766742985,1602.42805197529,70.4708546790091,30437261,0,0,1,,0,1,,69
Madagascar,MDG,2023,6.419327860798082,4.446770992965173,1629.6055225489,62.7622147594312,31195932,0,0,1,,0,1,,69
Mexico,MEX,1990,325.4668244337251,316.7457748845838,17169.5925859795,38.5196964133297,82820170,0,0,0,,0,0,,70
Mexico,MEX,1991,343.0516857413141,329.83104103112254,17511.7313112492,35.7865351574196,84430572,0,0,0,,0,0,,70
Mexico,MEX,1992,350.95359495075655,332.4533950715353,17796.4059662866,35.553495904112,86044809,0,0,0,,0,0,,70
Mexico,MEX,1993,357.8808393736495,337.7219283424001,17970.5871869693,26.1631235736702,87653807,0,0,0,,0,0,,70
Mexico,MEX,1994,370.04724112676377,351.5339109919999,18422.8199296267,29.1584721341582,89259205,0,0,0,,0,0,,70
Mexico,MEX,1995,329.8002917487532,330.9052966471998,17028.1215022837,43.6658317263397,90862455,0,0,0,,0,0,,70
Mexico,MEX,1996,345.8161715619112,341.54373596,17775.8727889128,47.7678235339067,92452702,0,0,0,,0,0,,70
Mexico,MEX,1997,382.30392332580675,362.4658843776002,18737.6426464292,46.4918755715735,94021207,0,0,0,,0,0,,70
Mexico,MEX,1998,407.3368721219643,381.10178405411443,19573.0654561328,48.0318841400179,95575245,0,0,0,,0,0,,70
Mexico,MEX,1999,419.8716045932585,386.03635537040054,19793.2852863293,48.0122495761105,97115707,0,0,0,,0,0,,70
Mexico,MEX,2000,457.07907908462226,391.4352683072007,20470.4937669158,49.9104091872497,98625552,0,0,0,,0,0,,70
Mexico,MEX,2001,461.5429495874903,407.48468241119957,20078.2183931307,44.7401090123173,100099099,0,0,0,,0,0,,70
Mexico,MEX,2002,462.29037480819017,410.30104926158185,19744.7933675609,45.209829259652,101548624,0,0,0,,0,0,,70
Mexico,MEX,2003,469.2248646722566,435.9686748424018,19701.4633898714,48.7004168690455,102978515,0,0,0,,0,0,,70
Mexico,MEX,2004,491.0931309288026,438.58843741690777,20127.2242902968,52.0406200335632,104394131,0,0,0,,0,0,,70
Mexico,MEX,2005,512.8797056593875,463.4355271844494,20277.2552852007,52.5626446570451,105811504,0,0,1,,0,0,,70
Mexico,MEX,2006,529.6285749459487,474.5225594192653,20965.8256087044,54.4821160886169,107253666,0,0,1,,0,0,,70
Mexico,MEX,2007,522.5512682369304,473.5952597354332,21102.2688338349,55.2585243990368,108774360,0,0,1,,0,0,,70
Mexico,MEX,2008,529.0865678435343,472.98128752761687,20992.5602662364,56.3652818731773,110374288,0,0,1,,0,1,,70
Mexico,MEX,2009,508.48819954830356,460.2901479298414,19385.5437251877,54.5917421356323,111999721,0,0,1,,0,1,,70
Mexico,MEX,2010,524.8277903083849,456.4089679102399,20058.3854882301,59.2733845336286,113623895,0,0,1,,0,1,,70
Mexico,MEX,2011,564.9949283855409,483.30161139029207,20457.6001677783,62.1623872764498,115243504,0,0,1,,0,1,,70
Mexico,MEX,2012,579.7908119697125,501.49227770869004,20898.935720908,64.2579318938989,116818208,0,0,1,,0,1,,70
Mexico,MEX,2013,589.6157967712545,495.4115666554139,20805.3480406564,62.6916747661852,118343573,0,0,1,,0,1,,70
Mexico,MEX,2014,586.2053997414243,484.0445326276519,21069.7661653886,64.0984090315875,119784261,0,0,1,,0,1,,70
Mexico,MEX,2015,572.3526793648558,479.4337057111975,21408.9283216195,70.4129746799259,121072306,0,0,1,,0,1,,70
Mexico,MEX,2016,572.0094924966236,478.82773964336747,21578.263354126,75.6903034088551,122251351,0,0,1,,0,1,,70
Mexico,MEX,2017,560.789666395284,464.4066228974522,21777.5225127275,76.95212604414,123400057,0,0,1,,0,1,,70
Mexico,MEX,2018,571.1995558489153,468.4206057002145,21997.7730219494,80.212661650262,124573711,0,0,1,,0,1,,70
Mexico,MEX,2019,562.9166997307932,468.23585035765365,21704.185952748,77.4619722509459,125762982,0,0,1,,0,1,,70
Mexico,MEX,2020,502.0508500955047,428.93683343032865,19728.4817827455,76.8545557151738,126799054,0,0,1,,0,1,,70
Mexico,MEX,2021,539.1192775011184,446.8375624685611,20782.5877440905,83.0692976264524,127648148,0,0,1,,0,1,,70
Mexico,MEX,2022,557.5733679701489,453.79910908357175,21391.8573698845,88.7984855897261,128613117,0,0,1,,0,1,,70
Mexico,MEX,2023,564.9691293278233,458.2538602639773,21864.9236104145,73.7390758255664,129739759,0,0,1,,0,1,,70
Malta,MLT,1990,3.2626355033554586,2.4274104992737913,18208.1055963545,164.48373762214,367908,0,0,0,,0,0,,71
Malta,MLT,1991,3.12422422244183,2.271858040061069,18832.8308204007,165.237809769569,371332,0,0,0,,0,0,,71
Malta,MLT,1992,3.2714312755455404,2.2936109982426514,19513.9107402762,170.465395838559,374795,0,0,0,,0,0,,71
Malta,MLT,1993,3.5314902809163202,2.885604286489017,20185.6644858263,178.905434820049,378217,0,0,0,,0,0,,71
Malta,MLT,1994,3.528931587769145,2.658363838574876,21127.8495305273,181.70194942775,381454,0,0,0,,0,0,,71
Malta,MLT,1995,3.8019452851803877,2.452147157468689,22311.7929397361,177.062370993843,384550,0,0,0,,0,0,,71
Malta,MLT,1996,3.490557470295352,2.5339664123152894,23003.0667186164,164.0985980519,387624,0,0,0,,0,0,,71
Malta,MLT,1997,3.300250400543614,2.556266095154002,24029.7879284425,155.659194191704,390679,0,0,0,,0,0,,71
Malta,MLT,1998,3.899456976232773,2.5249496409663355,25097.8083418163,157.046511127364,393774,0,0,0,,0,0,,71
Malta,MLT,1999,4.598532149184015,2.572876451708565,26127.0614292927,165.170976366334,396889,0,0,0,,0,0,,71
Malta,MLT,2000,6.216086372958739,2.468169818226353,31068.0784498241,189.601220243957,399895,0,0,0,,0,0,,71
Malta,MLT,2001,6.592264430767863,2.736577779323306,30602.1099973654,161.325358236484,402784,0,0,0,,0,0,,71
Malta,MLT,2002,6.764924157637677,2.747250350396191,31207.4322052709,162.524076304792,405565,0,0,0,,0,0,,71
Malta,MLT,2003,4.877159110825111,2.9608648886677598,32147.8757483202,154.574162373723,408226,0,0,0,,0,0,,71
Malta,MLT,2004,4.546970633230896,2.8491024541134315,32062.7641222076,155.889918180937,410798,0,0,0,,0,0,,71
Malta,MLT,2005,3.6420687025315606,2.6498103422860626,32776.9683721182,157.548497906438,413320,0,0,1,,0,0,,71
Malta,MLT,2006,4.009177583635701,2.6553511092914683,33420.7141096927,182.434054006847,415454,0,0,1,,0,0,,71
Malta,MLT,2007,5.128251695038176,2.7277998736516804,34981.7020970372,184.831332722969,417197,0,0,1,,0,0,,71
Malta,MLT,2008,6.8520577848996975,2.7212873420200543,36287.726099619,185.749523071551,418969,0,0,1,,0,1,,71
Malta,MLT,2009,5.641717554352333,2.5608638472191663,35512.6774555483,163.556849698349,420795,0,0,1,,0,1,,71
Malta,MLT,2010,7.269208531728379,2.619258500015511,37528.7341525511,178.232954637612,422651,0,0,1,,0,1,,71
Malta,MLT,2011,9.560284649313537,2.608195545679077,37740.8473665429,192.02734125861,424628,0,0,1,,0,1,,71
Malta,MLT,2012,8.995199884268548,2.749059486227762,38937.1487755674,199.213864790311,426611,0,0,1,,0,1,,71
Malta,MLT,2013,7.287788157964033,2.4296471614789446,40921.3167795062,187.432252396507,428452,0,0,1,,0,1,,71
Malta,MLT,2014,8.697130775330377,2.417320378286766,43163.1473000396,181.301126701735,434485,0,0,1,,0,1,,71
Malta,MLT,2015,11.17265373940109,1.697468119375366,46171.8893420758,207.196020605057,444981,0,0,1,,0,1,,71
Malta,MLT,2016,15.451702812073263,1.3758789985292703,46967.3486291212,213.35947198583,455269,0,0,1,,0,1,,71
Malta,MLT,2017,12.960674621507772,1.5372056417924793,51628.2677400365,213.047591305197,467902,0,0,1,,0,1,,71
Malta,MLT,2018,16.920149030438022,1.5477026551464625,53419.0022708322,228.098551105175,484558,0,0,1,,0,1,,71
Malta,MLT,2019,15.86750147833589,1.6491964641846266,53393.4231642463,233.070440941958,504015,0,0,1,,0,1,,71
Malta,MLT,2020,13.550029982616339,1.6008891085187715,50389.6963309289,242.361190373928,518207,0,0,1,,0,1,,71
Malta,MLT,2021,16.24972701431244,1.6114085705353063,56823.9958525022,220.072294790099,524376,0,0,1,,0,1,,71
Malta,MLT,2022,16.11872924854955,1.7742451445132863,56874.4339327368,244.581535518883,528192,0,0,1,,0,1,,71
Malta,MLT,2023,14.296406643023348,1.768002165895315,60459.7655182644,221.133296375593,532956,0,0,1,,0,1,,71
Mongolia,MNG,1990,8.915902529284487,9.791057999999987,6637.81926731198,58.6218949695306,2164573,0,0,0,,0,0,,72
Mongolia,MNG,1991,8.730895503031798,11.95979400000001,5874.25558231388,136.6037874065,2202768,0,0,0,,0,0,,72
Mongolia,MNG,1992,9.139318076619633,10.942612825142076,5324.48759689987,65.2956469006826,2239123,0,0,0,,0,0,,72
Mongolia,MNG,1993,6.041281991394626,9.193024031821798,5162.0998701038,129.742059708532,2273512,0,0,0,,0,0,,72
Mongolia,MNG,1994,5.83542113516485,7.864771999999989,5213.84632608076,99.1572950855527,2305744,0,0,0,,0,0,,72
Mongolia,MNG,1995,5.947715864668524,7.837062000000005,5457.68501570005,82.1036587592106,2335715,0,0,0,,0,0,,72
Mongolia,MNG,1996,7.154143147840982,7.935413638709689,5494.32133981897,77.9740756901741,2363465,0,0,0,,0,0,,72
Mongolia,MNG,1997,6.294347748000133,7.615103338461538,5628.10663484223,99.9914490021753,2389128,0,0,0,,0,0,,72
Mongolia,MNG,1998,6.621636720202936,7.621516,5735.84383645771,107.351210779428,2412784,0,0,0,,0,0,,72
Mongolia,MNG,1999,7.2763804721265455,7.487591999999993,5829.16641455929,112.241338547745,2434040,0,0,0,,0,0,,72
Mongolia,MNG,2000,7.386209532578667,7.431864340886681,5818.24307842901,121.886609754208,2455182,0,0,0,,0,0,,72
Mongolia,MNG,2001,7.861628724498867,7.803958238497666,5917.07088396343,115.81832687888,2477700,0,0,0,,0,0,,72
Mongolia,MNG,2002,8.148769323283448,8.196568000000006,6117.9824222592,118.517253113943,2500075,0,0,0,,0,0,,72
Mongolia,MNG,2003,8.445309649981269,7.934596000000019,6463.78966651762,120.299393514881,2521805,0,0,0,,0,0,,72
Mongolia,MNG,2004,8.656258370286393,8.501100000000003,7070.667158451,131.329318233554,2542793,0,0,0,,0,0,,72
Mongolia,MNG,2005,8.936795772177435,8.515105999999985,7499.84803935428,122.381459889773,2563461,0,0,1,,0,0,,72
Mongolia,MNG,2006,9.700310880240147,9.281176000000011,8043.99678108557,112.929983096983,2584756,0,0,1,,0,0,,72
Mongolia,MNG,2007,12.383556895479304,11.957831999999991,8750.13407442299,117.880426425377,2607965,0,0,1,,0,0,,72
Mongolia,MNG,2008,13.24546654177445,11.917790938172876,9379.85489687765,121.198013401183,2634424,0,0,1,,0,1,,72
Mongolia,MNG,2009,13.656490915320973,13.030045999999986,9095.9769892529,107.813757166177,2665326,0,0,1,,0,1,,72
Mongolia,MNG,2010,14.923991643438502,13.772353183782327,9507.118823625,103.350031656557,2701732,0,0,1,,0,1,,72
Mongolia,MNG,2011,23.80534743262533,21.367835864290626,10960.0959283864,126.999228633482,2745180,0,0,1,,0,1,,72
Mongolia,MNG,2012,35.85543929487762,34.996204814746285,12078.9185320062,109.588564338415,2795459,0,0,1,,0,1,,72
Mongolia,MNG,2013,43.677669209600836,43.47804291372155,13210.0945665668,100.311989662943,2851881,0,0,1,,0,1,,72
Mongolia,MNG,2014,29.286244066401622,29.62978568391693,13943.4277148653,109.322311877187,2913039,0,0,1,,0,1,,72
Mongolia,MNG,2015,23.495372698855487,23.27863638683565,13974.5967260365,89.653663477814,2976526,0,0,1,,0,1,,72
Mongolia,MNG,2016,23.63454230941662,25.629115477424946,13898.1456953585,101.055237224997,3040812,0,0,1,,0,1,,72
Mongolia,MNG,2017,30.16945997694402,34.13898660046563,14401.5375067562,115.932901867963,3104364,0,0,1,,0,1,,72
Mongolia,MNG,2018,40.78332129944282,45.31930989591976,15230.2408828847,126.355873241513,3167706,0,0,1,,0,1,,72
Mongolia,MNG,2019,41.577180919490516,47.118988875912315,15790.6961126441,124.396514621165,3232113,0,0,1,,0,1,,72
Mongolia,MNG,2020,37.54267662722952,42.477501403474626,14801.3420829185,112.838647629317,3290785,0,0,1,,0,1,,72
Mongolia,MNG,2021,33.55677573948358,35.971700277372264,14792.2509086422,119.098078437771,3339674,0,0,1,,0,1,,72
Mongolia,MNG,2022,36.485499649832384,40.44316687307234,15310.4349469163,136.327929944516,3386015,0,0,1,,0,1,,72
Mongolia,MNG,2023,36.60468147500797,44.18366102306876,16222.8638898529,142.864246599181,3431932,0,0,1,,0,1,,72
Mozambique,MOZ,1990,1.619723995218629,1.025375686885279,547.622781432196,,13094537,0,0,0,,0,0,,73
Mozambique,MOZ,1991,1.4964250785973663,0.9414643801273166,563.512103416232,49.4808133334293,13352090,0,0,0,,0,0,,73
Mozambique,MOZ,1992,1.6030083972392302,1.027206454632725,510.82282292831,59.3371692453075,13613316,0,0,0,,0,0,,73
Mozambique,MOZ,1993,1.7034935803018223,1.1403255391021243,549.048759770955,55.2402685663295,14051192,0,0,0,,0,0,,73
Mozambique,MOZ,1994,1.6921986363047221,1.0980341576053663,546.209688164263,58.7422249366162,15033853,0,0,0,,0,0,,73
Mozambique,MOZ,1995,1.758397862827219,1.1309727817753261,525.418671837499,63.7735360253924,15960530,0,0,0,,0,0,,73
Mozambique,MOZ,1996,1.234939367373181,1.0918142178358548,562.857456341656,51.0292925616374,16492480,0,0,0,,0,0,,73
Mozambique,MOZ,1997,1.3754220762072422,1.170236777089227,612.371551265915,43.2986819731024,16949982,0,0,0,,0,0,,73
Mozambique,MOZ,1998,1.3641512514976795,1.1118953784743852,660.650177820748,39.0075460593046,17340464,0,0,0,,0,0,,73
Mozambique,MOZ,1999,1.6398661622703254,1.168343002438586,722.305561379979,45.5276131355411,17734506,0,0,0,,0,0,,73
Mozambique,MOZ,2000,4.156097443646392,1.3219445618130465,711.976393527396,47.9208808015891,18129653,0,0,0,,0,0,,73
Mozambique,MOZ,2001,4.672107889660804,1.5539941950891414,785.790173616246,50.4153095777265,18537729,0,0,0,,0,0,,73
Mozambique,MOZ,2002,4.572746629078681,1.5370565770851057,842.645266172761,73.309162757423,18958338,0,0,0,,0,0,,73
Mozambique,MOZ,2003,5.422219708804355,1.8555170839521125,883.239121472194,70.1683599479183,19392475,0,0,0,,0,0,,73
Mozambique,MOZ,2004,5.4572337028611875,1.8639728445869326,934.133964844421,72.0520001612374,19840313,0,0,0,,0,0,,73
Mozambique,MOZ,2005,6.176139026316359,1.7696981166424937,970.38995609863,72.0092609780982,20304569,0,0,1,,0,0,,73
Mozambique,MOZ,2006,5.971086528730893,1.915621942836734,1041.80471709595,67.3498976872689,20787087,0,0,1,,0,0,,73
Mozambique,MOZ,2007,7.08410662215877,2.188942984114498,1095.12568701598,66.1203821840516,21287635,0,0,1,,0,0,,73
Mozambique,MOZ,2008,8.35840507936194,2.179851786280385,1141.94256161019,64.981416499828,21819036,0,0,1,,0,1,,73
Mozambique,MOZ,2009,8.133007564321652,2.439006174675638,1178.70909947834,67.898572768141,22391745,0,0,1,,0,1,,73
Mozambique,MOZ,2010,7.833326254575353,2.637634761486001,1224.23020471309,73.8373532681892,22999235,0,0,1,,0,1,,73
Mozambique,MOZ,2011,10.431326683603707,3.106627868750765,1275.52959822581,84.4062119333019,23649039,0,0,1,,0,1,,73
Mozambique,MOZ,2012,10.08499604200295,3.05174206664675,1338.51594866104,105.934588060511,24337846,0,0,1,,0,1,,73
Mozambique,MOZ,2013,15.05667242336266,3.5786635473000037,1385.83254864214,109.38537659913,25051611,0,0,1,,0,1,,73
Mozambique,MOZ,2014,19.676994584013833,8.118426351985912,1449.92926632722,116.356855242217,25788475,0,0,1,,0,1,,73
Mozambique,MOZ,2015,16.124413521646385,6.730549242461089,1512.5997455554,98.7612036510901,26547572,0,0,1,,0,1,,73
Mozambique,MOZ,2016,15.628328046692316,8.547749375067381,1537.90853271216,110.394358201481,27337105,0,0,1,,0,1,,73
Mozambique,MOZ,2017,12.613692966980642,6.905361593479741,1532.0073576114,105.745640702087,28166393,0,0,1,,0,1,,73
Mozambique,MOZ,2018,12.495447601035453,7.01011640758114,1538.83512127022,124.607457525372,29018644,0,0,1,,0,1,,73
Mozambique,MOZ,2019,12.95070075586296,7.097435417775731,1528.88988354373,105.591171401921,29884380,0,0,1,,0,1,,73
Mozambique,MOZ,2020,12.171908136006035,6.340352540513128,1466.12476474476,99.906146051979,30783688,0,0,1,,0,1,,73
Mozambique,MOZ,2021,13.788142259185102,7.72203918858514,1457.23540930922,112.078964458333,31707800,0,0,1,,0,1,,73
Mozambique,MOZ,2022,14.822352656603085,9.295685935339764,1476.73432917026,135.274535098995,32656246,0,0,1,,0,1,,73
Mozambique,MOZ,2023,14.428027436389343,9.093455837936121,1512.66729609671,106.026083626657,33635160,0,0,1,,0,1,,73
Mauritius,MUS,1990,1.9628119854148063,1.4619360000000001,8986.03307171492,135.290500660691,1089024,0,0,0,,0,0,,74
Mauritius,MUS,1991,2.033490915051001,1.52056,9283.84516043242,126.648911355451,1103041,0,0,0,,0,0,,74
Mauritius,MUS,1992,2.285761491878771,1.707424,9759.21929141358,120.232699481499,1117670,0,0,0,,0,0,,74
Mauritius,MUS,1993,2.3586118082322303,1.773376,10134.3273767613,120.896356052865,1132393,0,0,0,,0,0,,74
Mauritius,MUS,1994,2.3780824513142296,1.6231520000000002,10406.771389602,120.560175858082,1146548,0,0,0,,0,0,,74
Mauritius,MUS,1995,2.5317179120988937,1.828336,10760.058004935,118.148720557781,1159821,0,0,0,,0,0,,74
Mauritius,MUS,1996,2.625221387464357,1.949248,11245.7059722003,126.159212478576,1172383,0,0,0,,0,0,,74
Mauritius,MUS,1997,2.861600162287639,1.9968800000000002,11737.4151476327,126.107505043338,1184299,0,0,0,,0,0,,74
Mauritius,MUS,1998,3.019293490889687,2.169088,12319.8866544456,130.442832961932,1195105,0,0,0,,0,0,,74
Mauritius,MUS,1999,2.976510521249057,2.425568,12481.8622000201,128.954991253643,1205891,0,0,0,,0,0,,74
Mauritius,MUS,2000,4.611460756819958,2.689376,13373.655799097,120.687648773646,1216629,0,0,0,,0,0,,74
Mauritius,MUS,2001,4.529426741983278,2.861584,13712.5793901042,128.05457898019,1225801,0,0,0,,0,0,,74
Mauritius,MUS,2002,4.7500060923431,2.8835680000000004,13837.6258025605,118.230470380251,1234085,0,0,0,,0,0,,74
Mauritius,MUS,2003,5.153598021045639,3.05944,14551.8784442579,108.655579313428,1242099,0,0,0,,0,0,,74
Mauritius,MUS,2004,5.485259330726885,3.088752,15087.0687832797,107.027698267505,1249800,0,0,0,,0,0,,74
Mauritius,MUS,2005,5.115634239260876,3.2939360000000004,15264.5981839157,121.608743996836,1257215,0,0,1,,0,0,,74
Mauritius,MUS,2006,5.679183976233563,3.62736,15932.8192222795,124.782280192468,1263781,0,0,1,,0,0,,74
Mauritius,MUS,2007,5.699966582255935,3.6859840000000004,16774.5685137565,118.623600490745,1269518,0,0,1,,0,0,,74
Mauritius,MUS,2008,6.278956982459498,3.766592,17627.1121948078,113.493057748566,1274635,0,0,1,,0,1,,74
Mauritius,MUS,2009,5.630761621103227,3.707968,18171.6870025783,102.458365840232,1278972,0,0,1,,0,1,,74
Mauritius,MUS,2010,5.668650440894826,3.913152,18925.5713852829,111.508202075575,1282709,0,0,1,,0,1,,74
Mauritius,MUS,2011,5.951327452591554,3.916816,19678.6022639733,115.552473002804,1286267,0,0,1,,0,1,,74
Mauritius,MUS,2012,5.847306320478122,3.9644480000000004,20313.0328941469,117.447639083027,1289170,0,0,1,,0,1,,74
Mauritius,MUS,2013,6.129267379221019,4.06704,20952.3775734986,136.552117959236,1290984,0,0,1,,0,1,,74
Mauritius,MUS,2014,6.436421700549302,4.206272,21721.3096444788,135.099064765426,1292005,0,0,1,,0,1,,74
Mauritius,MUS,2015,5.957507120555486,4.209936,22499.0254570551,133.135069083677,1292275,0,0,1,,0,1,,74
Mauritius,MUS,2016,6.430973589570183,4.34184,23357.230006621,126.310008998042,1291803,0,0,1,,0,1,,74
Mauritius,MUS,2017,6.96692989524945,4.539696,24258.988821567,126.964059884888,1290655,0,0,1,,0,1,,74
Mauritius,MUS,2018,7.300067846171558,4.455424,25243.886462031,123.538984386544,1288833,0,0,1,,0,1,,74
Mauritius,MUS,2019,7.327503879682959,4.525040000000001,25958.4900281465,127.940899064133,1286270,0,0,1,,0,1,,74
Mauritius,MUS,2020,6.674527509608541,3.799568,22272.5398696677,121.12522550435,1283223,0,0,1,,0,1,,74
Mauritius,MUS,2021,7.3429608705851805,3.968112,23010.2013826906,135.19300461461,1279623,0,0,1,,0,1,,74
Mauritius,MUS,2022,7.72804894707707,4.31674128703072,25005.0666145723,147.663795034012,1276130,0,0,1,,0,1,,74
Mauritius,MUS,2023,7.913257458181261,4.587621200112005,26471.0351422892,147.321392128852,1273588,0,0,1,,0,1,,74
Malawi,MWI,1990,0.6947215871958845,0.7369055879482018,1047.46436351132,,9545852,0,0,0,,0,0,,75
Malawi,MWI,1991,0.7439623133320322,0.7873548355415866,1104.3904622212,,9844227,0,0,0,,0,0,,75
Malawi,MWI,1992,0.7541760375387603,0.7870888783624874,994.036504790471,,10135079,0,0,0,,0,0,,75
Malawi,MWI,1993,0.8615443802297247,0.8785764862905598,1074.58485213269,,10284024,0,0,0,,0,0,,75
Malawi,MWI,1994,0.8279303489285119,0.9017499999999999,975.849640143399,,10164894,0,0,0,,0,0,,75
Malawi,MWI,1995,0.8305937900743293,0.9030899999999983,1140.75609365079,,10150117,0,0,0,,0,0,,75
Malawi,MWI,1996,1.0485823322417216,0.9195299999999992,1200.32058232422,,10352228,0,0,0,,0,0,,75
Malawi,MWI,1997,1.0325265872695868,0.9182220000000002,1221.09404555353,,10562035,0,0,0,,0,0,,75
Malawi,MWI,1998,1.029101717047016,0.9017540000000008,1241.52433181826,,10792876,0,0,0,,0,0,,75
Malawi,MWI,1999,1.14166004412964,0.8932639999999982,1249.77523298871,,11047804,0,0,0,,0,0,,75
Malawi,MWI,2000,0.7979134160664844,0.8539820000000005,1239.39174838676,,11315942,0,0,0,,0,0,,75
Malawi,MWI,2001,0.7158298936043416,0.7772882205397768,1149.58039601898,,11593058,0,0,0,,0,0,,75
Malawi,MWI,2002,0.8199167098071674,0.8562354210027169,1140.84274642418,,11880440,0,0,0,,0,0,,75
Malawi,MWI,2003,0.9075376468318871,0.9148351852887763,1176.12385998737,,12181574,0,0,0,,0,0,,75
Malawi,MWI,2004,0.8112385720880013,0.9016781685554018,1208.2196975075,,12500737,0,0,0,,0,0,,75
Malawi,MWI,2005,0.7596244298216015,0.8453188618090034,1214.7426419188,,12840031,0,0,1,,0,0,,75
Malawi,MWI,2006,0.8314950559568564,0.8513284631978276,1237.27386519947,,13198701,0,0,1,,0,0,,75
Malawi,MWI,2007,0.7837728875927304,0.9191793609281611,1318.33196397214,,13576343,0,0,1,,0,0,,75
Malawi,MWI,2008,0.8775003865862452,0.998705378277153,1378.42886690465,,13976417,0,0,1,,0,1,,75
Malawi,MWI,2009,0.8077657431527941,1.0176050484408927,1449.72601522136,,14395788,0,0,1,,0,1,,75
Malawi,MWI,2010,0.8336353659265034,0.972162288727073,1504.37514113215,,14826463,0,0,1,,0,1,,75
Malawi,MWI,2011,0.8748104591151465,1.033843661346063,1533.22889572405,,15265022,0,0,1,,0,1,,75
Malawi,MWI,2012,0.9310346850105665,1.0407510859494282,1518.14803849238,,15709577,0,0,1,,0,1,,75
Malawi,MWI,2013,0.7397980694494947,1.1202294729870919,1555.50607410511,,16161816,0,0,1,,0,1,,75
Malawi,MWI,2014,0.6688540859473111,1.0151112869428216,1597.56484331405,,16621538,0,0,1,,0,1,,75
Malawi,MWI,2015,0.7091489715064434,1.0499090721338413,1597.69145324855,,17085587,0,0,1,,0,1,,75
Malawi,MWI,2016,0.968369873174387,1.1724402942877927,1593.59549264808,,17557739,0,0,1,,0,1,,75
Malawi,MWI,2017,0.9211944396701477,1.1930330723886513,1613.0593571462,45.3003137160008,18039715,0,0,1,,0,1,,75
Malawi,MWI,2018,2.6587420362252794,1.6900485724842031,1638.91665761076,43.578773489,18528081,0,0,1,,0,1,,75
Malawi,MWI,2019,2.7108963637722896,1.695353900547891,1687.28944917892,44.1954524635798,19025752,0,0,1,,0,1,,75
Malawi,MWI,2020,2.933069156945688,1.8680498595544297,1656.43985192533,41.0323429397328,19533888,0,0,1,,0,1,,75
Malawi,MWI,2021,2.940920645470247,1.682494788034855,1687.59358179651,44.5957618170542,20047258,0,0,1,,0,1,,75
Malawi,MWI,2022,3.196546229774473,1.8013877993217482,1659.95933825168,43.616624856781,20568728,0,0,1,,0,1,,75
Malawi,MWI,2023,3.232887865934012,1.8525684568396519,1649.29873234551,42.4376683990967,21104482,0,0,1,,0,1,,75
Malaysia,MYS,1990,72.20612393223725,54.26936400000001,12013.6969483112,146.888252533989,17833171,0,0,0,,0,0,,76
Malaysia,MYS,1991,79.12841748131733,65.78513399999996,12795.0498964228,159.311447263255,18342464,0,0,0,,0,0,,76
Malaysia,MYS,1992,88.75793356238613,72.96101599999987,13567.8936121181,150.611220981935,18834572,0,0,0,,0,0,,76
Malaysia,MYS,1993,93.87756190811723,86.61238102499594,14533.790397007,157.940462501597,19322664,0,0,0,,0,0,,76
Malaysia,MYS,1994,94.68952275128699,87.49742695999988,15474.0144648307,179.904942673986,19820446,0,0,0,,0,0,,76
Malaysia,MYS,1995,105.31768503642694,109.59520674399984,16568.5160590209,192.113200253514,20330599,0,0,0,,0,0,,76
Malaysia,MYS,1996,104.45518413624853,110.10847772800001,17771.7118795056,181.766982485457,20850087,0,0,0,,0,0,,76
Malaysia,MYS,1997,114.65902958470622,118.47134643835841,18604.514527465,185.66511116237,21375218,0,0,0,,0,0,,76
Malaysia,MYS,1998,79.25545498194403,109.78168196399984,16817.1719190401,209.492202808189,21906713,0,0,0,,0,0,,76
Malaysia,MYS,1999,94.06256805840779,103.98654973199984,17428.6256563043,217.570919391949,22435531,0,0,0,,0,0,,76
Malaysia,MYS,2000,106.54266565757683,122.88138768400006,18532.9096706227,220.406788982074,22967816,0,0,0,,0,0,,76
Malaysia,MYS,2001,112.65522478834376,130.89003830983296,18186.4411330146,203.364636010653,23526538,0,0,0,,0,0,,76
Malaysia,MYS,2002,119.25743892006624,132.03523126000002,18708.8694877279,199.356232695655,24102477,0,0,0,,0,0,,76
Malaysia,MYS,2003,130.1530593625178,153.3843366840002,19329.0062757538,194.195129056831,24679602,0,0,0,,0,0,,76
Malaysia,MYS,2004,139.88002618228407,169.67438552950725,20168.5062099425,210.374265897124,25256772,0,0,0,,0,0,,76
Malaysia,MYS,2005,142.87784300853394,169.97832300400015,20767.5857243346,203.854644595624,25836071,0,0,1,,0,0,,76
Malaysia,MYS,2006,145.40168270689924,170.16644721599997,21444.4857715028,202.577146840398,26417909,0,0,1,,0,0,,76
Malaysia,MYS,2007,157.30364490272203,175.4544570192092,22305.118263117,192.465506357652,26998389,0,0,1,,0,0,,76
Malaysia,MYS,2008,171.87379134896887,192.84706229639616,22898.0027575442,176.668324785148,27570059,0,0,1,,0,1,,76
Malaysia,MYS,2009,164.96175784141727,192.12274277600002,22106.6417311801,162.558970452699,28124778,0,0,1,,0,1,,76
Malaysia,MYS,2010,186.8870898696305,199.34640914517925,23307.9698543785,157.944764886771,28655776,0,0,1,,0,1,,76
Malaysia,MYS,2011,200.00063094845356,203.45277212186036,24115.8181203958,154.937684607226,29162039,0,0,1,,0,1,,76
Malaysia,MYS,2012,222.5315497699464,212.99363965972103,25006.3587781537,147.841754766013,29662831,0,0,1,,0,1,,76
Malaysia,MYS,2013,251.03751342140905,241.67108398490694,25736.3525554142,142.720991464873,30174265,0,0,1,,0,1,,76
Malaysia,MYS,2014,253.4093218815271,245.05337724879803,26818.4317281659,138.312231176843,30696137,0,0,1,,0,1,,76
Malaysia,MYS,2015,235.85696004564926,235.9417567084052,27699.6278860387,131.37007244526,31232798,0,0,1,,0,1,,76
Malaysia,MYS,2016,242.86761747022604,237.29389137963176,28425.3707609412,126.8990100257,31789685,0,0,1,,0,1,,76
Malaysia,MYS,2017,246.36071773650295,244.45709178917048,29551.5457597197,133.155173371956,32355644,0,0,1,,0,1,,76
Malaysia,MYS,2018,265.96452007627886,262.6470724583076,30459.9655338061,130.402625502126,32910967,0,0,1,,0,1,,76
Malaysia,MYS,2019,275.23177212871354,277.67287439448705,31300.5086554849,123.028562027943,33440596,0,0,1,,0,1,,76
Malaysia,MYS,2020,262.96020815901204,262.1588233112161,29200.452632127,116.788182437638,33889558,0,0,1,,0,1,,76
Malaysia,MYS,2021,274.1320465827057,273.33216179050663,29822.8491831618,134.035994690727,34282399,0,0,1,,0,1,,76
Malaysia,MYS,2022,283.79856398836796,281.8838084109059,32129.2217820113,146.424604753908,34695493,0,0,1,,0,1,,76
Malaysia,MYS,2023,286.50815746796115,276.2967424939337,32857.6676600774,132.593461641599,35126298,0,0,1,,0,1,,76
Namibia,NAM,1991,1.04424,1.04424,7618.33278184449,93.8647252200558,1415684,0,0,0,,0,0,,77
Namibia,NAM,1992,1.139504,1.139504,7911.01025804281,91.9734600107459,1461322,0,0,0,,0,0,,77
Namibia,NAM,1993,1.374,1.374,7541.56081791845,96.0955780096704,1508697,0,0,0,,0,0,,77
Namibia,NAM,1994,1.557182798122065,1.557182798122065,7437.33529036109,89.4936808345247,1556304,0,0,0,,0,0,,77
Namibia,NAM,1995,1.619488,1.619488,7506.10484034086,93.5608471865094,1602170,0,0,0,,0,0,,77
Namibia,NAM,1996,1.718416,1.718416,7538.92462342201,96.5442239771745,1646103,0,0,0,,0,0,,77
Namibia,NAM,1997,1.8137237928286851,1.8137237928286851,7656.32512542986,92.8410903733921,1689264,0,0,0,,0,0,,77
Namibia,NAM,1998,1.8649760000000002,1.8649760000000002,7709.89004370134,92.1305009296504,1732745,0,0,0,,0,0,,77
Namibia,NAM,1999,1.7404,1.7404,7773.94354148714,91.1002051465947,1776368,0,0,0,,0,0,,77
Namibia,NAM,2000,1.6320505519843347,1.718416,7858.38789521253,85.1322442947268,1818647,0,0,0,,0,0,,77
Namibia,NAM,2001,2.1512971874731157,2.231376,7786.54169496761,88.5841018380245,1857048,0,0,0,,0,0,,77
Namibia,NAM,2002,1.8225669321163336,1.971232,8017.28134128559,94.4152228948906,1889970,0,0,0,,0,0,,77
Namibia,NAM,2003,1.9141757737199987,2.092144,8237.36597245597,95.9524743817213,1917464,0,0,0,,0,0,,77
Namibia,NAM,2004,2.1935208495339173,2.2387040000000002,9130.82442337694,81.8622605916543,1942082,0,0,0,,0,0,,77
Namibia,NAM,2005,2.519500313625968,2.531824,9245.1365329555,80.6803802939816,1966582,0,0,1,,0,0,,77
Namibia,NAM,2006,2.27543759124538,2.524496,9773.29833199798,86.8339693259998,1991888,0,0,1,,0,0,,77
Namibia,NAM,2007,2.4966100677783833,2.3266400000000003,10162.2400708746,104.979303758915,2018600,0,0,1,,0,0,,77
Namibia,NAM,2008,3.3637958646159483,2.85792,10286.5124067605,119.644498184785,2047056,0,0,1,,0,1,,77
Namibia,NAM,2009,2.9133622454845063,2.660064,10166.2899453939,123.762844292976,2077394,0,0,1,,0,1,,77
Namibia,NAM,2010,9.31588748114875,2.788304,10614.6201576671,108.072477173606,2109811,0,0,1,,0,1,,77
Namibia,NAM,2011,9.205243484898212,2.785548707732636,10965.2729759535,102.189147754138,2146325,0,0,1,,0,1,,77
Namibia,NAM,2012,9.135081503616743,3.1940640000000013,11266.6089486464,100.2134087743,2194654,0,0,1,,0,1,,77
Namibia,NAM,2013,9.476098308402666,3.003743999999998,11593.5753768689,97.7249042303832,2252508,0,0,1,,0,1,,77
Namibia,NAM,2014,11.26700525774848,3.0991392985781996,11982.6963648348,103.080137009254,2312139,0,0,1,,0,1,,77
Namibia,NAM,2015,10.777289329340357,3.3936597281553387,12166.5658392058,97.2390317873478,2374300,0,0,1,,0,1,,77
Namibia,NAM,2016,11.3277779554864,3.582204000000001,11846.7880832757,93.966187960162,2439213,0,0,1,,0,1,,77
Namibia,NAM,2017,9.275401660893316,3.5896091428164127,11408.7253099967,81.2196661011436,2506853,0,0,1,,0,1,,77
Namibia,NAM,2018,9.188446561158383,3.635036832391723,11214.38604306,81.7138652963804,2577327,0,0,1,,0,1,,77
Namibia,NAM,2019,9.3441080028631,3.730076698143617,10813.3044681944,82.9011507426355,2650494,0,0,1,,0,1,,77
Namibia,NAM,2020,8.791347059435521,3.4404214065656125,9652.24827219463,76.9252424036465,2728762,0,0,1,,0,1,,77
Namibia,NAM,2021,9.810378206762321,3.6077994724768176,9709.09930646771,83.5443030923624,2810548,0,0,1,,0,1,,77
Namibia,NAM,2022,9.76265353149949,3.4138480878650914,9953.09752403491,99.2625547814064,2889662,0,0,1,,0,1,,77
Namibia,NAM,2023,9.645511889625649,3.442663893986207,10126.2359555611,109.8175996703,2963095,0,0,1,,0,1,,77
Nigeria,NGA,1990,36.87679567209933,38.78559900812056,5423.80689586993,,97120925,0,0,0,,0,0,,78
Nigeria,NGA,1991,38.77207654631112,41.84145287283649,5301.3634227925,,99720162,0,0,0,,0,0,,78
Nigeria,NGA,1992,42.61498721236984,46.161513072411296,5403.15311796788,,102372770,0,0,0,,0,0,,78
Nigeria,NGA,1993,42.55141177069887,44.70457251922276,5154.7575789977,,105122069,0,0,0,,0,0,,78
Nigeria,NGA,1994,77.1621314973349,80.3601840473427,4929.26827912601,,107935714,0,0,0,,0,0,,78
Nigeria,NGA,1995,75.37496429848548,84.23039796945697,4797.5115213682,,110819428,0,0,0,,0,0,,78
Nigeria,NGA,1996,88.98797640960044,97.76747021653692,4869.82113323478,,113754779,0,0,0,,0,0,,78
Nigeria,NGA,1997,87.25996172859406,95.64894912001505,4884.0474326173,,116754792,0,0,0,,0,0,,78
Nigeria,NGA,1998,86.14804456323053,86.33821401993987,4880.87997109799,,119846254,0,0,0,,0,0,,78
Nigeria,NGA,1999,63.58404629996118,84.83770410183155,4781.67310983975,,123047320,0,0,0,,0,0,,78
Nigeria,NGA,2000,49.5789565834639,96.83104154519985,4889.00321921229,,126382494,0,0,0,,0,0,,78
Nigeria,NGA,2001,70.63722808845185,100.21815496800005,5039.54869754112,,129862595,0,0,0,,0,0,,78
Nigeria,NGA,2002,71.26260258772976,89.9063126705877,5654.89706044216,,133471989,0,0,0,,0,0,,78
Nigeria,NGA,2003,75.7757331765801,100.02968397800005,5905.31482781101,,137202644,0,0,0,,0,0,,78
Nigeria,NGA,2004,80.49562861922992,94.96183469400002,6275.29894506434,,141057045,0,0,0,,0,0,,78
Nigeria,NGA,2005,89.84461567077697,101.66603102958838,6496.93228175977,,145017253,0,0,1,,0,0,,78
Nigeria,NGA,2006,65.90389525233442,90.09715015799995,6702.94533333874,,149077334,0,0,1,,0,0,,78
Nigeria,NGA,2007,76.54433723431215,82.17002594799982,6949.42650711567,,153267261,0,0,1,,0,0,,78
Nigeria,NGA,2008,82.5791467603354,86.48885527899981,7215.76946195762,,157595014,0,0,1,,0,1,,78
Nigeria,NGA,2009,93.44349000021703,77.03137952200002,7581.40572089092,,162049464,0,0,1,,0,1,,78
Nigeria,NGA,2010,113.88855145380589,112.04979520800016,7962.63957281031,,166642886,0,0,1,,0,1,,78
Nigeria,NGA,2011,120.6360963137984,126.11548235778102,8153.53178650271,,171379598,0,0,1,,0,1,,78
Nigeria,NGA,2012,103.87794333148086,110.12454774023239,8265.90551181051,,176200625,0,0,1,,0,1,,78
Nigeria,NGA,2013,132.28685582913508,117.40079343800406,8581.20782264031,,181049443,0,0,1,,0,1,,78
Nigeria,NGA,2014,138.47091601093672,123.97123753762763,8884.77428628672,,185896915,0,0,1,,0,1,,78
Nigeria,NGA,2015,128.3912979387964,110.52458616735734,8892.05798673631,,190671878,0,0,1,,0,1,,78
Nigeria,NGA,2016,125.33168210623863,116.395998523515,8534.69281482375,,195443700,0,0,1,,0,1,,78
Nigeria,NGA,2017,118.61193070654492,112.54036388515789,8396.78452243227,,200254579,0,0,1,,0,1,,78
Nigeria,NGA,2018,113.88467633546728,106.78573195623707,8362.62330860296,,204938755,0,0,1,,0,1,,78
Nigeria,NGA,2019,132.29390118428464,127.85929961594519,8361.78664836,,209485641,0,0,1,,0,1,,78
Nigeria,NGA,2020,137.17826660958255,124.89929603516869,7664.21099575168,,213996181,0,0,1,,0,1,,78
Nigeria,NGA,2021,157.12731653729875,147.77662874971247,7588.47885587002,,218529286,0,0,1,,0,1,,78
Nigeria,NGA,2022,139.59822655639735,131.44093175671856,7752.26206495247,,223150896,0,0,1,,0,1,,78
Nigeria,NGA,2023,133.28394014640466,129.37609171847188,7843.00399007675,,227882945,0,0,1,,0,1,,78
Nicaragua,NIC,1990,2.342117023004597,2.0425802409009735,4217.60862404171,71.2908140830956,4162559,0,0,0,,0,0,,79
Nicaragua,NIC,1991,2.349531420186596,1.9844614023730576,4113.68724441326,74.327973742158,4259637,0,0,0,,0,0,,79
Nicaragua,NIC,1992,2.9003907123264066,2.370025411508607,4037.27523925249,70.5176260597947,4357026,0,0,0,,0,0,,79
Nicaragua,NIC,1993,2.7175455024205872,2.2796131514910654,3934.09251375615,68.285966789153,4453732,0,0,0,,0,0,,79
Nicaragua,NIC,1994,2.8768489869329485,2.5141021394397822,3979.9850907218,39.0812162921941,4549316,0,0,0,,0,0,,79
Nicaragua,NIC,1995,3.0679295848258716,2.7505043142122005,4130.28587120845,44.0397944057464,4642931,0,0,0,,0,0,,79
Nicaragua,NIC,1996,3.137463201719394,2.8416224559678156,4311.49290177286,48.4828382973154,4729974,0,0,0,,0,0,,79
Nicaragua,NIC,1997,3.389280810050613,3.107986840005432,4408.32862712595,58.0055306487605,4809573,0,0,0,,0,0,,79
Nicaragua,NIC,1998,3.7819583131328907,3.385654830289013,4502.59808761279,57.0137150680369,4883655,0,0,0,,0,0,,79
Nicaragua,NIC,1999,4.1597983426581795,3.590062162335299,4750.94857427409,62.5376445208417,4954018,0,0,0,,0,0,,79
Nicaragua,NIC,2000,4.3607761448164775,3.7097261584980825,4878.2474679883,61.2984974600022,5022633,0,0,0,,0,0,,79
Nicaragua,NIC,2001,4.588057938489683,3.9094715876936967,4958.32740448527,57.9801315472268,5087825,0,0,0,,0,0,,79
Nicaragua,NIC,2002,4.569672643285646,3.9755887450133565,4935.48508468148,58.0912844080785,5149909,0,0,0,,0,0,,79
Nicaragua,NIC,2003,5.118142310936177,4.31042621984389,5000.61145616409,62.1750658877514,5210963,0,0,0,,0,0,,79
Nicaragua,NIC,2004,5.318640516397631,4.36225596933028,5204.38170601052,67.195316780004,5272912,0,0,0,,0,0,,79
Nicaragua,NIC,2005,5.18884365825843,4.253187601064858,5356.95817825808,71.6457237072991,5342105,0,0,1,,0,0,,79
Nicaragua,NIC,2006,5.714666662429112,4.406582666267705,5500.40543544526,87.309670832079,5418855,0,0,1,,0,0,,79
Nicaragua,NIC,2007,6.0903137378876355,4.539816234301394,5697.2107429964,93.025730229333,5497243,0,0,1,,0,0,,79
Nicaragua,NIC,2008,5.858436421682314,4.353261096744335,5809.09928522386,96.7939847302055,5576593,0,0,1,,0,1,,79
Nicaragua,NIC,2009,5.5771264289955145,4.432130608826404,5538.36555049931,86.9936104453444,5656601,0,0,1,,0,1,,79
Nicaragua,NIC,2010,5.433796585673795,4.453062512903398,5701.12754906379,100.364058423919,5737450,0,0,1,,0,1,,79
Nicaragua,NIC,2011,5.594964772366653,4.788554391830807,5976.25247519395,111.827453935999,5819051,0,0,1,,0,1,,79
Nicaragua,NIC,2012,5.8248846597135415,4.533836310720192,6275.78730248003,115.177288474198,5901287,0,0,1,,0,1,,79
Nicaragua,NIC,2013,6.2054610418559255,4.585682360276981,6494.14920922407,110.984207880382,5983845,0,0,1,,0,1,,79
Nicaragua,NIC,2014,6.5929313376017005,4.719788004753524,6712.21708286288,106.698200190796,6066492,0,0,1,,0,1,,79
Nicaragua,NIC,2015,7.669824406535736,5.408233033596577,6939.03243274344,98.194164594236,6149417,0,0,1,,0,1,,79
Nicaragua,NIC,2016,7.7636915998461635,5.378534062439631,7158.75755467501,93.8137278130087,6232666,0,0,1,,0,1,,79
Nicaragua,NIC,2017,7.57566805354713,5.440822062439631,7391.19638215265,96.3805864351182,6316231,0,0,1,,0,1,,79
Nicaragua,NIC,2018,7.195411481192906,5.177981490332016,7049.02709828403,93.9847404925404,6400080,0,0,1,,0,1,,79
Nicaragua,NIC,2019,7.03286138461167,5.208109002553219,6756.59334024487,94.0422159246213,6483657,0,0,1,,0,1,,79
Nicaragua,NIC,2020,6.098270538965753,4.6410181177489935,6523.36944661195,88.6381231228968,6565267,0,0,1,,0,1,,79
Nicaragua,NIC,2021,6.815517138450177,5.132574190176156,7119.16874782601,106.20739806697,6644741,0,0,1,,0,1,,79
Nicaragua,NIC,2022,6.999076199047516,5.131236404932938,7277.82041652584,115.454670931919,6730654,0,0,1,,0,1,,79
Nicaragua,NIC,2023,7.173185129429028,5.428298666164247,7496.53056557505,105.019535579852,6823613,0,0,1,,0,1,,79
Netherlands,NLD,1990,174.56542936312286,163.03274933543076,43128.3071656086,104.115680713624,15030878,1,2005,0,-15.0,2008,0,-18.0,80
Netherlands,NLD,1991,174.47614436157042,171.4691485186846,43833.4785051351,105.194616821176,15155090,1,2005,0,-14.0,2008,0,-17.0,80
Netherlands,NLD,1992,188.21658987424732,171.27738676271255,44245.5198247957,102.080770696115,15276785,1,2005,0,-13.0,2008,0,-16.0,80
Netherlands,NLD,1993,181.91031275694002,171.1850337703657,44490.7504466441,99.0328336645559,15389720,1,2005,0,-12.0,2008,0,-15.0,80
Netherlands,NLD,1994,181.15819445705029,171.9519191901755,45532.7986659915,103.046028953898,15485449,1,2005,0,-11.0,2008,0,-14.0,80
Netherlands,NLD,1995,182.66096489793932,173.48239214618866,46720.2819318959,107.916808067097,15565032,1,2005,0,-10.0,2008,0,-13.0,80
Netherlands,NLD,1996,191.41805480175623,182.54258575623524,48095.986838021,108.664639443962,15640027,1,2005,0,-9.0,2008,0,-12.0,80
Netherlands,NLD,1997,186.7000836438915,175.4661915651612,49881.8947516083,114.295027863442,15723622,1,2005,0,-8.0,2008,0,-11.0,80
Netherlands,NLD,1998,185.71045052594647,176.39618724245574,51879.3596710206,112.408095451564,15827107,1,2005,0,-7.0,2008,0,-10.0,80
Netherlands,NLD,1999,135.5671944622493,171.05299177084515,54134.3514543153,114.327740793016,15940184,1,2005,0,-6.0,2008,0,-9.0,80
Netherlands,NLD,2000,133.63490041317144,172.15389178398817,56016.8327946434,125.667030082421,16058760,1,2005,0,-5.0,2008,0,-8.0,80
Netherlands,NLD,2001,131.5532668368069,177.4642241488113,56887.3976406444,119.47546387654,16182705,1,2005,0,-4.0,2008,0,-7.0,80
Netherlands,NLD,2002,149.52746965917856,176.73822812799588,56664.4027354437,112.750024358671,16288051,1,2005,0,-3.0,2008,0,-6.0,80
Netherlands,NLD,2003,175.70656723970072,180.16865641075438,56452.8695506734,111.30450319576,16366912,1,2005,0,-2.0,2008,0,-5.0,80
Netherlands,NLD,2004,184.68486797240624,182.0904116035652,57391.3516342059,116.958160026939,16425566,1,2005,0,-1.0,2008,0,-4.0,80
Netherlands,NLD,2005,203.6588441623098,178.12976679679605,58422.0304069674,122.255849523252,16465710,1,2005,1,0.0,2008,0,-3.0,80
Netherlands,NLD,2006,212.7086701628151,173.27935909345572,60391.5155033324,127.195613539333,16493852,1,2005,1,1.0,2008,0,-2.0,80
Netherlands,NLD,2007,184.8156649592516,173.02817900619934,62601.6612832425,129.798241740597,16531357,1,2005,1,2.0,2008,0,-1.0,80
Netherlands,NLD,2008,198.51140728921135,175.90366631734415,63678.4005491428,130.152049980117,16597258,1,2005,1,3.0,2008,1,0.0,80
Netherlands,NLD,2009,186.8121915995954,170.43341157103646,61029.7329801783,115.109660363107,16684150,1,2005,1,4.0,2008,1,1.0,80
Netherlands,NLD,2010,210.92135151817192,182.47876641779916,61518.5768954231,130.081707935343,16771235,1,2005,1,5.0,2008,1,2.0,80
Netherlands,NLD,2011,200.89158312417456,169.34611873086587,62318.1391154389,141.757099325776,16851057,1,2005,1,6.0,2008,1,3.0,80
Netherlands,NLD,2012,176.91033793131598,165.75188421699784,61480.8416416324,149.393223058131,16915194,1,2005,1,7.0,2008,1,4.0,80
Netherlands,NLD,2013,178.4297603089511,164.92537481475065,61281.3125686741,150.651850226949,16967063,1,2005,1,8.0,2008,1,5.0,80
Netherlands,NLD,2014,165.08995233137705,157.50283036827608,62045.849197561,151.715891056501,17030089,1,2005,1,9.0,2008,1,6.0,80
Netherlands,NLD,2015,160.65968633360936,163.95809820346545,63081.4083495966,160.325812564809,17107433,1,2005,1,10.0,2008,1,7.0,80
Netherlands,NLD,2016,169.12771366883211,164.81176305359327,64267.7476553623,150.96552921165,17204693,1,2005,1,11.0,2008,1,8.0,80
Netherlands,NLD,2017,165.7299840126661,162.2957497920557,65665.9910229578,159.646059656847,17315370,1,2005,1,12.0,2008,1,9.0,80
Netherlands,NLD,2018,165.47745285261894,158.26425771483065,66758.2454283317,163.559146573044,17421280,1,2005,1,13.0,2008,1,10.0,80
Netherlands,NLD,2019,162.6384213816919,152.72708891343933,67847.8818461095,160.676671884999,17537507,1,2005,1,14.0,2008,1,11.0,80
Netherlands,NLD,2020,146.85220147870305,136.97415360801674,64862.1890353474,152.233230409706,17636731,1,2005,1,15.0,2008,1,12.0,80
Netherlands,NLD,2021,159.28860427355085,139.88567466535224,68573.5648786447,163.154842689698,17730564,1,2005,1,16.0,2008,1,13.0,80
Netherlands,NLD,2022,157.37928052409112,127.50314197036883,71324.0360229425,184.107484252682,17904421,1,2005,1,17.0,2008,1,14.0,80
Netherlands,NLD,2023,150.14833931710544,117.01638704683998,70198.9546022361,165.030429478933,18092524,1,2005,1,18.0,2008,1,15.0,80
Norway,NOR,2003,48.50680698520098,43.91900000000006,79150.3962863661,66.5085380808884,4564669,1,2005,0,-2.0,2008,0,-5.0,81
Norway,NOR,2004,52.343474301648335,44.25699999999989,82091.1935035949,68.7028173740954,4591743,1,2005,0,-1.0,2008,0,-4.0,81
Norway,NOR,2005,50.65394281900651,43.27899999999994,83955.3365007578,70.2469613309236,4623124,1,2005,1,0.0,2008,0,-3.0,81
Norway,NOR,2006,56.63639927067969,43.85900000000016,85653.1367825864,71.1687450210659,4660494,1,2005,1,1.0,2008,0,-2.0,81
Norway,NOR,2007,61.400398801577936,45.60499999999988,87670.8617980792,71.1714206590972,4709010,1,2005,1,2.0,2008,0,-1.0,81
Norway,NOR,2008,57.45975863278301,44.691999999999965,87297.3980291813,73.8668579713193,4768101,1,2005,1,3.0,2008,1,0.0,81
Norway,NOR,2009,55.744191110598216,43.097999999999864,84812.6851277638,66.3869035154741,4828623,1,2005,1,4.0,2008,1,1.0,81
Norway,NOR,2010,60.76425670050362,45.65899999999997,84604.5143891947,67.1044480331039,4889162,1,2005,1,5.0,2008,1,2.0,81
Norway,NOR,2011,56.209665474945744,44.77500000000016,84670.8344398355,68.3082228214528,4952968,1,2005,1,6.0,2008,1,3.0,81
Norway,NOR,2012,52.91405585755182,44.257999999999925,85925.8723352057,67.2907057063447,5018458,1,2005,1,7.0,2008,1,4.0,81
Norway,NOR,2013,53.48629334683537,44.53899999999996,85973.7694976801,66.6575278489713,5080124,1,2005,1,8.0,2008,1,5.0,81
Norway,NOR,2014,52.70470204029705,44.97500000000006,86790.7924625691,67.7741797940433,5137395,1,2005,1,9.0,2008,1,6.0,81
Norway,NOR,2015,54.76502862606354,45.52300000000009,87688.1196708993,68.8351790107466,5189771,1,2005,1,10.0,2008,1,7.0,81
Norway,NOR,2016,49.22601356121743,44.70800000000006,88041.6414808956,67.3341230829057,5235983,1,2005,1,11.0,2008,1,8.0,81
Norway,NOR,2017,49.12071146854227,44.197,89664.9086415829,67.1957153368952,5276802,1,2005,1,12.0,2008,1,9.0,81
Norway,NOR,2018,48.660843916546185,44.471999999999866,90064.0687974358,68.1761206012317,5311752,1,2005,1,13.0,2008,1,10.0,81
Norway,NOR,2019,48.29717010664554,42.86600000000014,90772.9017041865,68.880243105732,5347730,1,2005,1,14.0,2008,1,11.0,81
Norway,NOR,2020,46.64837717590485,41.27500000000012,89012.2723804504,63.3673184179043,5379274,1,2005,1,15.0,2008,1,12.0,81
Norway,NOR,2021,42.23020296649018,41.0580000000001,92205.7698636049,69.1060572345311,5408091,1,2005,1,16.0,2008,1,13.0,81
Norway,NOR,2022,34.8897401481794,40.83299999999985,95109.8201605729,79.9216011363033,5456801,1,2005,1,17.0,2008,1,14.0,81
Norway,NOR,2023,38.96988015370926,38.86900000000008,94364.9641754336,77.401189583706,5519167,1,2005,1,18.0,2008,1,15.0,81
Nepal,NPL,1990,1.1413227073730408,0.721435793440452,1808.26490041654,32.1887541579639,19524573,0,0,0,,0,0,,82
Nepal,NPL,1991,1.4950736804254323,1.0263105182280994,1874.27513595212,34.6750551287954,20036500,0,0,0,,0,0,,82
Nepal,NPL,1992,1.6947688676529402,1.2329288481515486,1896.97166297747,41.6954131372025,20609707,0,0,0,,0,0,,82
Nepal,NPL,1993,1.8668879376891865,1.397333391609697,1916.94352666156,47.1895811750777,21180159,0,0,0,,0,0,,82
Nepal,NPL,1994,2.089911217966491,1.6194316471016705,2023.11519682155,50.432072744791,21717479,0,0,0,,0,0,,82
Nepal,NPL,1995,2.739790389468579,2.3089151690406724,2043.60517160069,59.49051839854,22245439,0,0,0,,0,0,,82
Nepal,NPL,1996,2.926090754484544,2.3527791376681084,2105.50832713857,58.4577686983002,22741862,0,0,0,,0,0,,82
Nepal,NPL,1997,3.103772558390325,2.6411114552448867,2166.3126334505,64.0355348949959,23219463,0,0,0,,0,0,,82
Nepal,NPL,1998,2.0894295150205076,2.223326561312957,2188.2220157023,56.7096012897007,23680357,0,0,0,,0,0,,82
Nepal,NPL,1999,3.0315033377773917,3.191082976307734,2242.65011822095,52.5669812534353,24125199,0,0,0,,0,0,,82
Nepal,NPL,2000,2.6644888947803618,3.03743054479702,2340.81563141298,55.7105890041319,24546509,0,0,0,,0,0,,82
Nepal,NPL,2001,3.8501817633278375,3.236078051567286,2413.8142127556,55.7999210803706,24946748,0,0,0,,0,0,,82
Nepal,NPL,2002,3.5201333892593536,2.5963833923419175,2380.24424587571,46.2307185004451,25328981,0,0,0,,0,0,,82
Nepal,NPL,2003,2.2742135426574284,2.8103834641344476,2439.49479601556,44.2478836156195,25688758,0,0,0,,0,0,,82
Nepal,NPL,2004,4.240783593767817,2.582409553597635,2521.54105171428,46.1472867206087,26016656,0,0,0,,0,0,,82
Nepal,NPL,2005,4.557863223376571,2.9867722182829777,2580.23106308364,44.0629474798613,26309458,0,0,1,,0,0,,82
Nepal,NPL,2006,4.50954209364191,2.4564693539026483,2641.34799494749,44.7619877569242,26565425,0,0,1,,0,0,,82
Nepal,NPL,2007,5.04494193456524,2.5703409011347693,2708.7143922589,44.5792750200254,26788492,0,0,1,,0,0,,82
Nepal,NPL,2008,6.47202918002214,3.355316002145651,2852.60983167965,46.0362063511913,26990037,0,0,1,,0,1,,82
Nepal,NPL,2009,3.3844853908532024,4.126128748109016,2961.83900365912,47.0794477633688,27173035,0,0,1,,0,1,,82
Nepal,NPL,2010,4.184647357198395,4.827968176828134,3085.31407004502,45.9849057742707,27341952,0,0,1,,0,1,,82
Nepal,NPL,2011,4.578772098113339,5.216764677172516,3176.65040602417,36.2967588899367,27464494,0,0,1,,0,1,,82
Nepal,NPL,2012,4.733643030415769,5.470253179446654,3316.50073452021,37.921906058758,27534915,0,0,1,,0,1,,82
Nepal,NPL,2013,5.369897394459577,6.217839785709149,3426.5579593796,41.8653757376722,27589996,0,0,1,,0,1,,82
Nepal,NPL,2014,6.283482372538649,7.587670264777815,3621.73168937112,45.9826416115927,27672370,0,0,1,,0,1,,82
Nepal,NPL,2015,5.720979627148254,6.904650549909361,3745.26182249477,46.6657303895158,27823629,0,0,1,,0,1,,82
Nepal,NPL,2016,8.768109189942463,10.08804820933877,3743.7445783578,42.1154861221646,27955462,0,0,1,,0,1,,82
Nepal,NPL,2017,10.814449631512307,12.421580367622974,4071.70431755798,44.6424106217427,28011258,0,0,1,,0,1,,82
Nepal,NPL,2018,36.78231100427718,14.038992336672994,4371.38571771897,48.4473869463778,28079689,0,0,1,,0,1,,82
Nepal,NPL,2019,34.78326132666421,12.750489706680401,4607.52454717112,49.2495265869012,28414064,0,0,1,,0,1,,82
Nepal,NPL,2020,36.03266242326552,15.630800262454489,4412.5420439395,40.9188741248444,28966574,0,0,1,,0,1,,82
Nepal,NPL,2021,41.193792493709886,15.486230714287604,4546.22970006289,43.0538047912219,29475010,0,0,1,,0,1,,82
Nepal,NPL,2022,46.199462170520285,17.608968796466673,4763.38751073946,48.9734014800201,29715436,0,0,1,,0,1,,82
Nepal,NPL,2023,47.27928633559187,18.347820381690365,4861.230303797,41.5701502932467,29694614,0,0,1,,0,1,,82
New Zealand,NZL,1990,27.161371535669645,25.490109909740173,30785.701752556,52.6081416580188,3396979,1,2005,0,-15.0,2008,0,-18.0,83
New Zealand,NZL,1991,27.295244120539056,26.169859253705088,29014.1499420181,54.6355654428897,3480925,1,2005,0,-14.0,2008,0,-17.0,83
New Zealand,NZL,1992,28.604996176076817,28.15396612856236,29029.5811361611,59.2340588498117,3532244,1,2005,0,-13.0,2008,0,-16.0,83
New Zealand,NZL,1993,28.589218312141597,27.745960721209226,30532.5880166798,57.553650605971,3573610,1,2005,0,-12.0,2008,0,-15.0,83
New Zealand,NZL,1994,29.4080708996379,27.885174555856516,31669.5406509196,58.8145695364238,3621030,1,2005,0,-11.0,2008,0,-14.0,83
New Zealand,NZL,1995,30.654810913706203,27.989447477797754,32687.4657703706,56.9142524626959,3674428,1,2005,0,-10.0,2008,0,-13.0,83
New Zealand,NZL,1996,31.636738662221955,29.287785236300568,33329.5301011769,55.1161709577551,3729378,1,2005,0,-9.0,2008,0,-12.0,83
New Zealand,NZL,1997,33.796144713432504,31.261425033653506,33577.7254994905,55.2468635214425,3776950,1,2005,0,-8.0,2008,0,-11.0,83
New Zealand,NZL,1998,31.275692630913724,29.83728657262567,33565.7312220905,57.8960178233763,3811371,1,2005,0,-7.0,2008,0,-10.0,83
New Zealand,NZL,1999,34.20435911229851,31.442578044036665,35187.2357200331,61.4012311333669,3835555,1,2005,0,-6.0,2008,0,-9.0,83
New Zealand,NZL,2000,32.98767190971757,32.22112772514273,35984.6288016116,68.5169268768932,3857574,1,2005,0,-5.0,2008,0,-8.0,83
New Zealand,NZL,2001,34.34181697730359,34.35628253776072,36995.0603198774,67.2338243520418,3891762,1,2005,0,-4.0,2008,0,-7.0,83
New Zealand,NZL,2002,34.991430970724835,34.5192081907834,38072.2713835052,62.6559945554479,3951119,1,2005,0,-3.0,2008,0,-6.0,83
New Zealand,NZL,2003,39.98854772103967,36.21956124815664,39092.3455202712,57.914769345753,4022586,1,2005,0,-2.0,2008,0,-5.0,83
New Zealand,NZL,2004,41.19409733279771,35.80575767598233,40091.1399487332,58.7995522745359,4083910,1,2005,0,-1.0,2008,0,-4.0,83
New Zealand,NZL,2005,43.98533284751956,37.4012496652897,40970.295838255,58.0187434407163,4135007,1,2005,1,0.0,2008,0,-3.0,83
New Zealand,NZL,2006,42.57330931929562,37.30442888613307,41596.8311289998,59.6032650403479,4181940,1,2005,1,1.0,2008,0,-2.0,83
New Zealand,NZL,2007,43.17378819737114,36.38266073721855,42473.1182614499,58.4251605749091,4223266,1,2005,1,2.0,2008,0,-1.0,83
New Zealand,NZL,2008,43.20771047878749,37.48545122381834,41682.2459069155,64.2611448527979,4261824,1,2005,1,3.0,2008,1,0.0,83
New Zealand,NZL,2009,37.26770964052405,34.59422028658949,41250.9985717425,55.0143501856026,4304304,1,2005,1,4.0,2008,1,1.0,83
New Zealand,NZL,2010,38.2075305531013,34.7869194695381,41395.370375582,58.1047406012087,4347770,1,2005,1,5.0,2008,1,2.0,83
New Zealand,NZL,2011,39.12978601871099,34.24114319513333,41961.9202263641,59.1815679267669,4382700,1,2005,1,6.0,2008,1,3.0,83
New Zealand,NZL,2012,41.029311108149685,35.91824745348738,42693.4234516571,56.9257462326897,4411676,1,2005,1,7.0,2008,1,4.0,83
New Zealand,NZL,2013,40.6372160923176,35.21920997862888,43453.2814172317,56.0063219921147,4453851,1,2005,1,8.0,2008,1,5.0,83
New Zealand,NZL,2014,40.94292501538674,35.399337219923,44369.7664241859,55.1213465284556,4522983,1,2005,1,9.0,2008,1,6.0,83
New Zealand,NZL,2015,40.20991356747316,35.805094024717796,45097.016468387,54.8749505791536,4614029,1,2005,1,10.0,2008,1,7.0,83
New Zealand,NZL,2016,40.3984144252144,34.13495529278404,45746.135981069,52.4796021733125,4714770,1,2005,1,11.0,2008,1,8.0,83
New Zealand,NZL,2017,40.68020062712188,35.6612622933369,46285.9810980642,54.2775276299632,4812752,1,2005,1,12.0,2008,1,9.0,83
New Zealand,NZL,2018,41.57310124563197,35.68679535564733,46974.6818400482,55.9063918509538,4900847,1,2005,1,13.0,2008,1,10.0,83
New Zealand,NZL,2019,42.04475520183369,36.71061414337758,47392.1933135172,54.4612464097007,4989403,1,2005,1,14.0,2008,1,11.0,83
New Zealand,NZL,2020,41.30878756651072,34.108958564660554,46326.3804672976,43.8262466218168,5069895,1,2005,1,15.0,2008,1,12.0,83
New Zealand,NZL,2021,43.76301014298484,34.59651483265642,48202.0913368233,48.4315370741539,5107697,1,2005,1,16.0,2008,1,13.0,83
New Zealand,NZL,2022,42.568096398259335,31.965866426272118,49842.9845334162,53.2091433736439,5131734,1,2005,1,17.0,2008,1,14.0,83
New Zealand,NZL,2023,41.39587621891463,31.55981401055188,49592.5875512098,49.8655041498497,5172836,1,2005,1,18.0,2008,1,15.0,83
Oman,OMN,1990,12.338350313721692,11.28506722703321,35201.5524871089,61.2372503810231,1763954,0,0,0,,0,0,,84
Oman,OMN,1991,13.138986072502261,11.658471666260773,35574.6761369599,62.7126492319462,1851473,0,0,0,,0,0,,84
Oman,OMN,1992,13.46150416724249,11.956003317716194,36841.4011555658,64.7278861669356,1938238,0,0,0,,0,0,,84
Oman,OMN,1993,15.07152021688763,13.291397778345633,37455.340258395,65.0815118064186,2021675,0,0,0,,0,0,,84
Oman,OMN,1994,18.694946589486246,17.465969634539753,37782.723828978,62.689996465182,2081834,0,0,0,,0,0,,84
Oman,OMN,1995,19.660563353432526,18.816349877697554,38946.7742715175,64.1500694766095,2120528,0,0,0,,0,0,,84
Oman,OMN,1996,18.662067728315034,18.19720549536919,39455.8264119985,69.3906831462689,2156926,0,0,0,,0,0,,84
Oman,OMN,1997,18.294111088274224,18.14450954364077,41191.0312402444,71.594365872295,2190720,0,0,0,,0,0,,84
Oman,OMN,1998,19.79437323602236,18.543086974645004,40574.674486189,80.4830604636084,2222489,0,0,0,,0,0,,84
Oman,OMN,1999,17.60038554367585,22.076125166141107,40145.9312841691,76.611197806525,2252909,0,0,0,,0,0,,84
Oman,OMN,2000,15.637486641746426,23.984355743483096,42086.0431536301,81.4132822358275,2282131,0,0,0,,0,0,,84
Oman,OMN,2001,16.346456533145354,22.511739279190806,43492.2863754557,84.5270024947002,2310217,0,0,0,,0,0,,84
Oman,OMN,2002,18.99211990505535,26.97897955650873,42654.1482671623,83.6537485764543,2337140,0,0,0,,0,0,,84
Oman,OMN,2003,38.2068331015959,34.56336535996977,41247.5873733105,84.846636733578,2363796,0,0,0,,0,0,,84
Oman,OMN,2004,28.974953845763938,29.247371019411265,41351.7687385072,88.611307129045,2404821,0,0,0,,0,0,,84
Oman,OMN,2005,29.61241898393802,31.83533981106762,41551.1413844552,86.7613020421318,2459802,0,0,1,,0,0,,84
Oman,OMN,2006,39.227192743313886,40.449714212132434,42540.4398485334,86.1457079854133,2514795,0,0,1,,0,0,,84
Oman,OMN,2007,45.09557242026608,45.308411018205504,43696.9691440917,94.8657889777347,2570174,0,0,1,,0,0,,84
Oman,OMN,2008,49.397136229002726,47.43562263091488,46586.3955926767,94.7619029877161,2626529,0,0,1,,0,1,,84
Oman,OMN,2009,50.20165000621989,44.50390636975053,48304.1178923167,91.6279353346997,2684659,0,0,1,,0,1,,84
Oman,OMN,2010,53.07900824398723,51.42915211673683,48191.6145135737,96.3865546218487,2757446,0,0,1,,0,1,,84
Oman,OMN,2011,57.4964226100481,57.30513272822132,44440.3092616125,101.641731939942,3076763,0,0,1,,0,1,,84
Oman,OMN,2012,67.33694706929425,63.10491129753672,41964.0828578552,102.0747604043,3547106,0,0,1,,0,1,,84
Oman,OMN,2013,71.53313357582044,65.58698399304447,40854.4853548905,112.543521763774,3833913,0,0,1,,0,1,,84
Oman,OMN,2014,73.06430007838851,66.19004100804263,39639.9870514802,102.27872108813,4002439,0,0,1,,0,1,,84
Oman,OMN,2015,76.90207420208947,67.88322435024945,39813.7887054675,96.3775801852347,4184895,0,0,1,,0,1,,84
Oman,OMN,2016,74.33157948764577,66.23981550203666,39860.9893909688,82.8642642018901,4390877,0,0,1,,0,1,,84
Oman,OMN,2017,75.38917509753072,66.34372084043864,38691.1077105097,88.9531480182956,4537396,0,0,1,,0,1,,84
Oman,OMN,2018,77.84320921702,70.67793184816462,38673.6045360857,89.2792178262847,4597877,0,0,1,,0,1,,84
Oman,OMN,2019,78.58963483248768,72.03490368474642,38292.3859682752,86.4782010313236,4591241,0,0,1,,0,1,,84
Oman,OMN,2020,78.751771850428,71.84515172517276,37560.5998714953,91.8758908014472,4522497,0,0,1,,0,1,,84
Oman,OMN,2021,81.2175696079007,75.04139789537666,38719.4587682049,95.9494877293305,4500424,0,0,1,,0,1,,84
Oman,OMN,2022,81.19098864428491,77.99378658146395,39780.2122774985,105.745009280655,4730226,0,0,1,,0,1,,84
Oman,OMN,2023,83.35985750732445,79.8106399222358,37793.6163957515,106.446731102604,5049269,0,0,1,,0,1,,84
Pakistan,PAK,1990,69.17214649602147,67.82736890542796,3199.72962609833,35.034575900498,116155576,0,0,0,,0,0,,85
Pakistan,PAK,1991,68.31073374784359,67.47710532405898,3252.35104026309,35.4196551048403,120060406,0,0,0,,0,0,,85
Pakistan,PAK,1992,72.69563527927389,72.01492055352229,3404.12138406329,37.6945397210631,123546848,0,0,0,,0,0,,85
Pakistan,PAK,1993,77.89978146517731,77.17572110797197,3369.23795906028,38.4993168752315,127020117,0,0,0,,0,0,,85
Pakistan,PAK,1994,85.12696336721854,84.0182960681123,3395.50432067539,35.0577237131595,130748083,0,0,0,,0,0,,85
Pakistan,PAK,1995,85.2319349109832,83.61435887884795,3462.47336165841,36.132753673519,134582253,0,0,0,,0,0,,85
Pakistan,PAK,1996,95.05498254824803,93.54246536325634,3526.14160875155,38.3301268339895,138557092,0,0,0,,0,0,,85
Pakistan,PAK,1997,94.91533780203063,93.78815850959666,3462.58145605889,36.8522661008964,142531804,0,0,0,,0,0,,85
Pakistan,PAK,1998,97.11289918048101,96.74073487719782,3454.17665330544,34.011725180531,146522356,0,0,0,,0,0,,85
Pakistan,PAK,1999,101.2167305718142,99.38932514941303,3484.45678319813,32.3199628094266,150565377,0,0,0,,0,0,,85
Pakistan,PAK,2000,106.65000810625851,103.93972119052326,3531.71291531612,21.4599638884654,154879127,0,0,0,,0,0,,85
Pakistan,PAK,2001,108.18165665457369,105.40067876224592,3559.72784658715,23.5772074298467,159270907,0,0,0,,0,0,,85
Pakistan,PAK,2002,116.52309645570757,110.56624288193485,3563.67846926558,23.1290159545291,163222549,0,0,0,,0,0,,85
Pakistan,PAK,2003,120.56821918713894,113.14181991100943,3668.77938852508,24.6501585248398,167110248,0,0,0,,0,0,,85
Pakistan,PAK,2004,140.24061630261482,124.63683697178992,3859.64601808903,24.8083348519064,171286000,0,0,0,,0,0,,85
Pakistan,PAK,2005,146.73721593214285,129.9474329233393,4042.15457513378,29.8784940550747,175453212,0,0,1,,0,0,,85
Pakistan,PAK,2006,154.77561470053942,137.9115954425131,4185.86655659206,33.0497193672284,179682690,0,0,1,,0,0,,85
Pakistan,PAK,2007,165.20065573272586,148.34901980535798,4257.92556870432,30.7878814312746,184493231,0,0,1,,0,0,,85
Pakistan,PAK,2008,164.87498630256346,147.9014157562833,4233.34830715497,34.3489608135242,189499113,0,0,1,,0,1,,85
Pakistan,PAK,2009,162.54093734229073,148.35497835490685,4270.43882264229,33.3268872863988,194376534,0,0,1,,0,1,,85
Pakistan,PAK,2010,162.25037684775174,147.50398499647886,4228.7817715945,31.9890020462315,199239047,0,0,1,,0,1,,85
Pakistan,PAK,2011,165.28399370852978,149.48831351086062,4246.06710882497,32.3626382751438,203746065,0,0,1,,0,1,,85
Pakistan,PAK,2012,167.85038179916234,150.5550630926133,4292.02110293486,31.3189732760076,207667125,0,0,1,,0,1,,85
Pakistan,PAK,2013,165.37223439164882,148.1830366590204,4407.14705841377,30.8902743401844,211073978,0,0,1,,0,1,,85
Pakistan,PAK,2014,170.97644811656195,150.80950726242725,4520.23463399286,29.4698256903998,214264647,0,0,1,,0,1,,85
Pakistan,PAK,2015,171.6298720938661,144.89555032541122,4645.28631071145,26.6881860172247,217290883,0,0,1,,0,1,,85
Pakistan,PAK,2016,211.1880083719868,176.74098520466774,4886.61212115378,24.7015780480573,220138869,0,0,1,,0,1,,85
Pakistan,PAK,2017,243.59921099884846,211.98072203681724,5031.56060738433,25.472035002344,223273967,0,0,1,,0,1,,85
Pakistan,PAK,2018,232.9484191390057,203.49967184888573,5255.06350681272,27.6260570796337,226928892,0,0,1,,0,1,,85
Pakistan,PAK,2019,219.37321590093995,190.8258655445646,5295.95295138203,28.9055769867032,230800899,0,0,1,,0,1,,85
Pakistan,PAK,2020,240.61988687976694,215.5095583208786,5135.01459288839,26.7162807328814,235001746,0,0,1,,0,1,,85
Pakistan,PAK,2021,273.001277083416,243.55235142533195,5367.27364714762,27.0304204125548,239477801,0,0,1,,0,1,,85
Pakistan,PAK,2022,245.34437294005338,211.9697137767074,5526.27928310213,33.031353478032,243700667,0,0,1,,0,1,,85
Pakistan,PAK,2023,220.10595726207583,186.86088049418376,5418.7693189297,28.4676925469837,247504495,0,0,1,,0,1,,85
Panama,PAN,1990,2.742250739562736,2.617690322649974,10263.6928426466,121.793552873367,2455583,0,0,0,,0,0,,86
Panama,PAN,1991,2.818982327403999,3.088690911437609,10994.5538811637,140.246558305042,2508265,0,0,0,,0,0,,86
Panama,PAN,1992,3.281425551109685,4.097876948939914,11649.8002384174,144.87918854738,2561336,0,0,0,,0,0,,86
Panama,PAN,1993,3.1957708307043906,3.749194342754504,12032.8122579156,139.679221337261,2615099,0,0,0,,0,0,,86
Panama,PAN,1994,3.400702818787441,4.1356931894910405,12123.3539257861,143.609032792557,2669546,0,0,0,,0,0,,86
Panama,PAN,1995,3.215627439927768,3.608347596505697,12086.6481153656,146.905380036798,2724557,0,0,0,,0,0,,86
Panama,PAN,1996,3.6739117160069052,4.396612228093776,12327.8562890077,165.609680183534,2780227,0,0,0,,0,0,,86
Panama,PAN,1997,3.955236082535623,4.572321151979098,13013.8959932208,174.713863041899,2836695,0,0,0,,0,0,,86
Panama,PAN,1998,4.432691575595969,5.835109582377623,13826.5376778781,157.996408512839,2893914,0,0,0,,0,0,,86
Panama,PAN,1999,4.703245780061569,5.551975380942179,14261.7464595428,131.55739694225,2951822,0,0,0,,0,0,,86
Panama,PAN,2000,4.415085406413176,5.635843971831001,14572.9808700068,139.197934867656,3010369,0,0,0,,0,0,,86
Panama,PAN,2001,4.917917731261211,6.909411999999998,14427.8355424862,135.584351118395,3069537,0,0,0,,0,0,,86
Panama,PAN,2002,4.525920007020264,5.710004120906817,14507.1494232714,126.024482449851,3129344,0,0,0,,0,0,,86
Panama,PAN,2003,1.746539455296688,5.928724000000002,14957.5590503323,117.267478940646,3189807,0,0,0,,0,0,,86
Panama,PAN,2004,1.9007041496554213,5.504644000000011,15875.1188201453,124.761756520445,3251155,0,0,0,,0,0,,86
Panama,PAN,2005,0.8685682144442125,6.741979999999992,16867.9674513124,139.211165086724,3313026,0,0,1,,0,0,,86
Panama,PAN,2006,-0.7428114466790479,7.281958000000016,18190.281154717,141.47257128141,3375024,0,0,1,,0,0,,86
Panama,PAN,2007,0.2797036525607543,7.133543999999988,20208.8293911964,148.665601089573,3437490,0,0,1,,0,0,,86
Panama,PAN,2008,-0.11635437475881463,6.809097999999999,21867.8272186787,164.58628613577,3500648,0,0,1,,0,1,,86
Panama,PAN,2009,1.052748242028837,8.051361999999983,21822.996136155,137.046021610678,3564381,0,0,1,,0,1,,86
Panama,PAN,2010,1.0676851271284389,9.059719999999992,22739.1194141341,145.44871880643,3628535,0,0,1,,0,1,,86
Panama,PAN,2011,0.17016074951964397,9.899391999999985,24999.4702655482,158.208395346813,3693505,0,0,1,,0,1,,86
Panama,PAN,2012,0.6205704814203058,9.540321999999989,26926.8956928065,153.208620367102,3759256,0,0,1,,0,1,,86
Panama,PAN,2013,2.565897772724473,10.273631999999997,28135.3387835383,133.071568935782,3825329,0,0,1,,0,1,,86
Panama,PAN,2014,3.717915882073562,10.688620997949432,28931.8156401199,114.970604927053,3892101,0,0,1,,0,1,,86
Panama,PAN,2015,4.541885424424289,10.652059999999986,29933.1671530011,96.5791573428957,3960035,0,0,1,,0,1,,86
Panama,PAN,2016,-0.2997567348988992,10.333789999999993,30765.2490653506,84.3959718738111,4029086,0,0,1,,0,1,,86
Panama,PAN,2017,19.607536162248696,9.567928221368177,31979.8246437748,84.0475372402933,4098707,0,0,1,,0,1,,86
Panama,PAN,2018,19.10519346115339,9.121046517324743,32681.4729886331,86.1309615112445,4167860,0,0,1,,0,1,,86
Panama,PAN,2019,18.748737497944287,12.448774,33163.7172814857,80.4286505649569,4234700,0,0,1,,0,1,,86
Panama,PAN,2020,18.314186174122707,6.557340000000017,26881.8277221689,68.700423510603,4293261,0,0,1,,0,1,,86
Panama,PAN,2021,19.62333576450477,10.144616000000008,30932.7627780514,80.1334635232887,4345405,0,0,1,,0,1,,86
Panama,PAN,2022,19.515489681197444,11.70734970466582,33915.1693306309,93.4752688552496,4400773,0,0,1,,0,1,,86
Panama,PAN,2023,19.517086312612072,13.002121280784674,35872.9719200069,88.3489105169795,4458759,0,0,1,,0,1,,86
Peru,PER,1990,23.18934421747694,21.400795324536592,6316.2269138715,29.469676899683,22014771,0,0,0,,0,0,,87
Peru,PER,1991,23.2370494872439,20.757894992700738,6321.7220102527,26.659254111884,22483775,0,0,0,,0,0,,87
Peru,PER,1992,23.767509052380216,20.985783511647686,6160.80456813974,27.9772921552067,22946340,0,0,0,,0,0,,87
Peru,PER,1993,26.132683155474698,23.884757285804316,6354.40466195469,28.7665865706199,23413783,0,0,0,,0,0,,87
Peru,PER,1994,26.64330426038592,24.1765575195635,6996.76185617847,28.9229957698901,23881493,0,0,0,,0,0,,87
Peru,PER,1995,28.015343342925586,25.143061252256707,7371.04799020402,30.9272178475508,24348919,0,0,0,,0,0,,87
Peru,PER,1996,27.540380238361518,24.71708557138485,7436.18931908276,31.6542040912644,24811171,0,0,0,,0,0,,87
Peru,PER,1997,30.657744703121175,27.74716501934646,7772.77834225556,33.4695458506827,25274147,0,0,0,,0,0,,87
Peru,PER,1998,31.868681889097285,28.065826911600215,7602.78356076635,32.9530217853936,25738095,0,0,0,,0,0,,87
Peru,PER,1999,32.76877264455513,29.562407708403548,7584.30465257181,33.2057765558493,26186504,0,0,0,,0,0,,87
Peru,PER,2000,31.721876573197164,28.677526823557734,7668.06078201131,35.5380321623178,26598331,0,0,0,,0,0,,87
Peru,PER,2001,29.0237491805108,25.260150116535286,7610.63949294843,35.0644014310212,26964601,0,0,0,,0,0,,87
Peru,PER,2002,30.31367864265042,25.591742868532705,7930.50980631714,35.2491813317695,27288217,0,0,0,,0,0,,87
Peru,PER,2003,28.853440674407775,24.914171567624148,8173.27672987692,37.6246103251002,27580490,0,0,0,,0,0,,87
Peru,PER,2004,31.358206807279625,28.50362977133881,8494.84031217202,41.9360782679273,27852190,0,0,0,,0,0,,87
Peru,PER,2005,33.30290906872756,30.321106489498735,8948.74710742664,47.3573174768394,28101180,0,0,1,,0,0,,87
Peru,PER,2006,32.508270165691464,28.299267279735513,9546.62529545456,51.7850560338442,28324491,0,0,1,,0,0,,87
Peru,PER,2007,40.03176528796859,34.56691956354561,10284.9672238506,55.6881132836815,28530699,0,0,1,,0,0,,87
Peru,PER,2008,46.77695456074417,35.5724140657622,11150.0262166889,58.4337673899053,28719041,0,0,1,,0,1,,87
Peru,PER,2009,45.90552706603406,39.42384290916893,11202.8654418496,48.1119296153519,28896811,0,0,1,,0,1,,87
Peru,PER,2010,52.98866601079139,42.505101024,12057.3912963716,51.6728089370033,29086019,0,0,1,,0,1,,87
Peru,PER,2011,55.43500080795829,42.32679308733067,12724.8832049429,55.9882802838607,29304086,0,0,1,,0,1,,87
Peru,PER,2012,59.9190444022583,45.50867981525876,13393.5923851679,52.6198952632294,29550366,0,0,1,,0,1,,87
Peru,PER,2013,58.85727167835199,42.717743480128995,14050.2420319137,49.7871424471444,29817919,0,0,1,,0,1,,87
Peru,PER,2014,63.40539276025111,49.388020871123395,14242.6444760801,46.8531210912899,30115826,0,0,1,,0,1,,87
Peru,PER,2015,63.88464018334752,49.204057217605325,14540.8313160635,45.1627686891148,30457600,0,0,1,,0,1,,87
Peru,PER,2016,66.46683769318194,52.697667588572855,14915.4366324454,45.3888411964154,30866494,0,0,1,,0,1,,87
Peru,PER,2017,68.30975563378503,54.7263538784975,15067.489279382,47.5135503619971,31324637,0,0,1,,0,1,,87
Peru,PER,2018,70.57533915934654,56.01356818000505,15384.1846082423,48.631470171736,31897584,0,0,1,,0,1,,87
Peru,PER,2019,72.73709578604976,58.668283299805985,15461.4572585466,46.9435053754409,32449303,0,0,1,,0,1,,87
Peru,PER,2020,61.27197390558745,47.2367367484055,13607.7640705828,44.245967197744,32838579,0,0,1,,0,1,,87
Peru,PER,2021,72.79174705765196,59.96185453567347,15285.7706852395,55.4083231938774,33155882,0,0,1,,0,1,,87
Peru,PER,2022,78.74479130682765,64.78480585307354,15566.5242612563,57.2727003111939,33475438,0,0,1,,0,1,,87
Peru,PER,2023,78.88413701888409,66.06475250464274,15342.2741359642,50.9070307213493,33845617,0,0,1,,0,1,,87
Philippines,PHL,1990,50.82777654502257,40.77404330666044,4504.46230383567,42.922356288058,62854666,0,0,0,,0,0,,88
Philippines,PHL,1991,52.95382707425367,42.874456134800134,4378.39532090518,44.2199237760081,64382249,0,0,0,,0,0,,88
Philippines,PHL,1992,58.08961292524285,47.77173927741374,4293.71810131081,44.9911427301615,65926125,0,0,0,,0,0,,88
Philippines,PHL,1993,58.417365352789865,48.34199742561271,4283.15967786629,50.4650429209218,67530621,0,0,0,,0,0,,88
Philippines,PHL,1994,64.17577877915726,53.47867739537306,4374.06721651165,52.5265038023175,69019291,0,0,0,,0,0,,88
Philippines,PHL,1995,69.38075900721451,59.219922824044936,4477.32317711022,57.3305579762779,70546246,0,0,0,,0,0,,88
Philippines,PHL,1996,77.5435597362285,60.43671947568719,4631.77197705972,63.8553035508774,72190242,0,0,0,,0,0,,88
Philippines,PHL,1997,85.84579206807281,69.14707991941684,4758.70845808515,77.2286459172662,73908810,0,0,0,,0,0,,88
Philippines,PHL,1998,76.82435718078888,67.37867778243897,4616.67292900617,80.077201518421,75791024,0,0,0,,0,0,,88
Philippines,PHL,1999,83.12542804317039,67.29500716530542,4650.75926947589,77.1614937122172,77753257,0,0,0,,0,0,,88
Philippines,PHL,2000,87.64097009330159,71.46669309807926,4740.43891694569,85.1533684600039,79625397,0,0,0,,0,0,,88
Philippines,PHL,2001,88.46452038634341,69.79889005463464,4778.4008437474,84.9003886237531,81401488,0,0,0,,0,0,,88
Philippines,PHL,2002,87.65601456612245,69.49170966930546,4856.49948429567,83.8448040937789,83068889,0,0,0,,0,0,,88
Philippines,PHL,2003,90.61468776231737,69.50071981222538,5003.38317718716,87.5746443636636,84731835,0,0,0,,0,0,,88
Philippines,PHL,2004,93.252736541602,71.99871165781362,5229.45080700165,87.1252848232048,86394504,0,0,0,,0,0,,88
Philippines,PHL,2005,94.10751011499158,72.33394490483491,5386.81653712891,83.8456745708051,88015962,0,0,1,,0,0,,88
Philippines,PHL,2006,85.14152261117691,65.645511968641,5578.57225112139,80.8505386728775,89508986,0,0,1,,0,0,,88
Philippines,PHL,2007,92.46351935078135,70.00995773769934,5840.06810169965,73.6449799920629,91075184,0,0,1,,0,0,,88
Philippines,PHL,2008,101.7173604262863,76.60501796972393,5987.03757861835,67.6810707730401,92699095,0,0,1,,0,1,,88
Philippines,PHL,2009,94.54434658811279,75.58070622592612,5965.30730902221,60.8865907869758,94384250,0,0,1,,0,1,,88
Philippines,PHL,2010,104.27952976146055,82.24588885168862,6273.03927731515,66.1042785137797,96337125,0,0,1,,0,1,,88
Philippines,PHL,2011,111.20468336150324,82.98028445026573,6388.31296959977,60.7958366999075,98248614,0,0,1,,0,1,,88
Philippines,PHL,2012,120.26341879481087,87.47627364947243,6697.55620962768,57.8420055133082,100175512,0,0,1,,0,1,,88
Philippines,PHL,2013,130.12339360944623,94.82543159025899,7016.53846470436,55.8247812320298,102076336,0,0,1,,0,1,,88
Philippines,PHL,2014,137.04418005014568,100.07381109352706,7340.361585912,57.4681720875945,103767130,0,0,1,,0,1,,88
Philippines,PHL,2015,144.11448304109274,111.04629818375041,7691.76308685047,59.1415921053094,105312992,0,0,1,,0,1,,88
Philippines,PHL,2016,164.5212868011436,120.21562547272782,8131.82537948653,61.7760657653871,106735719,0,0,1,,0,1,,88
Philippines,PHL,2017,177.02246344381416,133.57559977710503,8584.13622709699,68.1683697426727,108119693,0,0,1,,0,1,,88
Philippines,PHL,2018,184.58450599687973,139.85676721883303,9016.28659637608,72.1633982990273,109465287,0,0,1,,0,1,,88
Philippines,PHL,2019,186.3866819944665,142.6012141583491,9452.2939715981,68.8418422595678,110804683,0,0,1,,0,1,,88
Philippines,PHL,2020,175.49375286482254,131.45740982364717,8455.18457134106,58.1695603022281,112081264,0,0,1,,0,1,,88
Philippines,PHL,2021,191.75349615548257,140.26950047702738,8857.78995115514,63.4846098136712,113100950,0,0,1,,0,1,,88
Philippines,PHL,2022,205.05413571740831,150.96302147537162,9457.10395402883,72.4296836107599,113964338,0,0,1,,0,1,,88
Philippines,PHL,2023,211.59255918265183,160.98047573862524,9898.53294588106,67.4199693171606,114891199,0,0,1,,0,1,,88
Poland,POL,1990,324.48005404840814,376.3415160387234,12821.4636316574,,38055455,1,2005,0,-15.0,2008,0,-18.0,89
Poland,POL,1991,340.84047041876784,373.3660228570197,11879.7539252619,,38152947,1,2005,0,-14.0,2008,0,-17.0,89
Poland,POL,1992,347.8033578706507,364.2826460622019,12141.2351323725,,38233640,1,2005,0,-13.0,2008,0,-16.0,89
Poland,POL,1993,337.4836268635664,364.9578295487285,12563.1045363124,,38294882,1,2005,0,-12.0,2008,0,-15.0,89
Poland,POL,1994,325.92607639039,359.9909634349696,13200.1614164951,,38344313,1,2005,0,-11.0,2008,0,-14.0,89
Poland,POL,1995,324.15110183657634,362.4829127323862,14227.5663687798,43.5552180979904,38364667,1,2005,0,-10.0,2008,0,-13.0,89
Poland,POL,1996,331.86954349250067,377.1186328244868,15083.09812162,45.3767344453465,38359171,1,2005,0,-9.0,2008,0,-12.0,89
Poland,POL,1997,319.83560152599915,367.19908662324184,16031.7211485265,50.376378640536,38348310,1,2005,0,-8.0,2008,0,-11.0,89
Poland,POL,1998,295.3504164961555,338.98004926978007,16766.6492883267,56.5460556555084,38326437,1,2005,0,-7.0,2008,0,-10.0,89
Poland,POL,1999,307.4106621196938,329.20429260530557,17556.0026927987,53.8980187624686,38287713,1,2005,0,-6.0,2008,0,-9.0,89
Poland,POL,2000,294.0919112494567,317.3062244985189,18566.3546288772,60.6107209423297,38258071,1,2005,0,-5.0,2008,0,-8.0,89
Poland,POL,2001,289.0213489811772,313.267091939283,18800.6018648402,57.8785312712895,38247357,1,2005,0,-4.0,2008,0,-7.0,89
Poland,POL,2002,279.65215263986914,305.8524227717864,19166.9137058143,60.7967990573911,38229408,1,2005,0,-3.0,2008,0,-6.0,89
Poland,POL,2003,289.3123437464376,318.7326990178329,19855.6317989181,69.2134479841788,38203524,1,2005,0,-2.0,2008,0,-5.0,89
Poland,POL,2004,294.5438260502102,323.6207718102604,20878.6545002534,70.9815765694162,38167572,1,2005,0,-1.0,2008,0,-4.0,89
Poland,POL,2005,295.50401911379294,322.57687400566283,21568.9476594356,70.3114790902584,38124379,1,2005,1,0.0,2008,0,-3.0,89
Poland,POL,2006,311.84877108547715,336.3872456242341,22921.1975887696,77.7008035402352,38071167,1,2005,1,1.0,2008,0,-2.0,89
Poland,POL,2007,318.9838645038811,335.73463918020883,24484.0656663756,80.745399056691,38020421,1,2005,1,2.0,2008,0,-1.0,89
Poland,POL,2008,322.6081218968817,329.42844836530753,25553.9058406534,80.5746815569207,37995902,1,2005,1,3.0,2008,1,0.0,89
Poland,POL,2009,309.65037727102765,315.88628617238567,26204.410367111,74.9685965264269,38002155,1,2005,1,4.0,2008,1,1.0,89
Poland,POL,2010,329.6739192212152,334.0275213958472,27112.1333797381,82.2258523219922,38095351,1,2005,1,5.0,2008,1,2.0,89
Poland,POL,2011,325.49074189472384,333.4060654568597,28521.6612623568,86.9236892837618,38208643,1,2005,1,6.0,2008,1,3.0,89
Poland,POL,2012,321.06516588665346,325.77770469237873,28952.9157305301,88.8299033066583,38247868,1,2005,1,7.0,2008,1,4.0,89
Poland,POL,2013,304.1253349146545,321.75715324058143,29168.624211075,90.4175072415629,38259262,1,2005,1,8.0,2008,1,5.0,89
Poland,POL,2014,298.1030460989024,309.4153887345634,30334.8786569618,92.0340197113178,38265113,1,2005,1,9.0,2008,1,6.0,89
Poland,POL,2015,299.0731140321292,312.5488454091108,31700.3682364154,92.2554272741942,38266314,1,2005,1,10.0,2008,1,7.0,89
Poland,POL,2016,304.5450158404045,323.3004850852825,32675.3052259954,96.8659028060623,38263265,1,2005,1,11.0,2008,1,8.0,89
Poland,POL,2017,317.33851402254265,336.50510290923285,34354.5987616319,100.56589524628,38254959,1,2005,1,12.0,2008,1,9.0,89
Poland,POL,2018,328.76985370875633,335.718634261801,36500.4114282584,102.442462168005,38241071,1,2005,1,13.0,2008,1,10.0,89
Poland,POL,2019,309.6549405304956,317.4440703592735,38181.6230334689,101.581033817373,38225885,1,2005,1,14.0,2008,1,11.0,89
Poland,POL,2020,288.1445313336922,302.10241246061304,37852.8021313639,99.2590912303436,38171012,1,2005,1,15.0,2008,1,12.0,89
Poland,POL,2021,314.1450749454843,330.69372521158976,41059.5847829682,110.874283021945,38040302,1,2005,1,16.0,2008,1,13.0,89
Poland,POL,2022,299.5595012693855,314.8919675026237,43405.0215797441,123.021332860345,38385739,1,2005,1,17.0,2008,1,14.0,89
Poland,POL,2023,273.8557869454645,283.2434693169186,43672.7668014946,110.024935041815,38762844,1,2005,1,18.0,2008,1,15.0,89
Portugal,PRT,1990,52.78849563193797,45.31073899450697,27190.5720267046,65.0555926306887,9989524,1,2005,0,-15.0,2008,0,-18.0,90
Portugal,PRT,1991,54.73238323722906,46.87939255093596,28443.7945360375,60.3666002157807,9969176,1,2005,0,-14.0,2008,0,-17.0,90
Portugal,PRT,1992,60.99913636180915,50.956709192118964,28776.0475772622,56.3072775978983,9960340,1,2005,0,-13.0,2008,0,-16.0,90
Portugal,PRT,1993,59.17222885831608,49.46897092642542,28153.6155177218,54.1752326633391,9972342,1,2005,0,-12.0,2008,0,-15.0,90
Portugal,PRT,1994,60.207465276539644,50.24274152327397,28348.8658386375,57.1773600156865,9998487,1,2005,0,-11.0,2008,0,-14.0,90
Portugal,PRT,1995,64.50886314606666,54.50286697624242,29460.8141864854,59.9144721620053,10031751,1,2005,0,-10.0,2008,0,-13.0,90
Portugal,PRT,1996,61.28477744626505,51.79953579352828,30378.7557756391,60.2098050471666,10067649,1,2005,0,-9.0,2008,0,-12.0,90
Portugal,PRT,1997,67.62816501861599,54.669408090602374,31574.4021979124,62.3049515024583,10110551,1,2005,0,-8.0,2008,0,-11.0,90
Portugal,PRT,1998,76.28705561235041,59.21087870063281,32925.6638725861,63.8308988570361,10159525,1,2005,0,-7.0,2008,0,-10.0,90
Portugal,PRT,1999,83.57975259949446,66.8781983648471,34018.9637066508,63.3143298172237,10214871,1,2005,0,-6.0,2008,0,-9.0,90
Portugal,PRT,2000,88.42201699912808,65.50363563874186,35069.8275705133,67.4529979863247,10283204,1,2005,0,-5.0,2008,0,-8.0,90
Portugal,PRT,2001,90.34306478632998,65.18733234062954,35500.2266804093,65.0919551771122,10354325,1,2005,0,-4.0,2008,0,-7.0,90
Portugal,PRT,2002,92.22573251382919,69.58259834680656,35578.5200309,62.3082594169772,10413044,1,2005,0,-3.0,2008,0,-6.0,90
Portugal,PRT,2003,110.84470239340112,64.48204484953183,35115.379514413,61.1389474883653,10454245,1,2005,0,-2.0,2008,0,-5.0,90
Portugal,PRT,2004,111.59972183308264,67.30235531241142,35658.1298257507,63.2045936670279,10481381,1,2005,0,-1.0,2008,0,-4.0,90
Portugal,PRT,2005,128.1884180329436,69.63978672536878,35870.3092741502,62.944504560452,10502994,1,2005,1,0.0,2008,0,-3.0,90
Portugal,PRT,2006,118.4123581878114,64.85612650363474,36387.5367379523,68.5470531182009,10524120,1,2005,1,1.0,2008,0,-2.0,90
Portugal,PRT,2007,119.00114381401877,62.380101453539595,37226.4702626704,69.9461175817991,10546825,1,2005,1,2.0,2008,0,-1.0,90
Portugal,PRT,2008,117.09150797876514,60.009646914863495,37291.5048969664,72.0757429221604,10564081,1,2005,1,3.0,2008,1,0.0,90
Portugal,PRT,2009,98.5493999491977,57.14699991683266,36092.8109314688,61.4926935267759,10576267,1,2005,1,4.0,2008,1,1.0,90
Portugal,PRT,2010,98.84242952016521,52.889934525583094,36703.1141882825,67.6892401927983,10578660,1,2005,1,5.0,2008,1,2.0,90
Portugal,PRT,2011,64.27551261152435,51.78366910172797,36127.2949766157,73.0075756700531,10557052,1,2005,1,6.0,2008,1,3.0,90
Portugal,PRT,2012,51.22471211513655,49.931978840734814,34804.6333340484,75.9411067187813,10513150,1,2005,1,7.0,2008,1,4.0,90
Portugal,PRT,2013,50.954585793743895,48.14619835120477,34651.7719455059,78.0305056874282,10458298,1,2005,1,8.0,2008,1,5.0,90
Portugal,PRT,2014,49.8719119134906,47.942333299712864,35097.4098263232,80.220669072079,10406199,1,2005,1,9.0,2008,1,6.0,90
Portugal,PRT,2015,52.679226923073585,52.23304937351043,35803.3575649772,80.6346756266443,10370267,1,2005,1,10.0,2008,1,7.0,90
Portugal,PRT,2016,55.30730854207655,50.31091736412827,36636.2978441636,79.5223464844001,10346372,1,2005,1,11.0,2008,1,8.0,90
Portugal,PRT,2017,59.46009064626765,55.1651557097533,37943.1150505677,84.8077923069539,10330844,1,2005,1,12.0,2008,1,9.0,90
Portugal,PRT,2018,57.40455531540586,51.34027500461405,39123.6151282575,86.7356954918399,10325353,1,2005,1,13.0,2008,1,10.0,90
Portugal,PRT,2019,54.05222834197771,47.583049551517995,40188.2868799223,86.7709889083586,10343213,1,2005,1,14.0,2008,1,11.0,90
Portugal,PRT,2020,48.785620531094835,41.73814299398918,36852.2287338103,76.5086407209215,10370519,1,2005,1,15.0,2008,1,12.0,90
Portugal,PRT,2021,50.407464815115894,40.299845077242686,38657.6677223429,85.8735452148975,10390956,1,2005,1,16.0,2008,1,13.0,90
Portugal,PRT,2022,50.870251012971806,40.722496888379105,41070.8611529744,101.364146479435,10417073,1,2005,1,17.0,2008,1,14.0,90
Portugal,PRT,2023,47.45989403738032,37.6220382730947,41768.2583096874,93.1358537072038,10430738,1,2005,1,18.0,2008,1,15.0,90
Paraguay,PRY,1990,3.6345789276667664,2.129775629019027,9961.22171124749,91.3083408020561,4035747,0,0,0,,0,0,,91
Paraguay,PRY,1991,3.7070031089133364,2.097850452935501,10039.0438461622,89.1393192206208,4144364,0,0,0,,0,0,,91
Paraguay,PRY,1992,4.246709292954433,2.570867789633412,9947.16439036842,89.4975575588359,4253600,0,0,0,,0,0,,91
Paraguay,PRY,1993,4.393827561178655,2.9054522904055666,10177.1689434494,113.603763547842,4362696,0,0,0,,0,0,,91
Paraguay,PRY,1994,4.914491432003506,3.393406997020881,10457.768545827,123.079329466864,4471417,0,0,0,,0,0,,91
Paraguay,PRY,1995,5.3724639669685645,3.9251487575647235,10906.894612986,118.064074196549,4579806,0,0,0,,0,0,,91
Paraguay,PRY,1996,5.051589663220578,3.7063449509976785,10823.9199218797,103.035267206036,4687543,0,0,0,,0,0,,91
Paraguay,PRY,1997,5.590546462750156,4.09160324909883,11031.6219154476,95.9342762479745,4794412,0,0,0,,0,0,,91
Paraguay,PRY,1998,5.443048730917042,4.37373124909883,10801.1950460495,101.606320138559,4900025,0,0,0,,0,0,,91
Paraguay,PRY,1999,5.569092331050857,4.362407947077499,10434.0803694109,77.5552756906357,5003135,0,0,0,,0,0,,91
Paraguay,PRY,2000,5.6603960043360475,3.592480691970304,9997.3297251405,78.6447297611485,5100868,0,0,0,,0,0,,91
Paraguay,PRY,2001,5.636229561701974,3.687270739589791,9748.02702767691,72.6056990118238,5187689,0,0,0,,0,0,,91
Paraguay,PRY,2002,5.705393524154822,3.853272778854741,9609.53364585336,79.4415656482927,5261328,0,0,0,,0,0,,91
Paraguay,PRY,2003,5.329062671695793,4.025904797733657,9902.19918003817,81.1273637701163,5326436,0,0,0,,0,0,,91
Paraguay,PRY,2004,5.670220632862735,4.057538262087436,10185.9074387779,80.1044466155542,5388175,0,0,0,,0,0,,91
Paraguay,PRY,2005,5.539332655232044,3.7724715336048606,10288.800866577,85.0219636540457,5448097,0,0,1,,0,0,,91
Paraguay,PRY,2006,5.699032533386476,3.9005218965811332,10671.6449984385,84.7335313048126,5505148,0,0,1,,0,0,,91
Paraguay,PRY,2007,6.534267830434314,4.041217097702222,11140.4629098064,79.0011374202968,5559386,0,0,1,,0,0,,91
Paraguay,PRY,2008,7.797555794121728,4.2695748488602385,11749.6546354418,80.777574657268,5613574,0,0,1,,0,1,,91
Paraguay,PRY,2009,7.057541951837774,4.524970798360734,11599.8198579092,70.8419818624432,5671236,0,0,1,,0,1,,91
Paraguay,PRY,2010,8.703480144544162,5.0108398333735495,12736.9672867807,81.2575233746727,5737971,0,0,1,,0,1,,91
Paraguay,PRY,2011,9.788208023790553,5.191522578862186,13107.8104435989,78.4921238489348,5814626,0,0,1,,0,1,,91
Paraguay,PRY,2012,9.406930874226974,5.159120259953465,12833.1801619413,74.7649574560794,5897008,0,0,1,,0,1,,91
Paraguay,PRY,2013,9.859478082684795,5.169060898005503,13698.9722320262,73.3698713841075,5982445,0,0,1,,0,1,,91
Paraguay,PRY,2014,10.087590328910807,5.451217030521071,14217.5580896983,69.0837249631346,6069811,0,0,1,,0,1,,91
Paraguay,PRY,2015,10.047672452541427,6.045472897820722,14425.777586033,66.9150655259573,6159103,0,0,1,,0,1,,91
Paraguay,PRY,2016,10.945008701816363,7.1865157638513555,14824.7906280812,67.7593152322047,6249126,0,0,1,,0,1,,91
Paraguay,PRY,2017,12.420457430727048,7.93946528428556,15318.4012187276,71.0801344038377,6338660,0,0,1,,0,1,,91
Paraguay,PRY,2018,13.199531102874428,8.503592426403,15591.0142663085,72.069223625915,6427382,0,0,1,,0,1,,91
Paraguay,PRY,2019,13.16540932600292,8.268412885225777,15319.3889991221,71.2221617342433,6515058,0,0,1,,0,1,,91
Paraguay,PRY,2020,12.052269041173155,7.443760662395134,14989.7667130162,62.7602174748561,6603739,0,0,1,,0,1,,91
Paraguay,PRY,2021,13.796954297647499,8.18696748631803,15400.9446332428,69.7320126827159,6684182,0,0,1,,0,1,,91
Paraguay,PRY,2022,13.680216806061692,7.533380510834031,15222.8920228598,73.8736311444119,6760464,0,0,1,,0,1,,91
Paraguay,PRY,2023,13.124948321803126,7.645686627665059,15831.5849831308,82.5777252296516,6844146,0,0,1,,0,1,,91
Qatar,QAT,1990,9.883285971599031,11.427917637617872,75303.560170822,85.5703194983577,440175,0,0,0,,0,0,,92
Qatar,QAT,1991,14.960910999465021,17.414185332827074,71662.2042981946,80.9786079182631,454853,0,0,0,,0,0,,92
Qatar,QAT,1992,21.89913848401225,26.81586674478206,77267.1145459223,86.5658235125036,469657,0,0,0,,0,0,,92
Qatar,QAT,1993,25.556414194016465,30.720746823420026,73900.5913615776,80.7984644913628,484545,0,0,0,,0,0,,92
Qatar,QAT,1994,27.07670245790793,32.37530000625294,72711.0242088213,78.6499273553627,499459,0,0,0,,0,0,,92
Qatar,QAT,1995,28.228745492002275,33.1700760905301,72303.4779620852,87.6679508473432,514325,0,0,0,,0,0,,92
Qatar,QAT,1996,29.287963819807164,34.472461811464086,73369.8292439364,83.5092188258127,529019,0,0,0,,0,0,,92
Qatar,QAT,1997,34.83172578157371,42.232244104626226,91667.4239830935,84.4470382258535,550500,0,0,0,,0,0,,92
Qatar,QAT,1998,30.818085153908083,36.960004750105654,96675.8124711663,91.0581301901956,580540,0,0,0,,0,0,,92
Qatar,QAT,1999,16.316090784566864,36.3246164049948,95556.8522490874,85.7329697856399,612500,0,0,0,,0,0,,92
Qatar,QAT,2000,15.114422384474919,40.406481491906746,98028.5232918526,89.6126597159917,644989,0,0,0,,0,0,,92
Qatar,QAT,2001,18.89297214000753,45.91439433754968,96901.5943725606,94.968671679198,677925,0,0,0,,0,0,,92
Qatar,QAT,2002,21.49476960444867,45.174641792105625,99001.4939977461,88.4697236252199,711205,0,0,0,,0,0,,92
Qatar,QAT,2003,23.48996858529246,46.63093142913487,98068.1232492499,90.1649486943021,744682,0,0,0,,0,0,,92
Qatar,QAT,2004,23.120876845185713,47.43956809618961,112583.929924606,90.3724288385622,773332,0,0,0,,0,0,,92
Qatar,QAT,2005,26.90794730790668,47.681826851761514,113384.267001706,94.7455441696331,825408,0,0,1,,0,0,,92
Qatar,QAT,2006,36.019658442997944,59.752801844504546,121378.43895737,98.570919313572,972831,0,0,1,,0,0,,92
Qatar,QAT,2007,41.47972046373276,59.52984199554665,115272.510003238,96.11443696558,1208595,0,0,1,,0,0,,92
Qatar,QAT,2008,43.42864320871199,61.87085101209848,114879.221727674,89.4332931345959,1426938,0,0,1,,0,1,,92
Qatar,QAT,2009,54.30684035302434,65.30536401689855,114069.652335284,80.1441629727012,1586050,0,0,1,,0,1,,92
Qatar,QAT,2010,52.33600669461522,73.65118230073429,132502.281828313,86.0703268232169,1709229,0,0,1,,0,1,,92
Qatar,QAT,2011,45.912722267121474,81.80944392655783,149025.116325024,98.7216351018991,1810950,0,0,1,,0,1,,92
Qatar,QAT,2012,49.87094218726346,93.73803683434517,147077.406092637,105.746343435217,1907117,0,0,1,,0,1,,92
Qatar,QAT,2013,55.520108508549164,91.43348748463775,138046.596315458,102.383208106327,2032641,0,0,1,,0,1,,92
Qatar,QAT,2014,62.509787547383716,91.64164198385939,128013.987050891,99.0343747414317,2218372,0,0,1,,0,1,,92
Qatar,QAT,2015,73.30243263728224,93.31037074491718,123070.887876565,93.7076041736357,2427331,0,0,1,,0,1,,92
Qatar,QAT,2016,76.4068431353535,91.37833782772626,120054.408736518,89.5476001199351,2599372,0,0,1,,0,1,,92
Qatar,QAT,2017,78.36879350205847,105.65658317832784,115064.943662853,91.4945879195194,2706709,0,0,1,,0,1,,92
Qatar,QAT,2018,75.96729510947148,102.6214073728307,114909.945485127,91.838448978201,2761142,0,0,1,,0,1,,92
Qatar,QAT,2019,77.90266021854684,101.42957045110863,113160.973779334,90.0463755485388,2797921,0,0,1,,0,1,,92
Qatar,QAT,2020,78.94809738821738,101.32922989757694,103061.913422502,90.0190948833102,2803375,0,0,1,,0,1,,92
Qatar,QAT,2021,74.44991196702857,104.38568860025528,116832.570294098,92.7791585715125,2814982,0,0,1,,0,1,,92
Qatar,QAT,2022,69.95560851742655,109.5944092984921,114740.12361423,100.213647199618,2892455,0,0,1,,0,1,,92
Qatar,QAT,2023,82.22812260414891,119.54435619686964,116159.142564088,,2979082,0,0,1,,0,1,,92
Romania,ROU,1990,160.75936554329968,176.5351052204573,16316.8446680419,42.9070987294556,22939530,1,2005,0,-15.0,2008,0,-18.0,93
Romania,ROU,1991,128.7276218918512,142.25809130296534,14332.9706803349,39.1351694722991,22947413,1,2005,0,-14.0,2008,0,-17.0,93
Romania,ROU,1992,114.65178988388006,132.00282337868188,13195.0418065067,63.9902474623499,22912393,1,2005,0,-13.0,2008,0,-16.0,93
Romania,ROU,1993,108.4097713422965,122.70918383982647,13415.0188040185,51.003703370966,22842250,1,2005,0,-12.0,2008,0,-15.0,93
Romania,ROU,1994,102.23988380725851,120.868471626883,13962.7738625239,51.8670700671661,22756243,1,2005,0,-11.0,2008,0,-14.0,93
Romania,ROU,1995,103.42971745543065,125.67538790853202,14863.1855937298,56.291225396158,22657723,1,2005,0,-10.0,2008,0,-13.0,93
Romania,ROU,1996,99.88535421485366,129.11705095140593,15488.557478307,60.7813693722174,22541910,1,2005,0,-9.0,2008,0,-12.0,93
Romania,ROU,1997,88.37890518859993,118.11457208970641,14779.9977262321,63.205242332383,22411513,1,2005,0,-8.0,2008,0,-11.0,93
Romania,ROU,1998,87.17111264638089,104.78342122261547,14509.9931843509,53.838795710082,22284900,1,2005,0,-7.0,2008,0,-10.0,93
Romania,ROU,1999,79.30034304707215,88.89859884990979,14478.0493538392,57.9736750449875,22166159,1,2005,0,-6.0,2008,0,-9.0,93
Romania,ROU,2000,87.81430528998018,93.2062568396946,14853.6063681531,48.5213253850786,22046262,1,2005,0,-5.0,2008,0,-8.0,93
Romania,ROU,2001,94.69422695568446,98.92806622464887,15848.3039143162,51.9285910211481,21919917,1,2005,0,-4.0,2008,0,-7.0,93
Romania,ROU,2002,94.19454003567756,99.06888690839877,17061.6293695412,53.7102478139376,21770017,1,2005,0,-3.0,2008,0,-6.0,93
Romania,ROU,2003,99.84761589317638,103.7073587460453,17587.462617764,56.1795270470243,21593450,1,2005,0,-2.0,2008,0,-5.0,93
Romania,ROU,2004,101.42526744537858,103.23262547362444,19532.4800205184,60.6264786669408,21403217,1,2005,0,-1.0,2008,0,-4.0,93
Romania,ROU,2005,102.62768616707818,101.33659598078917,20570.925514681,59.3605494490555,21213388,1,2005,1,0.0,2008,0,-3.0,93
Romania,ROU,2006,104.61560227922084,104.29000023575072,22354.5637860053,61.6836259265159,21035732,1,2005,1,1.0,2008,0,-2.0,93
Romania,ROU,2007,113.76719050557976,108.49659988744116,24328.3931332788,63.5051566734658,20870716,1,2005,1,2.0,2008,0,-1.0,93
Romania,ROU,2008,115.18361562016018,106.99731739435477,27039.6000864291,65.1752009979412,20718742,1,2005,1,3.0,2008,1,0.0,93
Romania,ROU,2009,91.60566748603482,87.80575459803688,25761.6305517205,58.4700583666529,20576927,1,2005,1,4.0,2008,1,1.0,93
Romania,ROU,2010,90.81308011529904,84.48790508430717,24902.9044891466,69.9549354932718,20432574,1,2005,1,5.0,2008,1,2.0,93
Romania,ROU,2011,94.41482199494425,92.39070504269056,26150.7476231736,76.271356441629,20282011,1,2005,1,6.0,2008,1,3.0,93
Romania,ROU,2012,87.8573761377138,89.84771317049675,26767.4556487181,76.5943239913672,20158452,1,2005,1,7.0,2008,1,4.0,93
Romania,ROU,2013,77.38239144629551,78.79546713614535,26941.9318849595,81.3976131747183,20062921,1,2005,1,8.0,2008,1,5.0,93
Romania,ROU,2014,80.24939081776539,79.33535047875446,28156.1307843293,83.3751429575201,19968174,1,2005,1,9.0,2008,1,6.0,93
Romania,ROU,2015,78.76543227573279,78.04599144117286,29181.8781722441,83.5205767017155,19871019,1,2005,1,10.0,2008,1,7.0,93
Romania,ROU,2016,79.57958587336445,76.58691706180517,30189.147723024,85.8925282906884,19777051,1,2005,1,11.0,2008,1,8.0,93
Romania,ROU,2017,83.42925387912636,79.43234149241657,32852.6355672255,87.1560645667801,19689401,1,2005,1,12.0,2008,1,9.0,93
Romania,ROU,2018,88.13185502803088,79.87441937457342,34828.8958637884,87.0911701095809,19597872,1,2005,1,13.0,2008,1,10.0,93
Romania,ROU,2019,85.14592426967096,76.69035735737076,36399.4746080793,84.9063630584793,19501542,1,2005,1,14.0,2008,1,11.0,93
Romania,ROU,2020,80.98196232283644,73.94638062757484,35283.6060358241,78.3616463562709,19392469,1,2005,1,15.0,2008,1,12.0,93
Romania,ROU,2021,85.94898541874407,77.50126563521181,37534.0002643549,87.0711965460145,19248161,1,2005,1,16.0,2008,1,13.0,93
Romania,ROU,2022,83.5561365490872,73.18602593912848,39256.8260854977,93.9496509383447,19166772,1,2005,1,17.0,2008,1,14.0,93
Romania,ROU,2023,78.25139248422512,67.86601842093897,40116.6891416904,83.3753324062231,19118479,1,2005,1,18.0,2008,1,15.0,93
Russian Federation,RUS,1990,2043.0363952183407,2536.283664463759,29643.595703125,36.1067991307048,148979541,1,2005,0,-15.0,2008,0,-18.0,94
Russian Federation,RUS,1991,2058.1476518971185,2407.641676885629,28066.921875,26.2567036110118,149448433,1,2005,0,-14.0,2008,0,-17.0,94
Russian Federation,RUS,1992,732.7831118248853,1963.4583441315149,23965.244140625,110.577064702788,148915991,1,2005,0,-13.0,2008,0,-16.0,94
Russian Federation,RUS,1993,1095.215659384636,1866.5247847977278,21899.517578125,68.6984432394613,148135424,1,2005,0,-12.0,2008,0,-15.0,94
Russian Federation,RUS,1994,1162.944702320218,1646.8762668760457,19153.36328125,50.9537126483831,148200736,1,2005,0,-11.0,2008,0,-14.0,94
Russian Federation,RUS,1995,1152.8048714530353,1618.286227924803,18363.712890625,55.1829054657257,148291403,1,2005,0,-10.0,2008,0,-13.0,94
Russian Federation,RUS,1996,1252.7418053545964,1586.632659471441,17699.869140625,47.922500819419,148084582,1,2005,0,-9.0,2008,0,-12.0,94
Russian Federation,RUS,1997,1187.0146898326366,1481.9634693630057,17977.3515625,47.2569214100748,147853771,1,2005,0,-8.0,2008,0,-11.0,94
Russian Federation,RUS,1998,1044.2870320883446,1465.8586821280614,17052.755859375,55.7722532849766,147635531,1,2005,0,-7.0,2008,0,-10.0,94
Russian Federation,RUS,1999,1000.6280617622147,1494.0877597775248,18200.3203125,69.393281498812,147241975,1,2005,0,-6.0,2008,0,-9.0,94
Russian Federation,RUS,2000,986.2241751550915,1480.5764110875382,20104.75,68.0939070373555,146717783,1,2005,0,-5.0,2008,0,-8.0,94
Russian Federation,RUS,2001,1102.5674842852613,1518.0814027764497,21219.904296875,61.1108586644206,146117284,1,2005,0,-4.0,2008,0,-7.0,94
Russian Federation,RUS,2002,1111.054263022418,1508.3298192684292,22319.677734375,59.6454457319607,145939500,1,2005,0,-3.0,2008,0,-6.0,94
Russian Federation,RUS,2003,1170.1139484931134,1539.0064038062078,24057.927734375,59.1282690076014,145794229,1,2005,0,-2.0,2008,0,-5.0,94
Russian Federation,RUS,2004,1194.7766634789705,1545.3533302739577,25894.146484375,56.5818523984055,145180097,1,2005,0,-1.0,2008,0,-4.0,94
Russian Federation,RUS,2005,1205.7350746413936,1563.980466516493,27656.658203125,56.7132484905422,144597884,1,2005,1,0.0,2008,0,-3.0,94
Russian Federation,RUS,2006,1235.915789574602,1623.428479353935,30022.671875,54.733401867266,144102948,1,2005,1,1.0,2008,0,-2.0,94
Russian Federation,RUS,2007,1306.6128453995746,1624.3154828985491,32630.369140625,51.7061227454606,143859764,1,2005,1,2.0,2008,0,-1.0,94
Russian Federation,RUS,2008,1327.2527475040026,1652.7314952606514,34342.2265625,53.3824660408908,143811840,1,2005,1,3.0,2008,1,0.0,94
Russian Federation,RUS,2009,1231.6759932475304,1545.2364021455032,31654.00390625,48.4350610278181,143869132,1,2005,1,4.0,2008,1,1.0,94
Russian Federation,RUS,2010,1301.8420699506933,1633.1474409509703,33063.5859375,50.3555054872589,143934465,1,2005,1,5.0,2008,1,2.0,94
Russian Federation,RUS,2011,1360.8169835018543,1684.9890489342688,34444.64453125,48.0353994077919,144043748,1,2005,1,6.0,2008,1,3.0,94
Russian Federation,RUS,2012,1421.475946587179,1700.103981004939,35740.69921875,47.1513903857957,144291029,1,2005,1,7.0,2008,1,4.0,94
Russian Federation,RUS,2013,1382.7893390763916,1637.5470264029311,36260.06640625,46.287149400499,144604098,1,2005,1,8.0,2008,1,5.0,94
Russian Federation,RUS,2014,1347.9284606961087,1637.311317785852,35853.24609375,47.8013412628116,144925638,1,2005,1,9.0,2008,1,6.0,94
Russian Federation,RUS,2015,1269.2296344722793,1635.2435600874778,35037.15234375,49.3593493116887,145307616,1,2005,1,10.0,2008,1,7.0,94
Russian Federation,RUS,2016,1272.5121852653926,1629.3283099627095,35005.4453125,46.5181198396096,145778677,1,2005,1,11.0,2008,1,8.0,94
Russian Federation,RUS,2017,1303.498995235287,1661.0122130811899,35570.703125,46.8765243371311,146186799,1,2005,1,12.0,2008,1,9.0,94
Russian Federation,RUS,2018,1250.8000897375434,1709.909725791587,36536.6953125,51.5809003703964,146430146,1,2005,1,13.0,2008,1,10.0,94
Russian Federation,RUS,2019,1286.3242998493465,1704.45862176555,37319.3203125,49.2287536619033,146533067,1,2005,1,14.0,2008,1,11.0,94
Russian Federation,RUS,2020,1278.6051156366432,1631.9016592877683,36376.3359375,45.9669082029127,146371299,1,2005,1,15.0,2008,1,12.0,94
Russian Federation,RUS,2021,1238.1408763896031,1674.52425139888,38638.4296875,50.5861954621752,145836175,1,2005,1,16.0,2008,1,13.0,94
Russian Federation,RUS,2022,1279.4094436458722,1675.4608112486676,38214.69140625,42.7663082313349,145579899,1,2005,1,17.0,2008,1,14.0,94
Russian Federation,RUS,2023,1405.9815901191141,1733.1345911193162,39881.44921875,41.3395116492933,145440500,1,2005,1,18.0,2008,1,15.0,94
Rwanda,RWA,1990,0.6289697942675097,0.5238636543789248,1165.72605253503,22.0766042745161,7375307,0,0,0,,0,0,,95
Rwanda,RWA,1991,0.5798293212609739,0.4721355468226994,1113.51791998185,28.4390391639438,7526966,0,0,0,,0,0,,95
Rwanda,RWA,1992,0.5928398474840723,0.47948588887887367,1154.92927021895,26.9855238358271,7683266,0,0,0,,0,0,,95
Rwanda,RWA,1993,0.5978585231295922,0.4829450061288464,1021.6713088588,29.2504525898822,7981132,0,0,0,,0,0,,95
Rwanda,RWA,1994,0.5866100158434141,0.4621233538964711,597.262798593604,82.6653915922914,6792352,0,0,0,,0,0,,95
Rwanda,RWA,1995,0.5869102670961589,0.4510972067714659,966.810405419343,35.5084537965888,5674118,0,0,0,,0,0,,95
Rwanda,RWA,1996,0.5082181938356874,0.46403925051513506,921.92827675502,36.809895604067,6708764,0,0,0,,0,0,,95
Rwanda,RWA,1997,0.48875755305780605,0.482527566380887,907.980685925245,37.9015933606179,7755238,0,0,0,,0,0,,95
Rwanda,RWA,1998,0.4972832577812043,0.48152191583906867,948.490660501395,32.8449012952097,8081681,0,0,0,,0,0,,95
Rwanda,RWA,1999,0.5040789226564899,0.5024072805915553,981.722501554685,31.155176977133,8147912,0,0,0,,0,0,,95
Rwanda,RWA,2000,0.7112412992785441,0.5151331451397475,1055.35042339776,31.3192321274779,8213931,0,0,0,,0,0,,95
Rwanda,RWA,2001,0.5009599060987138,0.5189953485950941,1134.78453153468,33.1583013228126,8287094,0,0,0,,0,0,,95
Rwanda,RWA,2002,0.4797065883292839,0.5115427866539867,1267.19396540218,31.3172752974708,8400180,0,0,0,,0,0,,95
Rwanda,RWA,2003,0.4975876493034445,0.5054363809126154,1266.94449487196,32.8189983492155,8586875,0,0,0,,0,0,,95
Rwanda,RWA,2004,0.5676628017478864,0.5157604977430452,1325.79557312503,37.0316755294291,8816844,0,0,0,,0,0,,95
Rwanda,RWA,2005,0.505783964771962,0.5139082699937951,1412.06107949967,38.0262688816851,9054528,0,0,1,,0,0,,95
Rwanda,RWA,2006,0.5181792046967072,0.5141055022127662,1501.7646218593,33.6578390444203,9299246,0,0,1,,0,0,,95
Rwanda,RWA,2007,0.5575610286316443,0.5421773527516779,1573.96811218011,36.4479761431748,9549933,0,0,1,,0,0,,95
Rwanda,RWA,2008,0.578428224669577,0.5314826240000012,1704.25449057727,37.9969638376772,9804269,0,0,1,,0,1,,95
Rwanda,RWA,2009,0.5436544819453152,0.5548352160000004,1764.63484961094,37.2137499920385,10060432,0,0,1,,0,1,,95
Rwanda,RWA,2010,0.6022228435878413,0.5809768000000003,1846.86326840066,37.7415245466166,10317553,0,0,1,,0,1,,95
Rwanda,RWA,2011,0.68177467928336,0.6433557999999986,1945.53705383878,40.1597511764349,10573733,0,0,1,,0,1,,95
Rwanda,RWA,2012,0.7951731827708236,0.7184659679999985,2063.66474823031,41.081185425557,10829901,0,0,1,,0,1,,95
Rwanda,RWA,2013,0.7823905841166123,0.7788462679999998,2109.74668811567,43.260980041775,11093340,0,0,1,,0,1,,95
Rwanda,RWA,2014,0.9000211627110263,0.8298043514782599,2176.09492014666,44.4828257252622,11364757,0,0,1,,0,1,,95
Rwanda,RWA,2015,1.0536682217330624,0.9667820480000003,2313.09716940962,45.7348675761767,11640022,0,0,1,,0,1,,95
Rwanda,RWA,2016,1.0967990532500527,1.0519969680000003,2386.74841002826,50.08973657056,11919183,0,0,1,,0,1,,95
Rwanda,RWA,2017,1.891804012859399,1.1697237199999984,2441.08540816509,54.2079656602139,12202060,0,0,1,,0,1,,95
Rwanda,RWA,2018,2.5212238425371845,1.3130750988075868,2577.69730366075,47.9830578657248,12487996,0,0,1,,0,1,,95
Rwanda,RWA,2019,2.700692672486459,1.4134916325000013,2753.53959810856,48.892715033759,12776103,0,0,1,,0,1,,95
Rwanda,RWA,2020,2.5086477881382647,1.3943107481326515,2617.70706034364,44.3511840604967,13065837,0,0,1,,0,1,,95
Rwanda,RWA,2021,2.979792717236169,1.6990493195000018,2776.39276387923,59.8007993935018,13355260,0,0,1,,0,1,,95
Rwanda,RWA,2022,3.4002495427251564,1.9572264180957977,2983.10774007304,60.9591709408266,13651030,0,0,1,,0,1,,95
Rwanda,RWA,2023,3.517231514513544,2.016014902649401,3168.03075281515,66.8925839339472,13954471,0,0,1,,0,1,,95
Saudi Arabia,SAU,1990,173.1751767680957,181.97109790965106,65196.573386053,71.7080755916236,10640691,0,0,0,,0,0,,96
Saudi Arabia,SAU,1991,225.71181695103434,244.533911878746,67268.5518488763,74.6992988351616,11160744,0,0,0,,0,0,,96
Saudi Arabia,SAU,1992,254.28377000372046,276.01134986312707,67183.9100290945,75.0920345777317,11686676,0,0,0,,0,0,,96
Saudi Arabia,SAU,1993,277.4758787946405,297.754210108551,64517.6652891052,67.80697438575,12215862,0,0,0,,0,0,,96
Saudi Arabia,SAU,1994,271.9963581603058,291.20852437244463,62403.6937320122,60.0713114592181,12750040,0,0,0,,0,0,,96
Saudi Arabia,SAU,1995,255.86716878923696,274.6045031632249,60058.3174503511,65.0417272083752,13289245,0,0,0,,0,0,,96
Saudi Arabia,SAU,1996,252.74651999674919,269.49841414696726,59612.8125993665,66.653820067958,13831009,0,0,0,,0,0,,96
Saudi Arabia,SAU,1997,214.09895937346568,227.14864761509148,58875.5473738828,65.1880669440449,14374943,0,0,0,,0,0,,96
Saudi Arabia,SAU,1998,227.7354246791101,218.91496791694072,58306.622809723,56.0883926105725,14922185,0,0,0,,0,0,,96
Saudi Arabia,SAU,1999,188.2370169675747,237.71638897818104,55878.1736494426,57.8460488194196,15472075,0,0,0,,0,0,,96
Saudi Arabia,SAU,2000,203.12281534228384,309.63913349747963,55962.2661342789,68.1664488005167,16177722,0,0,0,,0,0,,96
Saudi Arabia,SAU,2001,226.05144104454328,324.3736395847423,53309.111388544,63.5605836794513,17041397,0,0,0,,0,0,,96
Saudi Arabia,SAU,2002,236.01928840702308,346.93049245413624,50371.9783079834,64.5927974099254,17910910,0,0,0,,0,0,,96
Saudi Arabia,SAU,2003,317.2779274938851,351.22770515525826,52234.649280791,69.831170708742,18786767,0,0,0,,0,0,,96
Saudi Arabia,SAU,2004,354.68812108185807,407.70231501088034,54196.5514152953,75.0828366569341,19669480,0,0,0,,0,0,,96
Saudi Arabia,SAU,2005,355.55702625366644,412.2344402569095,54931.7942450845,81.9540759410158,20559890,0,0,1,,0,0,,96
Saudi Arabia,SAU,2006,386.62175284418953,444.9772780462499,54373.737695386,89.9446046768984,21459144,0,0,1,,0,0,,96
Saudi Arabia,SAU,2007,382.24192293164793,423.31409686673095,53318.4191601834,94.8633170967657,22368313,0,0,1,,0,0,,96
Saudi Arabia,SAU,2008,425.84631229824464,469.43037919827816,54407.7081673247,96.1026308742185,23287877,0,0,1,,0,1,,96
Saudi Arabia,SAU,2009,479.85096122700446,503.96966262975235,51760.7643987566,84.8583415624843,24217654,0,0,1,,0,1,,96
Saudi Arabia,SAU,2010,519.9825644637481,555.6397423111273,54911.547517012,82.5496850227537,25157128,0,0,1,,0,1,,96
Saudi Arabia,SAU,2011,502.41279889056773,540.2358147055191,58645.4459416531,84.3594342438995,26105645,0,0,1,,0,1,,96
Saudi Arabia,SAU,2012,574.2908519850106,605.7122965567465,59471.7001909394,81.74067854616,27062443,0,0,1,,0,1,,96
Saudi Arabia,SAU,2013,569.9883186116742,583.1779332522904,57998.4644619155,80.2515014286783,28026825,0,0,1,,0,1,,96
Saudi Arabia,SAU,2014,590.7633509211461,585.109131162316,58872.2671400126,78.000111117736,28998128,0,0,1,,0,1,,96
Saudi Arabia,SAU,2015,653.7501683410351,624.5470082503742,58498.5399040699,67.1052692300592,29974938,0,0,1,,0,1,,96
Saudi Arabia,SAU,2016,639.9055673549703,641.1741706486016,57308.4484127497,57.9216635110364,30717808,0,0,1,,0,1,,96
Saudi Arabia,SAU,2017,623.7970018314974,644.4865071134344,57942.5484983044,59.5319791578229,30782402,0,0,1,,0,1,,96
Saudi Arabia,SAU,2018,616.0092446875523,652.2041933647849,61359.4653740388,59.1029104697141,30365121,0,0,1,,0,1,,96
Saudi Arabia,SAU,2019,672.1932672220639,708.3347404225157,62647.7299487842,56.7938204886513,30472811,0,0,1,,0,1,,96
Saudi Arabia,SAU,2020,648.8488396440263,653.5646766910149,57420.7335736424,47.533159225048,30991207,0,0,1,,0,1,,96
Saudi Arabia,SAU,2021,669.2849378265029,695.3944481586616,62690.4966645929,50.8839263398787,31328375,0,0,1,,0,1,,96
Saudi Arabia,SAU,2022,627.8137185200077,666.9935091642358,67178.5902274906,56.8241647749332,32175352,0,0,1,,0,1,,96
Saudi Arabia,SAU,2023,654.1041543716174,677.4418935616994,64481.8441927288,55.7974682325487,33264292,0,0,1,,0,1,,96
Senegal,SEN,1990,3.2811947672027517,2.9299560105833105,2923.34412470397,44.7892639604104,7720523,0,0,0,,0,0,,97
Senegal,SEN,1991,3.4639037024961974,3.1080700900505103,2917.01427785749,42.1828996492748,7943085,0,0,0,,0,0,,97
Senegal,SEN,1992,3.585297873293746,3.1658708750496176,2874.00297967023,41.4568617276384,8168395,0,0,0,,0,0,,97
Senegal,SEN,1993,3.6961039769817465,3.2861920125563335,2834.02797282021,38.7742599564223,8396288,0,0,0,,0,0,,97
Senegal,SEN,1994,3.911122766832991,3.6357286326612615,2757.86087514528,54.7381345984609,8624078,0,0,0,,0,0,,97
Senegal,SEN,1995,3.444047930177272,2.990440642534596,2835.03272875198,52.7254034277702,8848101,0,0,0,,0,0,,97
Senegal,SEN,1996,4.029242912261528,3.24278677036043,2822.46837324556,46.272432717398,9067014,0,0,0,,0,0,,97
Senegal,SEN,1997,3.9589470082441136,3.1823682625437613,2840.60808860536,47.2413224036235,9283495,0,0,0,,0,0,,97
Senegal,SEN,1998,4.042699922981975,3.3335650623817275,2938.69162552253,48.0986748167655,9502952,0,0,0,,0,0,,97
Senegal,SEN,1999,4.459306908935978,3.6035933075860385,3050.17800999452,49.4852621662422,9730887,0,0,0,,0,0,,97
Senegal,SEN,2000,5.099059809784568,3.9020521236714782,3093.28791603382,48.680089723263,9968260,0,0,0,,0,0,,97
Senegal,SEN,2001,5.128218441669931,4.2580997216686365,3149.33113704283,49.7205780648314,10212942,0,0,0,,0,0,,97
Senegal,SEN,2002,5.557741617680063,4.4369247032994314,3075.23157503874,53.1442994641329,10466214,0,0,0,,0,0,,97
Senegal,SEN,2003,5.950774994643048,4.927511901318225,3170.03494689265,50.8212198933376,10721176,0,0,0,,0,0,,97
Senegal,SEN,2004,6.352591961083288,5.238223446195205,3240.30201670643,53.6592031275529,10975704,0,0,0,,0,0,,97
Senegal,SEN,2005,6.993850411149435,5.538918603217517,3301.82076161633,54.9032435689485,11235472,0,0,1,,0,0,,97
Senegal,SEN,2006,6.222487389569103,4.429717641574488,3301.03152415011,54.1362378092613,11500094,0,0,1,,0,0,,97
Senegal,SEN,2007,7.353143445383628,5.195955262874488,3316.42037835596,59.2713043549794,11770344,0,0,1,,0,0,,97
Senegal,SEN,2008,7.264208375052958,4.740294688792375,3359.70567091144,62.7617698176319,12048959,0,0,1,,0,1,,97
Senegal,SEN,2009,6.626720954064797,5.25766793812501,3371.46166689451,52.3072908773365,12337389,0,0,1,,0,1,,97
Senegal,SEN,2010,7.840706510134926,6.8623909144079995,3403.56707166762,52.4578551962948,12635413,0,0,1,,0,1,,97
Senegal,SEN,2011,9.744875118664584,7.818836907144615,3362.87940538165,57.5768785989578,12958897,0,0,1,,0,1,,97
Senegal,SEN,2012,9.815006208233743,7.362128642567003,3405.10864461668,61.9753040040375,13310495,0,0,1,,0,1,,97
Senegal,SEN,2013,10.907997031018846,7.852668950987605,3385.425906874,60.6267663596737,13710849,0,0,1,,0,1,,97
Senegal,SEN,2014,12.443792496187143,8.72436036773283,3484.01219750661,58.4425289760992,14152102,0,0,1,,0,1,,97
Senegal,SEN,2015,13.283040624311527,9.845416346414972,3593.79477121279,58.1103376742017,14593331,0,0,1,,0,1,,97
Senegal,SEN,2016,14.372986640317725,10.012805272527302,3710.05531591559,54.1081692072139,15034521,0,0,1,,0,1,,97
Senegal,SEN,2017,15.135392350100338,10.757183169931102,3871.45146786374,57.8165678119905,15475002,0,0,1,,0,1,,97
Senegal,SEN,2018,16.515409470352395,11.330392293564017,3998.28635303867,61.7898394793183,15914498,0,0,1,,0,1,,97
Senegal,SEN,2019,17.174221826519684,12.71145625242223,4070.6122705955,64.2362506061005,16352922,0,0,1,,0,1,,97
Senegal,SEN,2020,15.600938078010143,10.819990073128384,4018.04129279044,60.0468716137065,16789219,0,0,1,,0,1,,97
Senegal,SEN,2021,17.47754421818099,12.319013746069858,4173.67741399617,69.3759939883832,17220867,0,0,1,,0,1,,97
Senegal,SEN,2022,19.060720071395636,14.132717001568286,4228.73382643662,79.3974220189679,17651103,0,0,1,,0,1,,97
Senegal,SEN,2023,19.032690236660596,14.081856920683991,4304.76148721773,71.5942815846823,18077573,0,0,1,,0,1,,97
Singapore,SGP,1990,61.75053748972255,43.53557485902828,45961.0598271094,344.33221784507,3039591,0,0,0,,0,0,,98
Singapore,SGP,1991,62.83810081422289,44.235472,47659.4966886953,323.887994825751,3136291,0,0,0,,0,0,,98
Singapore,SGP,1992,75.01469283257296,47.441472000000005,49319.8192699525,311.312267281518,3226465,0,0,0,,0,0,,98
Singapore,SGP,1993,73.45603386591446,49.661856,53598.4639619519,313.416139807665,3317892,0,0,0,,0,0,,98
Singapore,SGP,1994,78.31272982937959,60.085936000000004,57706.871164823,316.216547584567,3417817,0,0,0,,0,0,,98
Singapore,SGP,1995,77.72151762461792,40.545824,59997.0074442828,345.459263895462,3533624,0,0,0,,0,0,,98
Singapore,SGP,1996,79.7119198186818,48.012941415348045,61911.5030358083,334.911163288092,3664560,0,0,0,,0,0,,98
Singapore,SGP,1997,86.46812218076171,56.73704,64846.0629277791,323.86442214814,3796622,0,0,0,,0,0,,98
Singapore,SGP,1998,64.38377848539032,47.41216,61306.7734542676,312.079255674686,3901418,0,0,0,,0,0,,98
Singapore,SGP,1999,84.43694447073752,49.20019200000001,64296.6384874384,336.484846412882,3966557,0,0,0,,0,0,,98
Singapore,SGP,2000,157.95158808421408,37.36872000000002,68904.1280154511,364.364520468218,4035245,0,0,0,,0,0,,98
Singapore,SGP,2001,143.52364622092918,38.525220349526165,66352.1492865891,349.292105694978,4116166,0,0,0,,0,0,,98
Singapore,SGP,2002,152.2473845680924,40.20839999999989,68328.932172058,349.746013985676,4146892,0,0,0,,0,0,,98
Singapore,SGP,2003,100.49139267028931,39.53404311828267,72497.86860121,377.218564301581,4138245,0,0,0,,0,0,,98
Singapore,SGP,2004,118.47182388512597,40.99999999999989,78712.5347297388,401.523712538509,4172767,0,0,0,,0,0,,98
Singapore,SGP,2005,127.24621967117677,39.59999999999988,82547.482835778,420.430512920559,4268364,0,0,1,,0,0,,98
Singapore,SGP,2006,133.70291382121425,40.6000000000001,87210.0480467646,425.363399543019,4407058,0,0,1,,0,0,,98
Singapore,SGP,2007,127.90611866720927,41.099999999999845,91198.1515708456,394.288471919078,4596515,0,0,1,,0,0,,98
Singapore,SGP,2008,175.11794699187428,40.19999999999994,88083.2853664583,437.326714891057,4806741,0,0,1,,0,1,,98
Singapore,SGP,2009,101.47520681321123,40.8,85575.755106675,358.192811828842,4968568,0,0,1,,0,1,,98
Singapore,SGP,2010,105.45616679138243,44.399999999999984,96280.0168756448,369.685555787646,5077014,0,0,1,,0,1,,98
Singapore,SGP,2011,199.0437168585209,47.00000000000012,100153.729405945,379.098631377539,5182239,0,0,1,,0,1,,98
Singapore,SGP,2012,205.41910224264916,46.09999999999985,102061.11936105,369.212965787665,5293340,0,0,1,,0,1,,98
Singapore,SGP,2013,241.8150837587448,47.00000000000012,105259.693561054,367.041780049019,5385588,0,0,1,,0,1,,98
Singapore,SGP,2014,189.47420435332984,47.60000000000018,107990.891202625,360.467319166237,5457900,0,0,1,,0,1,,98
Singapore,SGP,2015,162.94310729563574,49.39999999999999,109894.041337341,329.471398940262,5525340,0,0,1,,0,1,,98
Singapore,SGP,2016,161.7491183153089,49.10000000000014,112719.947951111,301.338866227561,5577930,0,0,1,,0,1,,98
Singapore,SGP,2017,169.49336960360176,50.1,117492.967994526,315.401433455385,5604078,0,0,1,,0,1,,98
Singapore,SGP,2018,176.68215333111695,50.29999999999989,120668.888726158,325.725809994853,5634369,0,0,1,,0,1,,98
Singapore,SGP,2019,175.658856534018,48.99999999999983,120678.341978557,324.270088576625,5669563,0,0,1,,0,1,,98
Singapore,SGP,2020,155.60339586501772,46.6999999999999,116684.213596572,331.080556828077,5620150,0,0,1,,0,1,,98
Singapore,SGP,2021,177.05422166367612,50.1,133990.186782104,326.53325458764,5546290,0,0,1,,0,1,,98
Singapore,SGP,2022,195.57808609307432,48.93388231042254,134828.001392614,330.246917062891,5649885,0,0,1,,0,1,,98
Singapore,SGP,2023,186.92568775699624,51.0676166562391,130296.843789261,323.7012199919,5789090,0,0,1,,0,1,,98
El Salvador,SLV,1990,3.855019671049002,2.4710798833980157,5976.01762522026,49.6156277783176,5399726,0,0,0,,0,0,,99
El Salvador,SLV,1991,4.48148008898797,3.149418617630454,5960.05892897788,47.7534309263615,5495077,0,0,0,,0,0,,99
El Salvador,SLV,1992,4.774739497201785,3.3128562289606696,6275.18767116905,48.675245823902,5585609,0,0,0,,0,0,,99
El Salvador,SLV,1993,5.197654004498213,3.9661895350345433,6553.07234073841,53.5272904870361,5659957,0,0,0,,0,0,,99
El Salvador,SLV,1994,5.74727089574849,4.502057121436311,6795.50608897192,55.1486486416098,5714129,0,0,0,,0,0,,99
El Salvador,SLV,1995,6.314831712899337,4.985848023607586,7057.92025248354,59.3607543357884,5762131,0,0,0,,0,0,,99
El Salvador,SLV,1996,5.87875323338202,4.3996831340485905,7062.30007824136,55.2818567293307,5805286,0,0,0,,0,0,,99
El Salvador,SLV,1997,6.869060057196399,5.398205965001422,7234.94456228435,63.5570927549383,5844578,0,0,0,,0,0,,99
El Salvador,SLV,1998,7.806168095635393,5.7112190829119305,7381.114604175,60.8722907509534,5880781,0,0,0,,0,0,,99
El Salvador,SLV,1999,7.376277877681727,5.566912986764836,7498.46741097206,60.9904896201298,5913900,0,0,0,,0,0,,99
El Salvador,SLV,2000,8.42098535893652,5.64769345026783,7545.44796218991,68.7100889044911,5943366,0,0,0,,0,0,,99
El Salvador,SLV,2001,8.358875503001315,5.829351594157047,7580.32338410159,65.8907385362251,5968060,0,0,0,,0,0,,99
El Salvador,SLV,2002,8.339586955765466,6.035627172409257,7675.67106195114,65.9190907767708,5986631,0,0,0,,0,0,,99
El Salvador,SLV,2003,8.88167739360864,6.396045193679977,7780.27177685599,68.23698247861,5998599,0,0,0,,0,0,,99
El Salvador,SLV,2004,8.446507404230369,6.2159839869535825,7841.53237886842,69.7822641767691,6004671,0,0,0,,0,0,,99
El Salvador,SLV,2005,8.669880978723802,6.261617503454546,8050.5345128919,69.7158116750578,6005578,0,0,1,,0,0,,99
El Salvador,SLV,2006,9.842854912160204,6.68938065561694,8404.24674903143,73.4555675070266,6002319,0,0,1,,0,0,,99
El Salvador,SLV,2007,9.807791160762982,6.81892800488419,8548.83476118605,77.6210560347995,6009824,0,0,1,,0,0,,99
El Salvador,SLV,2008,9.375952558949097,6.3746972657613865,8704.80584632591,80.6659739399085,6029297,0,0,1,,0,1,,99
El Salvador,SLV,2009,8.074526751496435,6.282821813024183,8494.49847423621,66.0711911744487,6048279,0,0,1,,0,1,,99
El Salvador,SLV,2010,7.9473492194334145,6.286845688041518,8648.92982717672,73.5372876725398,6068249,0,0,1,,0,1,,99
El Salvador,SLV,2011,8.657255106044945,6.4666897764868105,8945.93132970006,79.2766437025052,6090127,0,0,1,,0,1,,99
El Salvador,SLV,2012,8.35591889108661,6.436424820635281,9162.56212613508,77.6485716222883,6113975,0,0,1,,0,1,,99
El Salvador,SLV,2013,8.570945868119365,6.058055119811104,9329.46202222861,80.4511944908271,6138839,0,0,1,,0,1,,99
El Salvador,SLV,2014,8.625733315294353,6.120197721076479,9451.744607867,78.1044257477935,6162955,0,0,1,,0,1,,99
El Salvador,SLV,2015,9.114421536325818,6.637127835294267,9646.15432339854,76.5602707370519,6183676,0,0,1,,0,1,,99
El Salvador,SLV,2016,9.33727526105842,6.572030634547282,9863.76121214453,72.8190933731491,6200800,0,0,1,,0,1,,99
El Salvador,SLV,2017,8.760738967248852,5.941629148968827,10064.7934942601,74.3046511916519,6213533,0,0,1,,0,1,,99
El Salvador,SLV,2018,9.891773138129485,6.4521619387913605,10297.203612692,75.6336168879956,6219807,0,0,1,,0,1,,99
El Salvador,SLV,2019,10.575337306271194,7.634155155625087,10543.9383291317,76.0420130991468,6222318,0,0,1,,0,1,,99
El Salvador,SLV,2020,9.032227680567894,6.134853721076478,9692.44931605799,66.4595069497083,6234673,0,0,1,,0,1,,99
El Salvador,SLV,2021,10.143105953685254,6.976690830051283,10809.713399518,81.8450759800765,6255782,0,0,1,,0,1,,99
El Salvador,SLV,2022,11.006423031514382,7.912706031405246,11085.6166169553,88.7011372097555,6280319,0,0,1,,0,1,,99
El Salvador,SLV,2023,11.25533481947158,8.669882101843786,11404.3342262685,79.8122651787866,6309624,0,0,1,,0,1,,99
Slovakia,SVK,1990,70.98068132584467,61.52854284331736,17521.025057579,56.466265712049,5266078,1,2005,0,-15.0,2008,0,-18.0,100
Slovakia,SVK,1991,56.48685400783281,53.33392785440782,14955.954207806,86.7736125430284,5284874,1,2005,0,-14.0,2008,0,-17.0,100
Slovakia,SVK,1992,54.00437779251655,48.930975121167805,13946.1630793919,131.441897608458,5306436,1,2005,0,-13.0,2008,0,-16.0,100
Slovakia,SVK,1993,50.007950016791696,46.394330765014566,14157.1814374204,110.829226635557,5326360,1,2005,0,-12.0,2008,0,-15.0,100
Slovakia,SVK,1994,43.9775291882113,43.803521284490394,14976.5773554129,107.060186670689,5343231,1,2005,0,-11.0,2008,0,-14.0,100
Slovakia,SVK,1995,45.82616076145627,44.19417094545513,15805.4133298742,107.235188114551,5354282,1,2005,0,-10.0,2008,0,-13.0,100
Slovakia,SVK,1996,44.37421691745873,44.0755153550038,16737.1722199043,110.817704215698,5362428,1,2005,0,-9.0,2008,0,-12.0,100
Slovakia,SVK,1997,43.27637126463989,44.147078696354555,17622.7797477898,117.288133745109,5369779,1,2005,0,-8.0,2008,0,-11.0,100
Slovakia,SVK,1998,45.716025511344306,43.87752616752108,18272.5224455534,101.906217751394,5374796,1,2005,0,-7.0,2008,0,-10.0,100
Slovakia,SVK,1999,44.14735009221277,43.088352023187944,18167.4957173327,97.530252180251,5378104,1,2005,0,-6.0,2008,0,-9.0,100
Slovakia,SVK,2000,42.104107377729015,41.1870403688786,18335.6834506937,108.939262958746,5379999,1,2005,0,-5.0,2008,0,-8.0,100
Slovakia,SVK,2001,44.160820297482985,43.27272473732011,18906.6014279038,121.931131222912,5379437,1,2005,0,-4.0,2008,0,-7.0,100
Slovakia,SVK,2002,42.54141821946426,42.033698852145584,19748.9318737056,120.599168045888,5377688,1,2005,0,-3.0,2008,0,-6.0,100
Slovakia,SVK,2003,41.5469234985063,42.35922635403893,20721.7128107535,125.998506220804,5376196,1,2005,0,-2.0,2008,0,-5.0,100
Slovakia,SVK,2004,42.57721910830567,42.85655780419892,21842.9563752621,140.222460021585,5376038,1,2005,0,-1.0,2008,0,-4.0,100
Slovakia,SVK,2005,40.19142861380698,42.85726820865771,23257.1758521642,148.705461161746,5376695,1,2005,1,0.0,2008,0,-3.0,100
Slovakia,SVK,2006,43.20451142185205,42.63935047098443,25331.8740217421,164.992205726236,5376846,1,2005,1,1.0,2008,0,-2.0,100
Slovakia,SVK,2007,47.846257785137254,41.03185391226221,28064.2457264668,166.580025216882,5376999,1,2005,1,2.0,2008,0,-1.0,100
Slovakia,SVK,2008,51.00472189497202,41.42529867263119,29544.090596762,162.464472991641,5379120,1,2005,1,3.0,2008,1,0.0,100
Slovakia,SVK,2009,44.31449681033017,37.68112507366567,27880.4111227638,136.714352092364,5385073,1,2005,1,4.0,2008,1,1.0,100
Slovakia,SVK,2010,48.01179520750898,38.46435453416911,29745.9196662166,155.108497681586,5391851,1,2005,1,5.0,2008,1,2.0,100
Slovakia,SVK,2011,48.148599761929916,38.045109051118466,30468.8257049455,169.178076311066,5398109,1,2005,1,6.0,2008,1,3.0,100
Slovakia,SVK,2012,41.474160193091066,35.96140643687752,30894.3118010926,176.968958181431,5404871,1,2005,1,7.0,2008,1,4.0,100
Slovakia,SVK,2013,39.96848081917494,35.621707663387745,31078.1848215695,180.903136491458,5410422,1,2005,1,8.0,2008,1,5.0,100
Slovakia,SVK,2014,37.63737893985913,33.708172727914324,31888.805351531,176.756316098132,5415230,1,2005,1,9.0,2008,1,6.0,100
Slovakia,SVK,2015,38.27658303650493,34.52785352076537,33507.7913603774,179.42602289503,5420278,1,2005,1,10.0,2008,1,7.0,100
Slovakia,SVK,2016,40.64657269213536,34.977551549927924,34116.4502039273,182.757379596201,5427259,1,2005,1,11.0,2008,1,8.0,100
Slovakia,SVK,2017,39.52955062735082,36.183944155148126,35042.7858925618,186.644687399549,5435700,1,2005,1,12.0,2008,1,9.0,100
Slovakia,SVK,2018,40.75374852400518,36.18406847412442,36415.7920529507,188.732964699496,5443232,1,2005,1,13.0,2008,1,10.0,100
Slovakia,SVK,2019,38.80675832702434,33.85318953873504,37194.2104548698,183.722608631236,5450626,1,2005,1,14.0,2008,1,11.0,100
Slovakia,SVK,2020,35.935613818614726,31.17616116913096,36201.4863805533,167.534173320366,5455024,1,2005,1,15.0,2008,1,12.0,100
Slovakia,SVK,2021,39.886728906418575,35.25132183947137,38330.302743447,181.97948448512,5442759,1,2005,1,16.0,2008,1,13.0,100
Slovakia,SVK,2022,37.69138919006374,31.58946414902482,38648.9855746919,204.056318531151,5473197,1,2005,1,17.0,2008,1,14.0,100
Slovakia,SVK,2023,35.03494924816378,30.76624549737778,39501.9474231962,181.39087235645,5518055,1,2005,1,18.0,2008,1,15.0,100
Slovenia,SVN,1990,21.499852654358143,15.09732689562237,25349.79771871,139.573592304258,1998007,1,2005,0,-15.0,2008,0,-18.0,101
Slovenia,SVN,1991,20.081598671170514,13.976541329628231,23078.9929501783,130.099381673414,1999193,1,2005,0,-14.0,2008,0,-17.0,101
Slovenia,SVN,1992,22.277509754034565,13.88593891386278,21850.057102159,98.3919559552935,1995859,1,2005,0,-13.0,2008,0,-16.0,101
Slovenia,SVN,1993,20.927641652116503,14.254250384728289,22524.9591876226,96.0223552504566,1990811,1,2005,0,-12.0,2008,0,-15.0,101
Slovenia,SVN,1994,19.94167848864247,14.639139572740445,23752.4377245413,97.1248049291133,1988262,1,2005,0,-11.0,2008,0,-14.0,101
Slovenia,SVN,1995,20.923006981510802,15.356991519528812,24722.6569167591,93.0505272972723,1988095,1,2005,0,-10.0,2008,0,-13.0,101
Slovenia,SVN,1996,21.125227574722278,16.00261277711657,25458.8966701239,93.6684415177777,1986793,1,2005,0,-9.0,2008,0,-12.0,101
Slovenia,SVN,1997,21.662811978019754,16.512502213861687,26811.4873226649,96.4295395033677,1984398,1,2005,0,-8.0,2008,0,-11.0,101
Slovenia,SVN,1998,22.004853173161635,16.044564504983455,27693.2827424197,97.068081542623,1980064,1,2005,0,-7.0,2008,0,-10.0,101
Slovenia,SVN,1999,19.004221048130706,15.418648051235044,29131.350613532,92.9581874247278,1981194,1,2005,0,-6.0,2008,0,-9.0,101
Slovenia,SVN,2000,19.399108347191586,15.059753079520494,30061.2061910089,104.620348581459,1986816,1,2005,0,-5.0,2008,0,-8.0,101
Slovenia,SVN,2001,20.389247121973455,16.309182915334105,30862.8959874504,105.583223530684,1989679,1,2005,0,-4.0,2008,0,-7.0,101
Slovenia,SVN,2002,19.637210945333404,16.57091162201257,31836.5215656188,104.880458289416,1991572,1,2005,0,-3.0,2008,0,-6.0,101
Slovenia,SVN,2003,19.79961089823128,16.278082289673517,32833.9045969454,103.280027127626,1992490,1,2005,0,-2.0,2008,0,-5.0,101
Slovenia,SVN,2004,20.470336054688538,16.710708502126714,34304.5565023331,112.399933466762,1993545,1,2005,0,-1.0,2008,0,-4.0,101
Slovenia,SVN,2005,20.689679330947154,16.941976628440848,35565.0427189638,121.127284217914,1996914,1,2005,1,0.0,2008,0,-3.0,101
Slovenia,SVN,2006,21.10065185640274,17.184160415828973,37546.4956078863,130.517913086158,2003114,1,2005,1,1.0,2008,0,-2.0,101
Slovenia,SVN,2007,23.10193934031281,17.349081417880733,40002.7018991991,137.66309435102,2014158,1,2005,1,2.0,2008,0,-1.0,101
Slovenia,SVN,2008,23.692063804779945,18.28460313130336,41286.3462491223,135.387093664802,2025085,1,2005,1,3.0,2008,1,0.0,101
Slovenia,SVN,2009,19.11177156005202,16.20941020584637,37809.1735513927,114.482301023638,2035608,1,2005,1,4.0,2008,1,1.0,101
Slovenia,SVN,2010,19.808721951670627,16.465504662972833,38063.314683572,128.606575425363,2044612,1,2005,1,5.0,2008,1,2.0,101
Slovenia,SVN,2011,20.899034387598398,16.364208785928305,38233.2905622851,140.332355750319,2048804,1,2005,1,6.0,2008,1,3.0,101
Slovenia,SVN,2012,18.946123150789372,15.76510079321807,37040.7082746106,143.656448572975,2053321,1,2005,1,7.0,2008,1,4.0,101
Slovenia,SVN,2013,17.83759248843942,15.13678486409939,36685.7496645094,145.168789432403,2056441,1,2005,1,8.0,2008,1,5.0,101
Slovenia,SVN,2014,17.215743307303782,13.56833958584805,37662.2559898098,146.471705096746,2058401,1,2005,1,9.0,2008,1,6.0,101
Slovenia,SVN,2015,17.638294272274614,13.658673379044735,38534.6437425951,147.218367714503,2059947,1,2005,1,10.0,2008,1,7.0,101
Slovenia,SVN,2016,18.058800902264313,14.468011979922938,39674.8931561968,148.238448080388,2061373,1,2005,1,11.0,2008,1,8.0,101
Slovenia,SVN,2017,19.423044403476553,14.637193357103156,41700.651085028,158.70213584467,2062410,1,2005,1,12.0,2008,1,9.0,101
Slovenia,SVN,2018,20.55472512733089,14.56335165156523,43369.221946981,162.613493975851,2069481,1,2005,1,13.0,2008,1,10.0,101
Slovenia,SVN,2019,20.035697463934795,14.053007371958621,44577.9418583069,160.044275685249,2083439,1,2005,1,14.0,2008,1,11.0,101
Slovenia,SVN,2020,18.427149423034326,12.872990670257819,42471.5228031277,147.549008584942,2102419,1,2005,1,15.0,2008,1,12.0,101
Slovenia,SVN,2021,20.18190509777895,13.076158294597283,45922.6632600134,161.788727511439,2113494,1,2005,1,16.0,2008,1,13.0,101
Slovenia,SVN,2022,20.61933161904102,12.72783996118313,47058.8865960028,186.647076274632,2115228,1,2005,1,17.0,2008,1,14.0,101
Slovenia,SVN,2023,19.735309904117088,12.012164381691411,47986.4195855821,160.1596693009,2118396,1,2005,1,18.0,2008,1,15.0,101
Sweden,SWE,1990,112.16932710767833,57.416508220068614,40199.7074219831,55.9055187749585,8558567,1,2005,0,-15.0,2008,0,-18.0,102
Sweden,SWE,1991,105.88054702344057,57.66395664122594,39469.0716472828,51.1702274975964,8616959,1,2005,0,-14.0,2008,0,-17.0,102
Sweden,SWE,1992,114.7895365629372,57.509807892151144,38783.6397676396,50.8524074665653,8667574,1,2005,0,-13.0,2008,0,-16.0,102
Sweden,SWE,1993,107.52791050800728,57.51675415396857,37762.5408221358,58.2335910018621,8718036,1,2005,0,-12.0,2008,0,-15.0,102
Sweden,SWE,1994,107.1529137625694,59.99739828520226,39000.8277233984,63.9497416473143,8780190,1,2005,0,-11.0,2008,0,-14.0,102
Sweden,SWE,1995,107.77167329249752,59.487262950288326,40385.2139711185,68.6810841853675,8826302,1,2005,0,-10.0,2008,0,-13.0,102
Sweden,SWE,1996,95.50504601764048,63.34902376685052,41008.3531746727,66.506522070023,8840327,1,2005,0,-9.0,2008,0,-12.0,102
Sweden,SWE,1997,83.04991838629206,58.35530060662477,42241.0607742258,71.9948985844646,8845524,1,2005,0,-8.0,2008,0,-11.0,102
Sweden,SWE,1998,86.48998361904609,58.76717402911947,44010.1074358278,74.3347541033848,8850609,1,2005,0,-7.0,2008,0,-10.0,102
Sweden,SWE,1999,79.63105615405993,55.93661974848316,45823.3018418117,74.8479171666973,8857686,1,2005,0,-6.0,2008,0,-9.0,102
Sweden,SWE,2000,84.33729909725142,54.89239171458797,47868.5077292571,81.4721590850121,8872101,1,2005,0,-5.0,2008,0,-8.0,102
Sweden,SWE,2001,76.9892973540772,55.78230613941857,48389.8185132591,80.5691828117714,8896022,1,2005,0,-4.0,2008,0,-7.0,102
Sweden,SWE,2002,80.26207426011041,56.63379818238375,49331.2032555738,77.0853186972402,8925047,1,2005,0,-3.0,2008,0,-6.0,102
Sweden,SWE,2003,84.5781842191211,57.2209932743212,50072.4736462925,75.3282174864238,8958431,1,2005,0,-2.0,2008,0,-5.0,102
Sweden,SWE,2004,84.3946269176172,56.42752525370536,51960.5321902953,78.7358819187356,8993808,1,2005,0,-1.0,2008,0,-4.0,102
Sweden,SWE,2005,86.705517378229,53.787478994030366,53198.67120001,84.167923018031,9029771,1,2005,1,0.0,2008,0,-3.0,102
Sweden,SWE,2006,88.07276161460713,53.65084573395695,55373.9338115393,88.3302608918239,9080623,1,2005,1,1.0,2008,0,-2.0,102
Sweden,SWE,2007,88.95198257368875,52.87879857687229,56737.3689179302,89.5469236610223,9148274,1,2005,1,2.0,2008,0,-1.0,102
Sweden,SWE,2008,86.71452170720202,50.7654407408252,55777.3973050094,92.8083687095596,9219900,1,2005,1,3.0,2008,1,0.0,102
Sweden,SWE,2009,74.16448966162116,47.1433046254281,52950.7103332467,81.958313967393,9298740,1,2005,1,4.0,2008,1,1.0,102
Sweden,SWE,2010,83.31729155507921,53.028585005064976,55520.4324178534,85.0914849272733,9378232,1,2005,1,5.0,2008,1,2.0,102
Sweden,SWE,2011,82.15258706245712,49.11376793806756,56846.1368290625,86.3907448060188,9449259,1,2005,1,6.0,2008,1,3.0,102
Sweden,SWE,2012,75.01430305607342,46.606914165092014,56193.3287488246,85.2980605424359,9519487,1,2005,1,7.0,2008,1,4.0,102
Sweden,SWE,2013,72.51128539920622,45.10588499857847,56353.0856347897,81.6402521329964,9600620,1,2005,1,8.0,2008,1,5.0,102
Sweden,SWE,2014,71.34373725377768,43.384745788167756,57077.6693544196,83.8229810483527,9696433,1,2005,1,9.0,2008,1,6.0,102
Sweden,SWE,2015,69.1465689465429,43.31014276682762,58955.6412361461,84.1730765958171,9799481,1,2005,1,10.0,2008,1,7.0,102
Sweden,SWE,2016,70.32084598853288,43.30837690811608,59460.2872722689,83.4519478574149,9923280,1,2005,1,11.0,2008,1,8.0,102
Sweden,SWE,2017,70.98906202127104,42.35542443077539,59769.0136237,86.0693088740521,10057862,1,2005,1,12.0,2008,1,9.0,102
Sweden,SWE,2018,71.07647430900069,41.85600067444127,60124.5711994179,90.4087142361701,10175405,1,2005,1,13.0,2008,1,10.0,102
Sweden,SWE,2019,66.99912485353896,40.77247982905156,61070.5243445838,92.7511390290561,10279125,1,2005,1,14.0,2008,1,11.0,102
Sweden,SWE,2020,60.11997033671605,36.6222183391503,59458.2805291969,84.4745958141618,10353686,1,2005,1,15.0,2008,1,12.0,102
Sweden,SWE,2021,66.17971205762987,38.56798389227504,62190.8526983825,91.1102374413042,10416131,1,2005,1,16.0,2008,1,13.0,102
Sweden,SWE,2022,66.33924881831784,36.342157189724745,62544.5002248644,107.111751826512,10487338,1,2005,1,17.0,2008,1,14.0,102
Sweden,SWE,2023,61.721594177714316,36.70859738650661,62122.5116950792,107.619709443974,10551494,1,2005,1,18.0,2008,1,15.0,102
Togo,TGO,1990,0.9270904235988218,0.9776435974746774,2409.14819593078,59.7664883098492,3998761,0,0,0,,0,0,,103
Togo,TGO,1991,0.9947504999683061,1.049805887037944,2324.31142051729,59.4614554308219,4115560,0,0,0,,0,0,,103
Togo,TGO,1992,1.0054690625165252,1.0304963565656218,2169.39272878269,49.6550131360584,4233617,0,0,0,,0,0,,103
Togo,TGO,1993,1.0512173033405503,1.0688072377104152,1863.03725042104,42.7125004415732,4207453,0,0,0,,0,0,,103
Togo,TGO,1994,0.9740757452275827,1.006679422835969,2133.27158147519,57.5643564343816,4222940,0,0,0,,0,0,,103
Togo,TGO,1995,1.17191837662448,1.1747409999999985,2185.1955668286,55.6017737303644,4410832,0,0,0,,0,0,,103
Togo,TGO,1996,1.1765412221419107,1.2651710000000016,2278.14214284206,59.4098688003353,4577860,0,0,0,,0,0,,103
Togo,TGO,1997,0.8078228411696821,0.8789859999999995,2519.00042956277,53.2069014922318,4725030,0,0,0,,0,0,,103
Togo,TGO,1998,1.1596755526836346,1.2899670000000003,2400.05346254709,55.737924512227,4860913,0,0,0,,0,0,,103
Togo,TGO,1999,1.2401055372530514,1.8504340000000006,2399.45741291511,50.108899621779,5000269,0,0,0,,0,0,,103
Togo,TGO,2000,0.9816969058592543,1.3313719999999984,2321.9504188468,48.8080041114183,5140037,0,0,0,,0,0,,103
Togo,TGO,2001,0.7573004712947675,1.1589129999999992,2283.5849230071,51.3941520650307,5277382,0,0,0,,0,0,,103
Togo,TGO,2002,0.9947575747980596,1.3224709999999993,2312.96463035074,51.609565282441,5413274,0,0,0,,0,0,,103
Togo,TGO,2003,1.1111954612309236,1.8047310000000016,2407.5857838237,55.389978417259,5552167,0,0,0,,0,0,,103
Togo,TGO,2004,1.0270179196475349,1.7439289999999998,2326.60102463281,57.8710938708872,5696508,0,0,0,,0,0,,103
Togo,TGO,2005,1.1186849425888212,1.7215909999999999,2164.01599552728,61.4542800128481,5844631,0,0,1,,0,0,,103
Togo,TGO,2006,3.742462618546098,1.5005060000000006,2158.94393995769,61.6128604620733,6010668,0,0,1,,0,0,,103
Togo,TGO,2007,1.2802884080372996,1.5167519999999988,2067.21836135015,61.7740721086659,6188344,0,0,1,,0,0,,103
Togo,TGO,2008,1.2314529835898598,1.5227779999999995,2082.64201553182,62.3076674472105,6368812,0,0,1,,0,1,,103
Togo,TGO,2009,1.8666233526000113,2.5356540000000005,2126.4413192509,62.210419994299,6551865,0,0,1,,0,1,,103
Togo,TGO,2010,1.8317999429727545,2.595698000000001,2181.59889262038,66.7974885937104,6732590,0,0,1,,0,1,,103
Togo,TGO,2011,1.7423966256147858,2.5039200000000017,2246.56204522679,77.732312664143,6916474,0,0,1,,0,1,,103
Togo,TGO,2012,1.8411249191425612,2.2156289999999985,2333.19276737886,75.7132085684163,7100736,0,0,1,,0,1,,103
Togo,TGO,2013,1.192413194772169,1.635224000000002,2416.37805101152,82.1477877564195,7285442,0,0,1,,0,1,,103
Togo,TGO,2014,1.3182170895716872,1.4906020000000004,2501.43253092917,70.9156517502517,7472450,0,0,1,,0,1,,103
Togo,TGO,2015,1.7901492010350524,1.7983610370370362,2588.27260980499,69.1281378813376,7663195,0,0,1,,0,1,,103
Togo,TGO,2016,2.2740041664371176,2.292640273972602,2648.90084835076,66.4450409805081,7858289,0,0,1,,0,1,,103
Togo,TGO,2017,1.7838677710376847,1.9119819453814786,2708.61122396846,58.2088602526732,8057140,0,0,1,,0,1,,103
Togo,TGO,2018,7.8787424922022415,2.0338280383561655,2787.56398409759,57.5737388499452,8258778,0,0,1,,0,1,,103
Togo,TGO,2019,7.992052654401689,2.3637012054794506,2862.62661160331,56.3398500747576,8463068,0,0,1,,0,1,,103
Togo,TGO,2020,7.54014808545641,2.751282465753425,2861.29796240513,55.0659513954403,8669720,0,0,1,,0,1,,103
Togo,TGO,2021,8.356782123266054,2.620181205479451,2952.09730066985,56.3775580757321,8878379,0,0,1,,0,1,,103
Togo,TGO,2022,8.885321027166372,2.738667279820077,3086.40878742334,61.575092396894,9089738,0,0,1,,0,1,,103
Togo,TGO,2023,8.64733373002306,2.671013215065333,3215.82300022488,59.9291777017427,9304337,0,0,1,,0,1,,103
Thailand,THA,1990,124.81858967310608,86.56326401942968,8702.899560469,75.7823643645399,54738329,0,0,0,,0,0,,104
Thailand,THA,1991,126.07663809196103,95.04482580300375,9295.04057342995,78.4711349774175,55637434,0,0,0,,0,0,,104
Thailand,THA,1992,165.42536481327434,105.51345274639289,9887.97373654022,77.9546456926093,56528834,0,0,0,,0,0,,104
Thailand,THA,1993,161.47528546675164,121.8550568047299,10539.9611081001,77.7461171174097,57408198,0,0,0,,0,0,,104
Thailand,THA,1994,167.19006421497807,136.87002693764094,11216.2548285636,81.2489529938277,58260854,0,0,0,,0,0,,104
Thailand,THA,1995,178.48997704708262,153.6500452546936,11955.2188089811,89.7561749368245,59098232,0,0,0,,0,0,,104
Thailand,THA,1996,180.26260125745216,173.56581729668773,12457.6820831228,84.2741479979753,59920064,0,0,0,,0,0,,104
Thailand,THA,1997,168.51513541776455,181.20273715938322,11954.1474335919,95.0517906464755,60724584,0,0,0,,0,0,,104
Thailand,THA,1998,128.250892341409,159.7040316856979,10898.3370239872,100.240473732828,61522630,0,0,0,,0,0,,104
Thailand,THA,1999,149.53037124241476,167.23470945585544,11254.6098303333,100.706288704433,62299043,0,0,0,,0,0,,104
Thailand,THA,2000,150.0068976768207,167.35215200720077,11623.7874580461,121.297955351472,63007815,0,0,0,,0,0,,104
Thailand,THA,2001,156.27233895976664,172.26683392563626,11902.6109229705,120.267966273533,63651141,0,0,0,,0,0,,104
Thailand,THA,2002,172.1332540754843,184.66546194206433,12513.5421967032,114.969743021067,64266437,0,0,0,,0,0,,104
Thailand,THA,2003,187.3106435196077,191.08773521678648,13288.7481561137,116.692819704865,64868166,0,0,0,,0,0,,104
Thailand,THA,2004,207.39757634072242,207.33068781200606,13998.521730812,127.411873720393,65452047,0,0,0,,0,0,,104
Thailand,THA,2005,221.65891727592972,214.3251483483561,14459.825626203,137.853866832247,66017420,0,0,1,,0,0,,104
Thailand,THA,2006,218.123325823261,215.82466384659642,15052.6955101059,134.086946191268,66567687,0,0,1,,0,0,,104
Thailand,THA,2007,223.54377241899581,224.08256691318462,15744.3652449147,129.873226989717,67102394,0,0,1,,0,0,,104
Thailand,THA,2008,234.89577009372772,224.24874546741108,15893.5084947968,140.437011540931,67619830,0,0,1,,0,1,,104
Thailand,THA,2009,231.49717220600067,228.83622971208857,15667.6047343164,119.269418854589,68121080,0,0,1,,0,1,,104
Thailand,THA,2010,257.3799208678196,241.01898567448686,16732.187029014,127.250522638251,68579447,0,0,1,,0,1,,104
Thailand,THA,2011,264.5407342531239,244.87816600254996,16768.1688542486,139.675407224576,69007208,0,0,1,,0,1,,104
Thailand,THA,2012,286.782539811791,262.34765826031577,17871.5786477565,137.67493851024,69436098,0,0,1,,0,1,,104
Thailand,THA,2013,295.2122231045044,263.7535047309703,18244.4071505088,132.462274174269,69845114,0,0,1,,0,1,,104
Thailand,THA,2014,275.9745466062021,272.4876516557506,18326.604873747,130.905495444398,70216367,0,0,1,,0,1,,104
Thailand,THA,2015,274.26220535160445,277.0987162154608,18814.0408554566,124.839662152526,70540795,0,0,1,,0,1,,104
Thailand,THA,2016,285.35986061346495,284.04547781689337,19372.7128024107,120.57522728913,70859841,0,0,1,,0,1,,104
Thailand,THA,2017,290.296670357683,283.3476251301225,20096.8605455164,120.891427433638,71160187,0,0,1,,0,1,,104
Thailand,THA,2018,305.51486027458975,288.30491621353116,20882.1707419576,120.841864730984,71376079,0,0,1,,0,1,,104
Thailand,THA,2019,303.67084558957896,281.87742962070945,21280.1504518601,109.689514715166,71522271,0,0,1,,0,1,,104
Thailand,THA,2020,300.07771733961346,271.92331410612934,19950.2844063147,97.6624419371158,71641484,0,0,1,,0,1,,104
Thailand,THA,2021,309.3442421846308,267.14180876114887,20236.9760408784,117.131472183199,71727332,0,0,1,,0,1,,104
Thailand,THA,2022,319.54739019974846,272.57335982056657,20768.4800093577,132.813458288082,71735329,0,0,1,,0,1,,104
Thailand,THA,2023,305.5672202752863,264.73368116457647,21245.2706771879,128.792359690165,71702435,0,0,1,,0,1,,104
Tajikistan,TJK,1990,5.566094484221549,12.306643953929225,4173.04607982249,,5398768,0,0,0,,0,0,,105
Tajikistan,TJK,1991,4.354399039309557,10.015058137632325,3777.10750632183,,5541205,0,0,0,,0,0,,105
Tajikistan,TJK,1992,4.108788806335588,7.332642000000001,2630.38658066186,,5649400,0,0,0,,0,0,,105
Tajikistan,TJK,1993,2.8137126967835657,5.152616144278625,2169.96747353928,70.196305829774,5724993,0,0,0,,0,0,,105
Tajikistan,TJK,1994,1.285063769919751,2.3450547999999984,1678.33851733918,86.3658415841584,5825368,0,0,0,,0,0,,105
Tajikistan,TJK,1995,0.5460418800195377,2.434787999999998,1439.50277584065,137.515902578797,5948584,0,0,0,,0,0,,105
Tajikistan,TJK,1996,2.4768592286796016,2.8236501999999994,1175.79407235242,156.670590142672,6066523,0,0,0,,0,0,,105
Tajikistan,TJK,1997,3.340222633969076,2.1504295999999985,1181.28110133633,181.590119644925,6139829,0,0,0,,0,0,,105
Tajikistan,TJK,1998,4.187439801110189,2.496599799999999,1236.67552895556,106.89554276797,6176397,0,0,0,,0,0,,105
Tajikistan,TJK,1999,4.021881598410903,2.5189127999999985,1275.82249026045,133.60594795539,6208370,0,0,0,,0,0,,105
Tajikistan,TJK,2000,3.7550050496420497,2.236463199999999,1365.23327447129,175.351206134214,6284735,0,0,0,,0,0,,105
Tajikistan,TJK,2001,3.7525366578147183,2.2873965999999992,1467.39882474638,146.657305562056,6407377,0,0,0,,0,0,,105
Tajikistan,TJK,2002,4.3794941655279755,1.8724008000000008,1594.93890470219,138.6839688324,6531669,0,0,0,,0,0,,105
Tajikistan,TJK,2003,5.793955948129583,2.0717041999999983,1736.64039749855,137.669592976856,6658575,0,0,0,,0,0,,105
Tajikistan,TJK,2004,6.069138056708628,2.5615104000000017,1878.28696227255,128.338170674363,6790547,0,0,0,,0,0,,105
Tajikistan,TJK,2005,7.204333142523735,2.4405184060606073,1965.30020458256,126.994699303416,6924720,0,0,1,,0,0,,105
Tajikistan,TJK,2006,9.153260266991925,2.6562289999999997,2063.288508243,141.153912074728,7057566,0,0,1,,0,0,,105
Tajikistan,TJK,2007,6.398061897858086,3.2287673999999997,2181.89798056536,145.528099715723,7194477,0,0,1,,0,0,,105
Tajikistan,TJK,2008,7.7291656868778436,2.8970176000000016,2308.09430040334,114.480149093579,7338403,0,0,1,,0,1,,105
Tajikistan,TJK,2009,6.128340816613679,2.4449540000000005,2349.50030269416,85.9781370434108,7490230,0,0,1,,0,1,,105
Tajikistan,TJK,2010,8.594726754075337,2.5347862861313852,2449.27358745359,73.493044509473,7652141,0,0,1,,0,1,,105
Tajikistan,TJK,2011,8.670370559315748,2.342442486075949,2572.48074895498,79.7842446734572,7824785,0,0,1,,0,1,,105
Tajikistan,TJK,2012,6.565546265063411,2.934479599999998,2700.09546037358,83.1759445401528,8014084,0,0,1,,0,1,,105
Tajikistan,TJK,2013,11.000377449583436,2.9082852000000003,2828.38542075147,71.7437428882341,8216724,0,0,1,,0,1,,105
Tajikistan,TJK,2014,20.15025153911536,4.606222265372176,2943.08867917317,54.6071596053705,8425552,0,0,1,,0,1,,105
Tajikistan,TJK,2015,9.61555896154219,5.306567123595513,3041.44479553257,49.9378160689555,8643840,0,0,1,,0,1,,105
Tajikistan,TJK,2016,13.937433515186077,6.015884413568151,3169.9667820524,55.7246446907573,8865631,0,0,1,,0,1,,105
Tajikistan,TJK,2017,13.93605887292161,6.8794875903349935,3312.71202243506,53.7861046057767,9085946,0,0,1,,0,1,,105
Tajikistan,TJK,2018,11.881819867893675,8.080876540439446,3479.69235966041,55.8461114113303,9307333,0,0,1,,0,1,,105
Tajikistan,TJK,2019,11.882828808781374,8.71416824794105,3649.88375518646,56.0450159145896,9529966,0,0,1,,0,1,,105
Tajikistan,TJK,2020,11.555381126582583,9.423311254305172,3724.7489591466,55.7491040194954,9749310,0,0,1,,0,1,,105
Tajikistan,TJK,2021,11.27567899220707,9.384338379725799,3985.91247611219,71.825937435383,9966908,0,0,1,,0,1,,105
Tajikistan,TJK,2022,13.772278075250595,10.520923342119993,4213.75618362687,65.4355115893577,10182222,0,0,1,,0,1,,105
Tajikistan,TJK,2023,13.020795100661982,10.264285086600264,4472.3241378777,65.6347010367354,10389799,0,0,1,,0,1,,105
Trinidad and Tobago,TTO,1990,10.53211454963505,16.97843616369475,11869.5287266317,,1252208,0,0,0,,0,0,,106
Trinidad and Tobago,TTO,1991,11.23142179686857,16.96438391915403,12142.348150297,,1262171,0,0,0,,0,0,,106
Trinidad and Tobago,TTO,1992,12.791835201825945,19.09825423952041,13267.9770581707,,1271674,0,0,0,,0,0,,106
Trinidad and Tobago,TTO,1993,11.638849320363887,17.405425443087395,13088.7073855168,,1280466,0,0,0,,0,0,,106
Trinidad and Tobago,TTO,1994,9.868151747451721,15.342087017797834,13472.7464155031,,1288341,0,0,0,,0,0,,106
Trinidad and Tobago,TTO,1995,8.761719243273257,14.72466125806363,13912.3133299045,,1295169,0,0,0,,0,0,,106
Trinidad and Tobago,TTO,1996,11.352728896304564,18.44869110836705,14838.9026529676,,1300928,0,0,0,,0,0,,106
Trinidad and Tobago,TTO,1997,11.84209946053214,18.899971601123465,15895.2438763164,,1305836,0,0,0,,0,0,,106
Trinidad and Tobago,TTO,1998,13.10189850423665,19.892258988985215,17129.0911444686,,1310225,0,0,0,,0,0,,106
Trinidad and Tobago,TTO,1999,11.466341093155537,22.580384371676253,18440.5741312908,,1314708,0,0,0,,0,0,,106
Trinidad and Tobago,TTO,2000,10.065725272527494,24.350034505215238,19637.5545410721,,1319774,0,0,0,,0,0,,106
Trinidad and Tobago,TTO,2001,12.079671110880303,26.739747125107552,20366.753132212,,1325567,0,0,0,,0,0,,106
Trinidad and Tobago,TTO,2002,14.878119426071011,28.682531099078233,21876.8529070403,,1332011,0,0,0,,0,0,,106
Trinidad and Tobago,TTO,2003,17.62655417278897,32.36993162078029,24910.823196152,,1338709,0,0,0,,0,0,,106
Trinidad and Tobago,TTO,2004,17.210147712039625,32.68836309151036,26757.9075601429,,1345380,0,0,0,,0,0,,106
Trinidad and Tobago,TTO,2005,16.174126980278995,38.204890248743695,29536.4394101096,,1352034,0,0,1,,0,0,,106
Trinidad and Tobago,TTO,2006,14.530039033468649,42.70789651115941,33348.7507470886,,1358698,0,0,1,,0,0,,106
Trinidad and Tobago,TTO,2007,20.353033437264514,45.56360635293017,34793.6457521105,,1365377,0,0,1,,0,0,,106
Trinidad and Tobago,TTO,2008,19.74683058743527,44.442502681435855,35825.3333456362,,1372084,0,0,1,,0,1,,106
Trinidad and Tobago,TTO,2009,25.59494797566269,44.41749084136936,34212.2683057008,,1379056,0,0,1,,0,1,,106
Trinidad and Tobago,TTO,2010,25.439357992312402,47.092348250177615,35145.1253639062,,1386654,0,0,1,,0,1,,106
Trinidad and Tobago,TTO,2011,19.51015303046727,47.04340479319312,34769.7620251376,,1394983,0,0,1,,0,1,,106
Trinidad and Tobago,TTO,2012,21.57239787246764,46.15908450524519,36903.6898574094,,1403809,0,0,1,,0,1,,106
Trinidad and Tobago,TTO,2013,14.372804277890355,45.79930749982597,37994.0686480473,,1412653,0,0,1,,0,1,,106
Trinidad and Tobago,TTO,2014,19.369607562969204,46.86581472790533,39248.6570516023,,1421131,0,0,1,,0,1,,106
Trinidad and Tobago,TTO,2015,23.143599518663013,45.533675545928205,38963.9641783011,,1429188,0,0,1,,0,1,,106
Trinidad and Tobago,TTO,2016,28.398774373521647,39.86735525688295,35914.9901970983,,1437026,0,0,1,,0,1,,106
Trinidad and Tobago,TTO,2017,24.79562672322769,40.29689262594083,34095.9899256152,,1445261,0,0,1,,0,1,,106
Trinidad and Tobago,TTO,2018,22.91439065345859,40.307357420614764,33710.0178540008,,1470518,0,0,1,,0,1,,106
Trinidad and Tobago,TTO,2019,25.752982309119226,40.7545361447457,33748.7060849924,,1484894,0,0,1,,0,1,,106
Trinidad and Tobago,TTO,2020,25.70894057385979,35.04307302992866,30720.8876936042,,1481024,0,0,1,,0,1,,106
Trinidad and Tobago,TTO,2021,20.715208290507288,36.388813066218304,30482.1201798631,,1487717,0,0,1,,0,1,,106
Trinidad and Tobago,TTO,2022,16.834046701750264,37.492889267035366,30784.1112580356,,1495921,0,0,1,,0,1,,106
Trinidad and Tobago,TTO,2023,22.35198166348596,35.53590045589874,31196.603554718,,1502932,0,0,1,,0,1,,106
Tunisia,TUN,1990,12.897249396181872,14.622027786319753,6742.58426420551,94.161265567647,8324509,0,0,0,,0,0,,107
Tunisia,TUN,1991,13.69348386319504,16.755328444999996,6859.73427153777,85.6860202181431,8501827,0,0,0,,0,0,,107
Tunisia,TUN,1992,16.483487443240413,15.843425508000003,7241.29105894738,86.0000875541741,8682512,0,0,0,,0,0,,107
Tunisia,TUN,1993,15.558018993703199,17.179850195885827,7253.33614579881,88.4109677419355,8857910,0,0,0,,0,0,,107
Tunisia,TUN,1994,13.731102888678217,16.76053364191933,7350.65600471494,92.8043860425704,9018448,0,0,0,,0,0,,107
Tunisia,TUN,1995,13.739977726639559,16.62312201599999,7406.23900930842,93.7144465686907,9161258,0,0,0,,0,0,,107
Tunisia,TUN,1996,12.543938651028384,17.2110255128009,7821.79219107359,85.7203547620671,9294432,0,0,0,,0,0,,107
Tunisia,TUN,1997,12.405282382137813,17.809591557000022,8136.3376111408,80.5007104439621,9421270,0,0,0,,0,0,,107
Tunisia,TUN,1998,12.700564170975545,18.292139822743458,8417.98493264685,79.9794582620079,9541667,0,0,0,,0,0,,107
Tunisia,TUN,1999,13.981333026502659,18.709196578000014,8821.98791288257,77.9051139411665,9655963,0,0,0,,0,0,,107
Tunisia,TUN,2000,13.82537691392677,19.435987771511908,9134.41506327005,82.639110670191,9764935,0,0,0,,0,0,,107
Tunisia,TUN,2001,13.942504808139002,20.26055824499999,9380.56317617024,89.5522011944661,9869677,0,0,0,,0,0,,107
Tunisia,TUN,2002,14.425218937961615,20.380036605000015,9407.55676671593,85.3421759692656,9971515,0,0,0,,0,0,,107
Tunisia,TUN,2003,15.634822176135742,21.041520240000015,9752.02442335824,82.390340709916,10071632,0,0,0,,0,0,,107
Tunisia,TUN,2004,15.797248126076845,22.144166293000012,10263.8055422408,86.9253446966283,10166163,0,0,0,,0,0,,107
Tunisia,TUN,2005,15.448831257824255,22.515908075999995,10529.1598956845,90.2512478803945,10255472,0,0,1,,0,0,,107
Tunisia,TUN,2006,16.214586770389086,22.914929331343235,10983.9221903991,93.9409304094309,10346410,0,0,1,,0,0,,107
Tunisia,TUN,2007,16.718172766302104,24.725203944780038,11613.9247511428,104.059400976647,10441702,0,0,1,,0,0,,107
Tunisia,TUN,2008,16.81998537802874,25.453210013000007,11990.1962371716,114.343660218696,10542635,0,0,1,,0,1,,107
Tunisia,TUN,2009,18.796245842686933,25.353395767515174,12229.7752536693,93.0168787876722,10650681,0,0,1,,0,1,,107
Tunisia,TUN,2010,20.268073813793475,27.899698650000005,12458.2710366551,100.151009836799,10765980,0,0,1,,0,1,,107
Tunisia,TUN,2011,19.016193000219587,26.42920810933822,12068.7136257667,100.106379304237,10886035,0,0,1,,0,1,,107
Tunisia,TUN,2012,20.80005179044564,28.194275136676396,12436.3958115735,101.550723929668,11009647,0,0,1,,0,1,,107
Tunisia,TUN,2013,20.98918216437472,28.773252421449538,12587.9950645596,98.9549566862038,11141361,0,0,1,,0,1,,107
Tunisia,TUN,2014,22.442647274655044,29.874574194470906,12824.0028914441,96.1071038558701,11274288,0,0,1,,0,1,,107
Tunisia,TUN,2015,23.84891610942397,31.380536875197247,12802.7917211433,87.2485306596052,11402264,0,0,1,,0,1,,107
Tunisia,TUN,2016,24.25217430046745,30.971484018237124,12803.8797371543,87.0926643641466,11528674,0,0,1,,0,1,,107
Tunisia,TUN,2017,24.280449195581262,31.67691747975748,12955.4014814241,95.8091979825804,11650498,0,0,1,,0,1,,107
Tunisia,TUN,2018,30.952779325098057,31.12170886341003,13163.1952230357,103.871824260635,11765514,0,0,1,,0,1,,107
Tunisia,TUN,2019,30.060995745489816,30.578563565004043,13243.9024233246,102.332614725789,11875081,0,0,1,,0,1,,107
Tunisia,TUN,2020,28.932058412919027,28.84481200666085,11955.5983698479,84.3333297071767,11974057,0,0,1,,0,1,,107
Tunisia,TUN,2021,31.526568368305874,31.52671517268002,12444.3264026887,93.6334140664079,12048622,0,0,1,,0,1,,107
Tunisia,TUN,2022,30.056666916489167,30.784934621794672,12712.22345453,116.095794384146,12119334,0,0,1,,0,1,,107
Tunisia,TUN,2023,30.17889388293908,31.73782314953378,12650.9615158166,112.128858013354,12200431,0,0,1,,0,1,,107
Türkiye,TUR,1990,209.63522167565847,154.57209384964608,12184.1995945303,30.9429955004348,56015628,0,0,0,,0,0,,108
Türkiye,TUR,1991,210.75951699496358,161.1259309691272,12057.9354364382,30.4760116733895,57009887,0,0,0,,0,0,,108
Türkiye,TUR,1992,243.55292449727466,167.23400080105742,12451.0451197948,31.737365644504,57990118,0,0,0,,0,0,,108
Türkiye,TUR,1993,227.62215418187577,174.29114271884734,13174.467116412,33.0170877754618,58999167,0,0,0,,0,0,,108
Türkiye,TUR,1994,207.46373414542964,170.59241650274805,12343.0041848988,41.7458523409412,60033836,0,0,0,,0,0,,108
Türkiye,TUR,1995,222.23726639419755,184.67470754923804,13099.2575267612,35.9924804952774,61024503,0,0,0,,0,0,,108
Türkiye,TUR,1996,214.58876763747438,203.09794218252264,13826.9201097072,39.6477180344549,61951134,0,0,0,,0,0,,108
Türkiye,TUR,1997,226.1412842766679,215.51152265530482,14631.2958814739,42.7610666826994,62852966,0,0,0,,0,0,,108
Türkiye,TUR,1998,228.37486841853823,215.58583678570704,14704.3385744207,40.3769887377902,63734383,0,0,0,,0,0,,108
Türkiye,TUR,1999,231.12816048593933,211.23808115428733,14066.1896257233,37.6665043273244,64591923,0,0,0,,0,0,,108
Türkiye,TUR,2000,253.99156335547576,232.93396866619648,14856.914625257,42.3746746988077,65425961,0,0,0,,0,0,,108
Türkiye,TUR,2001,204.20238782173348,216.87248941312913,13872.1287284566,49.9447830679013,66245128,0,0,0,,0,0,,108
Türkiye,TUR,2002,224.3420532797544,224.3197686968298,14587.894621656,48.1026101234402,67048795,0,0,0,,0,0,,108
Türkiye,TUR,2003,248.9561677610397,239.84855173395857,15255.7177960689,46.3681553387846,67831730,0,0,0,,0,0,,108
Türkiye,TUR,2004,282.5407236723261,247.84304315607122,16583.8837094062,48.9934575435266,68592617,0,0,0,,0,0,,108
Türkiye,TUR,2005,309.41559264742983,267.710686380102,17902.5966004487,46.3088308846211,69329557,0,0,1,,0,0,,108
Türkiye,TUR,2006,337.9294812940629,285.4294261951175,18972.0089563632,48.9456766641314,70045349,0,0,1,,0,0,,108
Türkiye,TUR,2007,373.1003964932991,316.4974151533674,19909.083519675,48.027468179713,70750586,0,0,1,,0,0,,108
Türkiye,TUR,2008,359.72827082576276,312.6282168045246,19839.5845462269,50.7612500066681,71562338,0,0,1,,0,1,,108
Türkiye,TUR,2009,335.7715809088699,318.5679379301763,18612.1925231905,47.0391385732199,72464848,0,0,1,,0,1,,108
Türkiye,TUR,2010,366.10161438027535,318.7103410986666,19897.4464836887,46.9433366709891,73346769,0,0,1,,0,1,,108
Türkiye,TUR,2011,400.5326450557074,344.2147975389006,21760.4291923634,53.651583897618,74215203,0,0,1,,0,1,,108
Türkiye,TUR,2012,407.46247666884346,358.6446202456358,22517.7148287875,53.3277612968607,75197198,0,0,1,,0,1,,108
Türkiye,TUR,2013,404.49482029800043,350.63357813061856,24117.3121099839,53.0683530043043,76403031,0,0,1,,0,1,,108
Türkiye,TUR,2014,414.091255598074,367.27162386459247,24888.8521742576,54.30677404128,78036154,0,0,1,,0,1,,108
Türkiye,TUR,2015,432.12427319727414,387.7039218138771,25984.8027306177,51.8749252596832,80014226,0,0,1,,0,1,,108
Türkiye,TUR,2016,437.72652656842007,405.5522399182047,26489.6436816046,48.870183807987,81652088,0,0,1,,0,1,,108
Türkiye,TUR,2017,461.48055738154585,430.6216701347641,28194.688309381,56.1356585158689,83083662,0,0,1,,0,1,,108
Türkiye,TUR,2018,448.30296944087036,423.81829187308114,28780.3036458151,62.8251323851165,84415969,0,0,1,,0,1,,108
Türkiye,TUR,2019,418.83043015911477,406.5677629987515,28741.0535082701,62.5784589326239,85357672,0,0,1,,0,1,,108
Türkiye,TUR,2020,421.19790573499375,416.32804915207214,28976.7179161611,60.389853117297,86091692,0,0,1,,0,1,,108
Türkiye,TUR,2021,447.99693089683535,457.3772918014792,32105.5474400506,69.6088976086437,86686253,0,0,1,,0,1,,108
Türkiye,TUR,2022,442.3803868340006,443.6027027361121,33520.8111384208,79.8982722314341,87058473,0,0,1,,0,1,,108
Türkiye,TUR,2023,483.0305976296897,486.944574666229,35069.1701714685,65.6832084738667,87270501,0,0,1,,0,1,,108
United Republic of Tanzania,TZA,1990,2.8904538135155793,2.112308948329761,1794.20458984375,34.4836065795064,26110207,0,0,0,,0,0,,109
United Republic of Tanzania,TZA,1991,3.105467791027161,2.2552678479106776,1785.66394042969,30.2316225499322,26780436,0,0,0,,0,0,,109
United Republic of Tanzania,TZA,1992,3.0519625635018124,2.177588183389029,1751.91845703125,35.6677963323106,27457588,0,0,0,,0,0,,109
United Republic of Tanzania,TZA,1993,3.244723957704124,2.4260363039126713,1718.39306640625,45.2364974710923,28332692,0,0,0,,0,0,,109
United Republic of Tanzania,TZA,1994,2.9886185994553545,2.063123327428172,1679.66235351563,44.2367675621224,29442356,0,0,0,,0,0,,109
United Republic of Tanzania,TZA,1995,3.283493870579988,2.4338901656348977,1685.85107421875,45.1619199872127,30383497,0,0,0,,0,0,,109
United Republic of Tanzania,TZA,1996,3.3757411359479277,2.5267056119379423,1730.55456542969,35.7265066969485,30945762,0,0,0,,0,0,,109
United Republic of Tanzania,TZA,1997,3.762528024966155,2.8243578116927743,1755.8037109375,28.8587832233337,31578089,0,0,0,,0,0,,109
United Republic of Tanzania,TZA,1998,3.6184657606428794,2.4809374172314653,1773.72424316406,26.1436420608095,32420458,0,0,0,,0,0,,109
United Republic of Tanzania,TZA,1999,3.7555986957152583,2.4587554492191708,1810.97155761719,25.0220548113162,33300330,0,0,0,,0,0,,109
United Republic of Tanzania,TZA,2000,4.99651651039614,2.5718205481121053,1839.93664550781,23.9891151549808,34260139,0,0,0,,0,0,,109
United Republic of Tanzania,TZA,2001,5.73215932927239,3.040809568227273,1899.74536132813,28.0301432282533,35198299,0,0,0,,0,0,,109
United Republic of Tanzania,TZA,2002,6.13093000191094,3.485616160668601,1982.64428710938,27.4992172734904,36121304,0,0,0,,0,0,,109
United Republic of Tanzania,TZA,2003,5.997407101609982,3.6872411758206693,2059.83740234375,30.4488358249326,37089555,0,0,0,,0,0,,109
United Republic of Tanzania,TZA,2004,6.610278210888815,4.221283116784364,2155.24145507813,33.609786736665,38109668,0,0,0,,0,0,,109
United Republic of Tanzania,TZA,2005,8.40445780483641,5.3558170353747725,2253.09326171875,36.9592732894013,39182076,0,0,1,,0,0,,109
United Republic of Tanzania,TZA,2006,8.292846792708053,5.876241174697602,2334.1044921875,42.7681664691467,40294902,0,0,1,,0,0,,109
United Republic of Tanzania,TZA,2007,8.815853155270107,5.706146320075677,2423.61596679688,48.0583947796554,41435512,0,0,1,,0,0,,109
United Republic of Tanzania,TZA,2008,11.221830112977647,5.988668951464797,2493.25927734375,49.0265445510865,42570728,0,0,1,,0,1,,109
United Republic of Tanzania,TZA,2009,9.429699430128592,5.807481772259222,2560.81103515625,43.5326006456317,43633982,0,0,1,,0,1,,109
United Republic of Tanzania,TZA,2010,10.648522111473419,7.194109367234952,2654.80346679688,47.6404394295683,44758488,0,0,1,,0,1,,109
United Republic of Tanzania,TZA,2011,13.44738458603334,8.440308575942693,2779.70776367188,56.1661241821809,46029367,0,0,1,,0,1,,109
United Republic of Tanzania,TZA,2012,14.904803485048685,10.367498827400375,2822.4853515625,54.3689490815138,47374260,0,0,1,,0,1,,109
United Republic of Tanzania,TZA,2013,19.724953903267274,11.251474394800137,2924.86328125,48.6316275295495,48824128,0,0,1,,0,1,,109
United Republic of Tanzania,TZA,2014,19.57315453087983,10.997433666653823,3027.56909179688,45.3560223433065,50351512,0,0,1,,0,1,,109
United Republic of Tanzania,TZA,2015,20.70627098659789,12.782671813058077,3111.44458007813,40.7576808778314,52020962,0,0,1,,0,1,,109
United Republic of Tanzania,TZA,2016,19.272480969210225,13.529452136566722,3214.24682617188,35.4204704002636,53824013,0,0,1,,0,1,,109
United Republic of Tanzania,TZA,2017,18.35521826782994,13.51348673779912,3318.28833007813,33.1125919853124,55652890,0,0,1,,0,1,,109
United Republic of Tanzania,TZA,2018,20.166261766119447,14.23306343329673,3392.68872070313,32.6426099043737,57437145,0,0,1,,0,1,,109
United Republic of Tanzania,TZA,2019,21.26098201196986,16.19084961571988,3484.63256835938,33.0185892502311,59174891,0,0,1,,0,1,,109
United Republic of Tanzania,TZA,2020,21.442349146624036,15.952437079927101,3449.82153320313,27.9630151969884,60972798,0,0,1,,0,1,,109
United Republic of Tanzania,TZA,2021,23.963444538129718,17.677692997277617,3493.0830078125,29.9151840074048,62830412,0,0,1,,0,1,,109
United Republic of Tanzania,TZA,2022,25.799304316416674,19.702384334952853,3546.98095703125,35.0034517101994,64711821,0,0,1,,0,1,,109
United Republic of Tanzania,TZA,2023,25.78751461320718,20.309608445675714,3620.79345703125,38.212034806339,66617606,0,0,1,,0,1,,109
Uganda,UGA,1990,1.3130217678016258,0.760854897421141,1080.03830980398,26.6095437605897,17569897,0,0,0,,0,0,,110
Uganda,UGA,1991,1.337115769992048,0.7834692459836273,1103.22897278835,29.4022018591267,18155901,0,0,0,,0,0,,110
Uganda,UGA,1992,1.3958453463980875,0.8014549041503303,1102.72992145701,33.0521440510063,18785032,0,0,0,,0,0,,110
Uganda,UGA,1993,1.5422249276380713,0.7974565623170332,1153.99369070318,28.2398345380313,19445161,0,0,0,,0,0,,110
Uganda,UGA,1994,1.4692178721940186,0.7118409587482882,1187.36780541734,27.8393598574633,20108801,0,0,0,,0,0,,110
Uganda,UGA,1995,1.6913192252691005,0.9254849937057447,1288.50886674348,32.62314586277,20665667,0,0,0,,0,0,,110
Uganda,UGA,1996,1.6951716619063752,1.0180916840856995,1367.94573764936,35.3854868820104,21231550,0,0,0,,0,0,,110
Uganda,UGA,1997,1.7833662460888027,1.061945730906284,1396.63106915218,34.1585669652784,21856046,0,0,0,,0,0,,110
Uganda,UGA,1998,2.0114552396025553,1.2087573172264956,1422.20789184705,30.043921931244,22515806,0,0,0,,0,0,,110
Uganda,UGA,1999,2.862789875939068,1.2547244685416932,1487.75796178874,36.0247101570245,23257281,0,0,0,,0,0,,110
Uganda,UGA,2000,2.7500627949763903,1.360869804012185,1487.00498853512,32.7490333383822,24000150,0,0,0,,0,0,,110
Uganda,UGA,2001,2.5811146097959603,1.4170875143486132,1516.96423755695,35.3299767819725,24745676,0,0,0,,0,0,,110
Uganda,UGA,2002,2.9635131431985378,1.4425567164716173,1598.5828380849,36.2777941561831,25532870,0,0,0,,0,0,,110
Uganda,UGA,2003,2.6499851615850734,1.5127454063541452,1649.1482601448,36.5857264641268,26352124,0,0,0,,0,0,,110
Uganda,UGA,2004,2.8735264966701988,1.607486044812959,1709.36159216857,35.4600862456436,27154515,0,0,0,,0,0,,110
Uganda,UGA,2005,3.41498740686381,2.0179410000000013,1765.03788457066,38.9942854839061,27963289,0,0,1,,0,0,,110
Uganda,UGA,2006,3.850897316755078,2.3870502499999993,1898.97915280479,43.6332857896204,28794003,0,0,1,,0,0,,110
Uganda,UGA,2007,4.36260160037266,2.7063257500000013,1999.0624896434,46.7774166522822,29653430,0,0,1,,0,0,,110
Uganda,UGA,2008,4.466494130524295,2.779614249999999,2110.10049271503,56.2582682050634,30539553,0,0,1,,0,1,,110
Uganda,UGA,2009,5.0035904787550995,2.996134249999998,2188.29916246327,47.0638780748379,31451151,0,0,1,,0,1,,110
Uganda,UGA,2010,5.6245954884930605,3.569618750000002,2244.60595194584,38.2692490371291,32390802,0,0,1,,0,1,,110
Uganda,UGA,2011,6.094166147127461,3.827732749999998,2384.4653273154,39.7552255606122,33354543,0,0,1,,0,1,,110
Uganda,UGA,2012,5.432479214311057,3.6269867499999995,2405.09455932767,43.5021371397314,34337438,0,0,1,,0,1,,110
Uganda,UGA,2013,5.758031904622179,3.754530250000017,2420.88808087266,43.1091548734687,35337042,0,0,1,,0,1,,110
Uganda,UGA,2014,6.292424821367635,4.089665749999999,2470.50380909598,36.0144010819085,36395539,0,0,1,,0,1,,110
Uganda,UGA,2015,6.4529514118993605,4.528549286733244,2520.0201028843,37.6892983324358,37531446,0,0,1,,0,1,,110
Uganda,UGA,2016,6.8080773311444425,4.817419275847268,2554.22769062073,31.2093620232119,38799152,0,0,1,,0,1,,110
Uganda,UGA,2017,7.6042919364092105,5.406201691119692,2543.84754394956,36.8370529334101,40177388,0,0,1,,0,1,,110
Uganda,UGA,2018,7.739666672901766,5.548649167739159,2613.87976413963,36.6384055999567,41565831,0,0,1,,0,1,,110
Uganda,UGA,2019,7.770311010914215,5.76123739510938,2689.41009144919,39.3610539647435,42999637,0,0,1,,0,1,,110
Uganda,UGA,2020,7.482595231516971,5.571384252252256,2678.00907202293,37.0006923916369,44457152,0,0,1,,0,1,,110
Uganda,UGA,2021,8.568189423088032,6.232327431145424,2684.92035939744,41.7136307424781,45910930,0,0,1,,0,1,,110
Uganda,UGA,2022,9.02587592717839,6.128251049048963,2724.90609568409,34.5053019270937,47312719,0,0,1,,0,1,,110
Uganda,UGA,2023,8.801632070075133,6.235861365738389,2791.05576885861,33.3416963302219,48656601,0,0,1,,0,1,,110
Ukraine,UKR,1990,515.9458908176558,706.5256777511754,22815.798828125,56.4071856287425,52054092,1,2005,0,-15.0,2008,0,-18.0,111
Ukraine,UKR,1991,466.90201357382506,633.1938690774876,20784.16015625,50.133779264214,52170961,1,2005,0,-14.0,2008,0,-17.0,111
Ukraine,UKR,1992,445.81246999765733,589.5052069945864,18671.873046875,45.9686071925293,52323671,1,2005,0,-13.0,2008,0,-16.0,111
Ukraine,UKR,1993,380.0329611595209,510.49539315090664,16012.3720703125,52.0688190027854,52350126,1,2005,0,-12.0,2008,0,-15.0,111
Ukraine,UKR,1994,281.92357066124134,419.6302853643687,12410.525390625,73.9440042067872,52075998,1,2005,0,-11.0,2008,0,-14.0,111
Ukraine,UKR,1995,228.54781400072324,390.173453321934,10983.0087890625,97.2296964841051,51665539,1,2005,0,-10.0,2008,0,-13.0,111
Ukraine,UKR,1996,283.9053343047372,351.83419133827715,9969.5009765625,93.8566450766079,51226109,1,2005,0,-9.0,2008,0,-12.0,111
Ukraine,UKR,1997,275.19065837914826,340.5859695074409,9754.0498046875,84.2414161623735,50786885,1,2005,0,-8.0,2008,0,-11.0,111
Ukraine,UKR,1998,251.17287447118883,328.8779890453034,9646.0546875,86.0497284415116,50379731,1,2005,0,-7.0,2008,0,-10.0,111
Ukraine,UKR,1999,234.78461055065637,298.6355561231942,9704.4453125,101.951706965548,49976446,1,2005,0,-6.0,2008,0,-9.0,111
Ukraine,UKR,2000,216.59615875810968,285.66348327250665,10364.0625,115.735714934593,49556660,1,2005,0,-5.0,2008,0,-8.0,111
Ukraine,UKR,2001,254.56490247498206,303.87602483826976,11379.3857421875,99.9261276192731,49106855,1,2005,0,-4.0,2008,0,-7.0,111
Ukraine,UKR,2002,244.01099026907002,295.900918997386,12092.7890625,95.994669810112,48677281,1,2005,0,-3.0,2008,0,-6.0,111
Ukraine,UKR,2003,218.72533693668134,307.2453557579872,13342.8798828125,102.590182257396,48315136,1,2005,0,-2.0,2008,0,-5.0,111
Ukraine,UKR,2004,205.28652122218665,310.6257525596695,15021.06640625,109.981708544962,47979507,1,2005,0,-1.0,2008,0,-4.0,111
Ukraine,UKR,2005,235.06196688345247,313.5125143287022,15610.5732421875,94.6475701087848,47585556,1,2005,1,0.0,2008,0,-3.0,111
Ukraine,UKR,2006,257.60159686235517,333.0541917743136,16901.5078125,89.181052639031,47278694,1,2005,1,1.0,2008,0,-2.0,111
Ukraine,UKR,2007,284.12693082164435,336.8287812091112,18374.013671875,88.0465606718626,47062798,1,2005,1,2.0,2008,0,-1.0,111
Ukraine,UKR,2008,291.42519263170453,325.98339631976603,18883.986328125,94.1718921417534,46819175,1,2005,1,3.0,2008,1,0.0,111
Ukraine,UKR,2009,247.77831235613007,277.59335620840466,16092.7958984375,87.4761626200316,46623731,1,2005,1,4.0,2008,1,1.0,111
Ukraine,UKR,2010,236.9032925101929,294.36579109277653,16811.794921875,95.72973045329,46456003,1,2005,1,5.0,2008,1,2.0,111
Ukraine,UKR,2011,265.50143540596605,308.376396796643,17783.95703125,104.805073904259,46307853,1,2005,1,6.0,2008,1,3.0,111
Ukraine,UKR,2012,257.8197843221576,304.42989586677686,17848.740234375,102.622788356626,46210056,1,2005,1,7.0,2008,1,4.0,111
Ukraine,UKR,2013,251.77398552062462,297.54022860043256,17889.091796875,94.0016694501782,46126770,1,2005,1,8.0,2008,1,5.0,111
Ukraine,UKR,2014,195.281824623077,257.7030719741651,16978.8125,100.691782483624,45972380,1,2005,1,9.0,2008,1,6.0,111
Ukraine,UKR,2015,167.4494291511347,223.84980972760988,15403.7099609375,107.806616298156,45784896,1,2005,1,10.0,2008,1,7.0,111
Ukraine,UKR,2016,190.97655280267392,234.10564640408666,15856.8125,105.521204913122,45616832,1,2005,1,11.0,2008,1,8.0,111
Ukraine,UKR,2017,199.6748295598789,223.28776321988184,16310.3603515625,104.034982911399,45436041,1,2005,1,12.0,2008,1,9.0,111
Ukraine,UKR,2018,213.28367782276368,231.89998410910485,16978.984375,99.1998150718675,45208907,1,2005,1,13.0,2008,1,10.0,111
Ukraine,UKR,2019,209.36990488513177,222.18789736510467,17636.5546875,90.5112342910763,44957458,1,2005,1,14.0,2008,1,11.0,111
Ukraine,UKR,2020,194.50611995503087,207.1006505248128,17092.5390625,79.1564523761815,44680014,1,2005,1,15.0,2008,1,12.0,111
Ukraine,UKR,2021,203.00595685973417,210.63607339378538,17846.408203125,82.69796136345,44298640,1,2005,1,16.0,2008,1,13.0,111
Ukraine,UKR,2022,168.1262591564458,143.03986870636317,13787.12109375,87.3965139907244,41048766,1,2005,1,17.0,2008,1,14.0,111
Ukraine,UKR,2023,166.30559974080018,139.3253705399211,15916.9580078125,77.5096141935657,37732836,1,2005,1,18.0,2008,1,15.0,111
Uruguay,URY,1990,4.807107409984107,3.976824753912254,14060.8401531053,41.6284721190914,3104403,0,0,0,,0,0,,112
Uruguay,URY,1991,5.3746275625353945,4.536652040008942,14474.7272308128,38.5549047407092,3122354,0,0,0,,0,0,,112
Uruguay,URY,1992,6.08287693501152,5.151301228301885,15536.4813275187,40.0730436292529,3139702,0,0,0,,0,0,,112
Uruguay,URY,1993,5.592830053646182,4.447071406017136,15865.2715092002,38.6849667589585,3156345,0,0,0,,0,0,,112
Uruguay,URY,1994,5.361243828781595,4.040711631397609,16932.0220449735,40.1488337195203,3172834,0,0,0,,0,0,,112
Uruguay,URY,1995,5.982528623487663,4.565265313737186,16600.0329041954,38.0976748425287,3189440,0,0,0,,0,0,,112
Uruguay,URY,1996,7.087652718476846,5.413613511397223,17433.6866851628,39.5284364552889,3206324,0,0,0,,0,0,,112
Uruguay,URY,1997,7.168386440752982,5.522419465439635,18823.934790748,37.706397080707,3223345,0,0,0,,0,0,,112
Uruguay,URY,1998,7.7155672931116275,5.650996255419254,19577.7825547632,35.6400154006956,3239280,0,0,0,,0,0,,112
Uruguay,URY,1999,8.890624325997665,6.689290230206488,19192.7103025817,33.3864489469027,3254015,0,0,0,,0,0,,112
Uruguay,URY,2000,7.907756589141419,5.276982110033562,18752.0507121938,36.7137381507902,3266206,0,0,0,,0,0,,112
Uruguay,URY,2001,7.38046683775922,5.0405130087168954,17986.8939502115,36.3095126435057,3274251,0,0,0,,0,0,,112
Uruguay,URY,2002,6.402507018972434,4.5691934954533515,16572.7819019325,40.02906730756,3278867,0,0,0,,0,0,,112
Uruguay,URY,2003,6.091061211954563,4.537120077904148,16694.4326030244,51.7591995826472,3281186,0,0,0,,0,0,,112
Uruguay,URY,2004,7.409310874250395,5.574141768332417,17519.3729926744,61.4766880860242,3283148,0,0,0,,0,0,,112
Uruguay,URY,2005,7.544240428746154,5.737103930581191,18811.3124755641,58.8776963255774,3285771,0,0,1,,0,0,,112
Uruguay,URY,2006,8.503806867932779,6.610993036465717,19560.0743506382,61.9715745165876,3289506,0,0,1,,0,0,,112
Uruguay,URY,2007,8.942404149163282,5.959753658939852,20803.885306175,59.2104478374095,3295153,0,0,1,,0,0,,112
Uruguay,URY,2008,11.68408558752329,8.217578216796516,22249.3750934425,65.2080950071821,3302177,0,0,1,,0,1,,112
Uruguay,URY,2009,10.432785398661437,7.990301194149137,23138.0733091496,53.3944192683736,3310091,0,0,1,,0,1,,112
Uruguay,URY,2010,10.16693205824859,6.321844224543648,24879.8256003219,51.6990372012256,3318580,0,0,1,,0,1,,112
Uruguay,URY,2011,12.246921771061379,7.686493298640136,26099.3116487704,53.2470340109018,3326825,0,0,1,,0,1,,112
Uruguay,URY,2012,12.953904726205366,8.604564079823668,26953.2709026389,55.0611541633768,3335401,0,0,1,,0,1,,112
Uruguay,URY,2013,11.600813554248814,7.490970196817978,28119.4726887432,49.7178464746233,3345337,0,0,1,,0,1,,112
Uruguay,URY,2014,10.364694026973396,6.683819053053133,28935.086486757,49.0876240632174,3356334,0,0,1,,0,1,,112
Uruguay,URY,2015,9.762995306293403,6.73813199259509,28941.6184540581,45.3282408087534,3368017,0,0,1,,0,1,,112
Uruguay,URY,2016,8.86027571064258,6.520387157385972,29332.5561568815,48.4705353074514,3379283,0,0,1,,0,1,,112
Uruguay,URY,2017,9.14509700780434,6.151027438969168,29762.4220666605,46.3779636198842,3388438,0,0,1,,0,1,,112
Uruguay,URY,2018,9.725441181122301,6.570396818167617,29757.9276055415,47.7913453459107,3394534,0,0,1,,0,1,,112
Uruguay,URY,2019,9.535142919538552,6.408475846936485,30010.5628834294,49.7448660724665,3397206,0,0,1,,0,1,,112
Uruguay,URY,2020,9.374780690237408,6.4768209855395895,27788.1749600196,47.7318331202564,3398968,0,0,1,,0,1,,112
Uruguay,URY,2021,10.548036423446058,7.829207744274477,29431.8738833361,58.3150555063308,3396695,0,0,1,,0,1,,112
Uruguay,URY,2022,10.685676962957542,7.500855285849517,30840.0709827676,60.2026828336525,3390913,0,0,1,,0,1,,112
Uruguay,URY,2023,10.781793863358093,7.626939968917343,31100.9696889882,52.3273108387018,3388081,0,0,1,,0,1,,112
United States,USA,1990,5051.339992118761,5131.760877146339,44384.2101912606,19.8150673537315,253373387,0,0,0,,0,0,,113
United States,USA,1991,4974.379942960732,5076.412753956309,43747.6307351749,19.7864481240974,256471422,0,0,0,,0,0,,113
United States,USA,1992,5187.538011824042,5178.769423443228,44664.873585596,19.9505945023923,259606019,0,0,0,,0,0,,113
United States,USA,1993,5227.085470731628,5279.5204556889485,45292.7380683092,20.0446187019752,262633231,0,0,0,,0,0,,113
United States,USA,1994,5322.475791211822,5361.863341158341,46543.3199204553,21.0554591617453,265474810,0,0,0,,0,0,,113
United States,USA,1995,5386.5592496031195,5425.837272182011,47227.0083257008,22.4533816490568,268205795,0,0,0,,0,0,,113
United States,USA,1996,5545.206183045422,5601.094015781841,48441.9061125568,22.6870719902412,270860696,0,0,0,,0,0,,113
United States,USA,1997,5638.635274327579,5673.143984428028,49990.6740739125,23.4283278026178,273468013,0,0,0,,0,0,,113
United States,USA,1998,5838.892263488496,5736.360058673197,51626.4838297863,22.8258939797637,276119333,0,0,0,,0,0,,113
United States,USA,1999,5937.449418051973,5800.2814497136505,53480.8969962416,23.3135697296238,278785484,0,0,0,,0,0,,113
United States,USA,2000,6229.699970260987,6023.157623503702,55045.6745311559,25.1029855568536,281484131,0,0,0,,0,0,,113
United States,USA,2001,6149.079895109124,5903.562163308816,55024.3542766281,22.9671830154975,284279639,0,0,0,,0,0,,113
United States,USA,2002,6273.81733062944,5947.819105404309,55443.2199435683,22.2863842136065,287084338,0,0,0,,0,0,,113
United States,USA,2003,6435.501751389966,6006.439888027919,56505.4468784112,22.6272972866813,289908100,0,0,0,,0,0,,113
United States,USA,2004,6555.775151554124,6111.544791427677,58139.0820195229,24.4480566571904,292786253,0,0,0,,0,0,,113
United States,USA,2005,6656.0115566990435,6126.903110171521,59612.3907215559,25.6385573436769,295716664,0,0,1,,0,0,,113
United States,USA,2006,6618.921663622501,6045.326244872664,60684.3399832539,26.9752858058903,298730209,0,0,1,,0,0,,113
United States,USA,2007,6526.727198326965,6121.542508640109,61314.4520816367,28.0120155631098,301844226,0,0,1,,0,0,,113
United States,USA,2008,6218.074607435781,5919.220979673991,60806.2238713713,29.8677875257061,304970333,0,0,1,,0,1,,113
United States,USA,2009,5726.083936475605,5486.104164638783,58722.496767251,24.759527635837,308023454,0,0,1,,0,1,,113
United States,USA,2010,5889.831918046804,5669.2499621063325,59797.0736545937,28.2198829408336,311062790,0,0,1,,0,1,,113
United States,USA,2011,5737.397776295125,5538.973100936427,60253.2035796719,30.842478575914,314105078,0,0,1,,0,1,,113
United States,USA,2012,5550.322936500133,5331.467414899215,61142.3637034265,30.681839575193,317115355,0,0,1,,0,1,,113
United States,USA,2013,5637.722953816004,5473.436228882904,61966.6621370894,29.9413062848227,320110759,0,0,1,,0,1,,113
United States,USA,2014,5758.395750461922,5531.385076257774,63026.8779187814,29.906569337428,323115377,0,0,1,,0,1,,113
United States,USA,2015,5693.528004093989,5368.496792976234,64367.7188912582,27.6882139340768,326126497,0,0,1,,0,1,,113
United States,USA,2016,5557.759839158876,5245.361779824267,65025.9855980616,26.4525977865465,329179427,0,0,1,,0,1,,113
United States,USA,2017,5526.130753094752,5195.41765813034,66164.0320014289,27.1253382222874,332204660,0,0,1,,0,1,,113
United States,USA,2018,5684.537103143127,5361.236149243989,67728.4424921024,27.4453591302618,335056497,0,0,1,,0,1,,113
United States,USA,2019,5580.076747000864,5235.912142332019,69121.4580016741,26.2584806245428,337790067,0,0,1,,0,1,,113
United States,USA,2020,5103.084091419983,4689.953591814636,67406.8311325507,23.1399437509149,339436159,0,0,1,,0,1,,113
United States,USA,2021,5489.662347210899,5020.110964399855,71441.231980595,25.2327260228331,340161441,0,0,1,,0,1,,113
United States,USA,2022,5565.988865456771,5055.403052823794,72828.7430907189,26.9078981557739,341534046,0,0,1,,0,1,,113
United States,USA,2023,5431.658909714777,4918.406684517035,74351.6718197429,24.9292981752847,343477335,0,0,1,,0,1,,113
Venezuela (Bolivarian Republic of),VEN,1990,86.19701927166842,120.86388529023462,,57.7072173831781,19827010,0,0,0,,0,0,,114
Venezuela (Bolivarian Republic of),VEN,1991,89.67156223645902,114.22052431113502,,0.0,20304896,0,0,0,,0,0,,114
Venezuela (Bolivarian Republic of),VEN,1992,86.8193829451603,104.73860421673584,,0.0,20780948,0,0,0,,0,0,,114
Venezuela (Bolivarian Republic of),VEN,1993,100.49649498729234,123.051510200893,,0.0,21254520,0,0,0,,0,0,,114
Venezuela (Bolivarian Republic of),VEN,1994,92.92338384845054,119.06024787877887,,0.0,21725188,0,0,0,,0,0,,114
Venezuela (Bolivarian Republic of),VEN,1995,101.0111527513967,124.83038816365288,,0.0,22193821,0,0,0,,0,0,,114
Venezuela (Bolivarian Republic of),VEN,1996,87.5071842589943,118.34677501663009,,0.0,22662113,0,0,0,,0,0,,114
Venezuela (Bolivarian Republic of),VEN,1997,104.08093409903404,129.7546240099637,,0.0,23131685,0,0,0,,0,0,,114
Venezuela (Bolivarian Republic of),VEN,1998,116.44049435270668,134.993205798629,,0.0,23601337,0,0,0,,0,0,,114
Venezuela (Bolivarian Republic of),VEN,1999,89.87187803568497,143.12589898154147,,0.0,24066593,0,0,0,,0,0,,114
Venezuela (Bolivarian Republic of),VEN,2000,73.1483603041525,142.90232447241215,,0.0,24526708,0,0,0,,0,0,,114
Venezuela (Bolivarian Republic of),VEN,2001,83.0296743019915,130.61778455643065,,0.0,24979922,0,0,0,,0,0,,114
Venezuela (Bolivarian Republic of),VEN,2002,81.57781774533042,164.23290849617345,,0.0,25435671,0,0,0,,0,0,,114
Venezuela (Bolivarian Republic of),VEN,2003,107.92136436007345,154.36405675930152,,0.0,25892703,0,0,0,,0,0,,114
Venezuela (Bolivarian Republic of),VEN,2004,97.83547699540091,142.84205378629358,,0.0,26340838,0,0,0,,0,0,,114
Venezuela (Bolivarian Republic of),VEN,2005,98.26940156356966,148.40825440565655,,0.0,26785804,0,0,1,,0,0,,114
Venezuela (Bolivarian Republic of),VEN,2006,112.56989912913883,155.84122849413515,,0.0,27224686,0,0,1,,0,0,,114
Venezuela (Bolivarian Republic of),VEN,2007,119.18807500739995,154.16749724941724,,0.0,27649363,0,0,1,,0,0,,114
Venezuela (Bolivarian Republic of),VEN,2008,120.1102763145001,155.7582936670506,,0.0,28053696,0,0,1,,0,1,,114
Venezuela (Bolivarian Republic of),VEN,2009,134.31114724953997,152.17568625847727,,0.0,28438298,0,0,1,,0,1,,114
Venezuela (Bolivarian Republic of),VEN,2010,145.99336194065606,189.58165841267348,,0.0,28813101,0,0,1,,0,1,,114
Venezuela (Bolivarian Republic of),VEN,2011,125.60118309246072,168.71250375438146,,0.0,29185212,0,0,1,,0,1,,114
Venezuela (Bolivarian Republic of),VEN,2012,137.92796285562383,175.84508372184817,,50.7514450867052,29553826,0,0,1,,0,1,,114
Venezuela (Bolivarian Republic of),VEN,2013,139.10802166117165,198.45216756670087,,62.5819672131148,29912198,0,0,1,,0,1,,114
Venezuela (Bolivarian Republic of),VEN,2014,167.9412438333382,175.991604101134,,64.0956340956341,30254079,0,0,1,,0,1,,114
Venezuela (Bolivarian Republic of),VEN,2015,121.91156135282064,166.32836979905133,,60.377358490566,30573972,0,0,1,,0,1,,114
Venezuela (Bolivarian Republic of),VEN,2016,105.01243804846558,152.7334466648196,,41.3927576601671,30765720,0,0,1,,0,1,,114
Venezuela (Bolivarian Republic of),VEN,2017,93.36268767967034,139.09328460585036,,42.6149425287356,30565323,0,0,1,,0,1,,114
Venezuela (Bolivarian Republic of),VEN,2018,17.24320000677916,111.23958855762571,,54.6332963725646,29807592,0,0,1,,0,1,,114
Venezuela (Bolivarian Republic of),VEN,2019,42.991113537183686,105.43048074848996,,58.1288399985284,28938098,0,0,1,,0,1,,114
Venezuela (Bolivarian Republic of),VEN,2020,71.91953454999104,80.90115392897489,,26.0905679013051,28444077,0,0,1,,0,1,,114
Venezuela (Bolivarian Republic of),VEN,2021,80.70728206658066,94.90249366584226,,29.2263872682484,28237826,0,0,1,,0,1,,114
Venezuela (Bolivarian Republic of),VEN,2022,89.69363120848858,108.42349969215122,,27.8980542310307,28213017,0,0,1,,0,1,,114
Venezuela (Bolivarian Republic of),VEN,2023,100.51552275920999,119.58776061842568,,28.0944323171165,28300854,0,0,1,,0,1,,114
Viet Nam,VNM,1990,23.27768811214529,21.29864735517792,2467.96460080463,81.315697940889,65504552,0,0,0,,0,0,,115
Viet Nam,VNM,1991,23.16582925954328,21.375534798990213,2560.84383496164,66.9469523941752,66891775,0,0,0,,0,0,,115
Viet Nam,VNM,1992,23.156849946716093,21.466458829250104,2726.47373748487,73.5768851264792,68260337,0,0,0,,0,0,,115
Viet Nam,VNM,1993,25.162350566681102,22.853002157719455,2890.42431737761,66.2122671512498,69586384,0,0,0,,0,0,,115
Viet Nam,VNM,1994,29.44113919228244,27.362152277003222,3089.60933725631,77.4731979426888,70854391,0,0,0,,0,0,,115
Viet Nam,VNM,1995,32.44213478873177,30.088471686778384,3328.21486039558,74.7212659206088,72049940,0,0,0,,0,0,,115
Viet Nam,VNM,1996,38.067436086607536,35.48151151571939,3584.02898335147,92.7057468018939,73156447,0,0,0,,0,0,,115
Viet Nam,VNM,1997,45.08964654132099,45.50207093184887,3820.30249485434,94.3444840684516,74226889,0,0,0,,0,0,,115
Viet Nam,VNM,1998,47.398217287122144,47.866351372046985,3982.95805965603,97.0012485118429,75299660,0,0,0,,0,0,,115
Viet Nam,VNM,1999,44.79705815198013,48.54832364385884,4119.05367208231,102.787406603958,76287452,0,0,0,,0,0,,115
Viet Nam,VNM,2000,37.10820341307294,53.93546465215997,4349.22348751462,111.417094419512,77154011,0,0,0,,0,0,,115
Viet Nam,VNM,2001,42.41650938166652,60.98338675062194,4570.26846577385,111.955937998525,77969361,0,0,0,,0,0,,115
Viet Nam,VNM,2002,48.18153924856546,69.53095391475992,4809.62151118535,116.696868652499,78772224,0,0,0,,0,0,,115
Viet Nam,VNM,2003,58.64326297486741,77.2610573125199,5090.28990869885,124.327954439125,79563777,0,0,0,,0,0,,115
Viet Nam,VNM,2004,66.91936282077874,88.93918310700066,5421.09702829121,133.016497868747,80338971,0,0,0,,0,0,,115
Viet Nam,VNM,2005,71.38301531486593,95.8420530238799,5776.36304451268,130.714846045026,81088313,0,0,1,,0,0,,115
Viet Nam,VNM,2006,74.33569438131374,99.65591992531984,6098.24495436514,138.313621869598,82167897,0,0,1,,0,0,,115
Viet Nam,VNM,2007,78.83110303663935,101.43263021243997,6418.54381402878,154.605383996554,83633375,0,0,1,,0,0,,115
Viet Nam,VNM,2008,90.06169518700393,114.29957358140146,6659.13561432065,154.317479627758,85175788,0,0,1,,0,1,,115
Viet Nam,VNM,2009,99.474056467895,124.49339282296,6914.33863589545,134.706317721758,86460018,0,0,1,,0,1,,115
Viet Nam,VNM,2010,108.17290587923787,139.5638411900001,7274.73310698016,113.977687539714,87455152,0,0,1,,0,1,,115
Viet Nam,VNM,2011,113.92110657153434,152.56392867453513,7652.61895672271,125.260577940829,88468314,0,0,1,,0,1,,115
Viet Nam,VNM,2012,107.07898572036048,144.28752933371007,7979.86828926858,123.224116745985,89510356,0,0,1,,0,1,,115
Viet Nam,VNM,2013,122.10214377911873,151.45937094266534,8324.19871250047,130.846354866743,90573104,0,0,1,,0,1,,115
Viet Nam,VNM,2014,140.68238403825893,180.04752127997895,8751.88280634375,135.410521454361,91679578,0,0,1,,0,1,,115
Viet Nam,VNM,2015,165.07316674683517,213.3913122097577,9248.02396069622,144.914228195237,92823254,0,0,1,,0,1,,115
Viet Nam,VNM,2016,173.40055022706747,221.02700924618034,9743.1882231455,145.409507973118,94000117,0,0,1,,0,1,,115
Viet Nam,VNM,2017,172.00777233777376,227.69436431033006,10290.5487142244,160.98008365887,95176977,0,0,1,,0,1,,115
Viet Nam,VNM,2018,188.94718746213874,255.46841165520036,10936.8937859558,164.663936775893,96237319,0,0,1,,0,1,,115
Viet Nam,VNM,2019,244.86348858017448,339.3123485072967,11628.6139147451,164.704215031408,97173776,0,0,1,,0,1,,115
Viet Nam,VNM,2020,259.89279309227567,362.59886503862293,11851.3965685649,163.245862814935,98079191,0,0,1,,0,1,,115
Viet Nam,VNM,2021,222.32104318827737,314.19660183168253,12048.9019935536,186.675832836814,98935098,0,0,1,,0,1,,115
Viet Nam,VNM,2022,227.89725108199417,322.65313171669976,12979.7638983711,183.153619147836,99680655,0,0,1,,0,1,,115
Viet Nam,VNM,2023,247.78749061184777,347.3987837460841,13534.7997843016,164.995585455876,100352192,0,0,1,,0,1,,115
South Africa,ZAF,1990,312.933889722234,312.933889722234,10811.1515328296,38.2118009241798,40746268,0,0,0,,0,0,,116
South Africa,ZAF,1991,326.0303717455737,326.0303717455737,10459.3559818564,34.8816092569776,41687898,0,0,0,,0,0,,116
South Africa,ZAF,1992,301.32907540043493,301.32907540043493,10053.6101212292,34.3213534993474,42443509,0,0,0,,0,0,,116
South Africa,ZAF,1993,320.35263952372134,320.35263952372134,9976.96506458374,35.6981243460429,43297156,0,0,0,,0,0,,116
South Africa,ZAF,1994,338.70126477505414,338.70126477505414,10130.8058233004,37.1146091666279,44004139,0,0,0,,0,0,,116
South Africa,ZAF,1995,361.7119313831334,361.7119313831338,10318.8385984353,39.4780337793026,44541554,0,0,0,,0,0,,116
South Africa,ZAF,1996,363.7323310508383,363.7323310508387,10623.8603593151,42.199251732528,45123018,0,0,0,,0,0,,116
South Africa,ZAF,1997,385.2154154295738,385.2154154295738,10770.2779624828,42.3013344291831,45666838,0,0,0,,0,0,,116
South Africa,ZAF,1998,377.27345108072234,377.27345108072234,10693.6882326622,44.0357453368965,46223880,0,0,0,,0,0,,116
South Africa,ZAF,1999,374.8690231323371,374.8690231323371,10831.6589617949,42.2582960172673,46730335,0,0,0,,0,0,,116
South Africa,ZAF,2000,286.89270170505716,378.3325190209719,11183.825503143,46.2207217354077,47159719,0,0,0,,0,0,,116
South Africa,ZAF,2001,274.2399455205054,371.60198894021784,11387.492366782,49.170945185829,47566800,0,0,0,,0,0,,116
South Africa,ZAF,2002,255.06533410137567,356.50117258892595,11697.5657261687,53.4655016294369,48019415,0,0,0,,0,0,,116
South Africa,ZAF,2003,275.1297197844779,404.4060284667392,11923.1211013633,45.723862568979,48500348,0,0,0,,0,0,,116
South Africa,ZAF,2004,319.1454452835976,449.32162200954565,12341.2102655828,45.6435752240041,48991421,0,0,0,,0,0,,116
South Africa,ZAF,2005,295.96288526419687,416.2048656003561,12861.5633089114,47.4277813970329,49490033,0,0,1,,0,0,,116
South Africa,ZAF,2006,334.3258897934334,446.74433715949095,13444.2332126058,53.7681412741145,49998277,0,0,1,,0,0,,116
South Africa,ZAF,2007,341.29386396707457,465.0337176467611,14016.2444716386,57.125139137747,50528584,0,0,1,,0,0,,116
South Africa,ZAF,2008,340.6979907130269,494.672536862774,14297.6887802632,65.9745237996233,51114599,0,0,1,,0,1,,116
South Africa,ZAF,2009,353.5594555173259,474.5122540247147,13910.7017093394,49.5875353278801,51728516,0,0,1,,0,1,,116
South Africa,ZAF,2010,349.9306380240607,467.35250361960703,14164.9958363115,50.4060871625999,52344051,0,0,1,,0,1,,116
South Africa,ZAF,2011,353.2852991019637,474.2727712311043,14434.2611456048,54.6363504358971,52995205,0,0,1,,0,1,,116
South Africa,ZAF,2012,350.4093443973946,461.4384223647473,14563.7624041032,55.5826171933345,53782567,0,0,1,,0,1,,116
South Africa,ZAF,2013,356.9847027994087,456.188000484004,14681.096638957,58.875027630051,54678791,0,0,1,,0,1,,116
South Africa,ZAF,2014,361.8747221225226,481.63784158439597,14643.3384782936,59.4995740550593,55594838,0,0,1,,0,1,,116
South Africa,ZAF,2015,350.29207575375216,457.4732300877473,14541.6748613669,56.7266761447156,56723537,0,0,1,,0,1,,116
South Africa,ZAF,2016,354.3672134874008,457.0497635919289,14501.2807823402,55.8612575048782,57259551,0,0,1,,0,1,,116
South Africa,ZAF,2017,347.4420719993305,440.010299229081,14573.5980840004,53.5359318293741,57635162,0,0,1,,0,1,,116
South Africa,ZAF,2018,355.36949048269554,453.7659938621168,14553.5615668957,54.4855451276341,58613001,0,0,1,,0,1,,116
South Africa,ZAF,2019,367.4807005165454,470.72740810814975,14352.6698709871,53.8979964081406,59587885,0,0,1,,0,1,,116
South Africa,ZAF,2020,335.338234466509,435.2976611282474,13250.5666594456,50.7596590804177,60562381,0,0,1,,0,1,,116
South Africa,ZAF,2021,328.0402825215505,439.4643745578905,13681.9548144813,56.1647136277546,61502603,0,0,1,,0,1,,116
South Africa,ZAF,2022,318.32323960017004,428.7821780890569,13767.4967589936,64.94713440234,62378410,0,0,1,,0,1,,116
South Africa,ZAF,2023,325.38132347513925,436.6041889079588,13695.3755694076,65.6798759740707,63212384,0,0,1,,0,1,,116
Zambia,ZMB,1990,1.5793335773814532,2.4071125970742693,2425.11128678382,,7786169,0,0,0,,0,0,,117
Zambia,ZMB,1991,1.8510785651705246,2.381811043834068,2364.86234039956,,7981650,0,0,0,,0,0,,117
Zambia,ZMB,1992,2.0054349889053795,2.4246927919185057,2268.49812195378,,8176680,0,0,0,,0,0,,117
Zambia,ZMB,1993,2.0872331714039194,2.4660066117065376,2365.62953630778,,8373921,0,0,0,,0,0,,117
Zambia,ZMB,1994,2.094025205712974,2.3932580688250416,2110.5832556481,66.6505948295585,8576269,0,0,0,,0,0,,117
Zambia,ZMB,1995,1.9690451570045697,2.142312865231692,2119.95642928697,69.2267746955964,8785763,0,0,0,,0,0,,117
Zambia,ZMB,1996,1.763293700120668,1.8379949544826488,2197.19564925242,63.8214821755312,9004053,0,0,0,,0,0,,117
Zambia,ZMB,1997,2.282320956498315,2.3541016168861675,2223.45745445731,58.272862622336,9237063,0,0,0,,0,0,,117
Zambia,ZMB,1998,2.4767971620113918,2.278458027568437,2157.57339335667,56.2503070199594,9482408,0,0,0,,0,0,,117
Zambia,ZMB,1999,1.9951489781266696,1.7776043922758116,2198.18912998648,59.7675342029156,9740005,0,0,0,,0,0,,117
Zambia,ZMB,2000,3.691701503769492,1.784113383292436,2220.5653712714,60.3874689884965,10017631,0,0,0,,0,0,,117
Zambia,ZMB,2001,3.9768475866393453,1.885603441298736,2268.96965564597,64.668282708979,10325185,0,0,0,,0,0,,117
Zambia,ZMB,2002,3.979665523786051,1.960891108142084,2299.33289188114,64.9164969990648,10647949,0,0,0,,0,0,,117
Zambia,ZMB,2003,3.886080566367012,2.0744129656387327,2383.87611741089,62.3128446757629,10983595,0,0,0,,0,0,,117
Zambia,ZMB,2004,3.9671690205233583,2.1041311130845997,2471.72073328685,70.8130749317722,11338198,0,0,0,,0,0,,117
Zambia,ZMB,2005,4.169054880289641,2.2425426137540483,2564.47560965912,62.200282191364,11718819,0,0,1,,0,0,,117
Zambia,ZMB,2006,4.922548288492371,2.2311181298515756,2673.46151928529,57.8568188739027,12129553,0,0,1,,0,0,,117
Zambia,ZMB,2007,5.704769074423832,2.297558527409262,2796.3529332184,65.7714586909068,12565085,0,0,1,,0,0,,117
Zambia,ZMB,2008,6.929008579573829,2.5530276633345395,2908.14362510668,59.4548891205874,13021324,0,0,1,,0,1,,117
Zambia,ZMB,2009,5.871851427348222,2.9398835607063414,3065.84420108998,56.1213809555165,13490389,0,0,1,,0,1,,117
Zambia,ZMB,2010,5.910693874076801,3.12084426916424,3266.50749293828,67.9009190299719,13965594,0,0,1,,0,1,,117
Zambia,ZMB,2011,7.692245397739196,3.379163576332909,3335.64339500657,72.7954324384283,14437796,0,0,1,,0,1,,117
Zambia,ZMB,2012,8.129954717514586,4.176835239093015,3474.55252844092,75.367709855907,14913629,0,0,1,,0,1,,117
Zambia,ZMB,2013,8.711540773941909,4.426548333667958,3535.22449043144,80.4562410213373,15398997,0,0,1,,0,1,,117
Zambia,ZMB,2014,9.912794688929544,5.2832607623376875,3585.57748507131,76.1934997276313,15895315,0,0,1,,0,1,,117
Zambia,ZMB,2015,9.57426666579324,5.52248789120433,3576.92544834125,79.8652687573958,16399089,0,0,1,,0,1,,117
Zambia,ZMB,2016,9.262223947674975,5.977866065618615,3598.17166023389,73.958561254616,16914423,0,0,1,,0,1,,117
Zambia,ZMB,2017,10.111385713575583,7.458887602508576,3612.50597664593,71.5856946542566,17441320,0,0,1,,0,1,,117
Zambia,ZMB,2018,10.633139330901722,8.657801333258417,3646.95966481655,74.8883695274665,17973569,0,0,1,,0,1,,117
Zambia,ZMB,2019,11.142123648973117,8.846335053194602,3591.56418883108,68.791204936096,18513839,0,0,1,,0,1,,117
Zambia,ZMB,2020,9.876199296507016,9.990585102483186,3391.59541156095,79.2068494095955,19059395,0,0,1,,0,1,,117
Zambia,ZMB,2021,9.896304691441541,9.34984532991236,3503.03491418372,86.2085111934645,19603607,0,0,1,,0,1,,117
Zambia,ZMB,2022,11.727887153709046,10.938910077069714,3585.12379084347,69.2973154193203,20152938,0,0,1,,0,1,,117
Zambia,ZMB,2023,12.705180925869755,11.830726710446205,3673.4841969922,78.2418870451485,20723965,0,0,1,,0,1,,117
Zimbabwe,ZWE,1990,12.873861040958301,15.537013225970753,6082.86879817619,45.6592519741447,10137281,0,0,0,,0,0,,118
Zimbabwe,ZWE,1991,12.717447738098127,15.490551610126625,6254.30182489626,51.0525098311358,10404816,0,0,0,,0,0,,118
Zimbabwe,ZWE,1992,13.41558963724283,16.702375823267126,5532.06136491672,63.7120651369356,10702700,0,0,0,,0,0,,118
Zimbabwe,ZWE,1993,12.152219897362588,16.031954890590118,5509.10697460818,63.1695153983783,10860288,0,0,0,,0,0,,118
Zimbabwe,ZWE,1994,12.657877912327173,17.382598477295687,6010.76845239051,71.1208615875549,10873148,0,0,0,,0,0,,118
Zimbabwe,ZWE,1995,10.75018053799847,15.017399812641912,5964.61521548597,79.156711173577,10974599,0,0,0,,0,0,,118
Zimbabwe,ZWE,1996,10.704096386697731,14.894246099088079,6474.18822514185,72.068361086766,11158360,0,0,0,,0,0,,118
Zimbabwe,ZWE,1997,10.307356709637158,13.900991885446137,6524.0909161522,82.2035387860323,11369827,0,0,0,,0,0,,118
Zimbabwe,ZWE,1998,9.796114577703653,14.12747466189539,6582.37693012492,88.5133289098786,11594297,0,0,0,,0,0,,118
Zimbabwe,ZWE,1999,9.947946409552504,15.72410530758604,6423.73669198371,70.9210813961962,11783458,0,0,0,,0,0,,118
Zimbabwe,ZWE,2000,11.978158837210875,13.814538377085347,6170.36063450551,74.0708923168864,11892055,0,0,0,,0,0,,118
Zimbabwe,ZWE,2001,11.502453213699832,12.508721778939849,6217.43872434863,67.8980938686723,11971901,0,0,0,,0,0,,118
Zimbabwe,ZWE,2002,12.079174334874486,11.895839064718482,5610.21576859697,66.8098183680706,12087653,0,0,0,,0,0,,118
Zimbabwe,ZWE,2003,12.494715606537493,10.609582771370379,4601.68067845787,70.4519675420993,12232323,0,0,0,,0,0,,118
Zimbabwe,ZWE,2004,10.411409248933987,9.428642407624416,4287.61686326352,76.0394249806318,12365896,0,0,0,,0,0,,118
Zimbabwe,ZWE,2005,11.518178736152226,10.698489122419367,4004.68178301248,76.043068640646,12483432,0,0,1,,0,0,,118
Zimbabwe,ZWE,2006,11.123904995898979,10.365460892538358,3819.24997116607,82.8200302932942,12636445,0,0,1,,0,0,,118
Zimbabwe,ZWE,2007,10.87446384938779,9.835160983266112,3631.55334530411,84.1682798999008,12804058,0,0,1,,0,0,,118
Zimbabwe,ZWE,2008,10.02448172095896,7.720093848269243,2954.11211916469,109.523540063377,12959149,0,0,1,,0,1,,118
Zimbabwe,ZWE,2009,9.351515449033577,8.249768733942032,3299.42808702922,61.7764909650234,13142790,0,0,1,,0,1,,118
Zimbabwe,ZWE,2010,8.919561825758882,8.754012063828414,3885.41061373756,83.1234047851259,13356548,0,0,1,,0,1,,118
Zimbabwe,ZWE,2011,9.996715230691573,10.363198980277428,4358.94470674386,89.4659437238642,13595424,0,0,1,,0,1,,118
Zimbabwe,ZWE,2012,11.69480027058191,11.257432996161036,5003.50873397069,74.1627003825153,13817887,0,0,1,,0,1,,118
Zimbabwe,ZWE,2013,12.073594753108551,11.671373612638437,5031.70923825425,58.6560737143829,14013808,0,0,1,,0,1,,118
Zimbabwe,ZWE,2014,12.812312552316701,11.946148142620535,5081.13441232186,54.6717592473918,14207359,0,0,1,,0,1,,118
Zimbabwe,ZWE,2015,13.312492823401536,12.01679447954205,5102.73642537223,56.7496526604333,14399013,0,0,1,,0,1,,118
Zimbabwe,ZWE,2016,13.23875868877963,10.588242025813283,5070.42413209981,51.2190376594477,14600294,0,0,1,,0,1,,118
Zimbabwe,ZWE,2017,11.052083133350232,9.830570382408299,5234.4065377844,55.028317831061,14812482,0,0,1,,0,1,,118
Zimbabwe,ZWE,2018,12.351147912815714,11.209237967245409,5415.49322028193,54.55031658746,15034452,0,0,1,,0,1,,118
Zimbabwe,ZWE,2019,11.626647552735875,10.266794550862778,4993.86546928208,36.5178684980287,15271368,0,0,1,,0,1,,118
Zimbabwe,ZWE,2020,10.481925427431928,8.49083908199591,4527.73949219254,31.8225698755474,15526888,0,0,1,,0,1,,118
Zimbabwe,ZWE,2021,12.359282736291437,10.222778245933053,4827.10960165994,34.9401169482991,15797210,0,0,1,,0,1,,118
Zimbabwe,ZWE,2022,13.611953888059,12.231845304114334,5036.78317732239,43.6150764298492,16069056,0,0,1,,0,1,,118
Zimbabwe,ZWE,2023,15.319530590813219,13.443294640074944,5218.04526596398,40.2912612046942,16340822,0,0,1,,0,1,,118
